Id,Type,Code,Name,Address1,Address2,Town,County,Country,PostCode,Telephone,FAX,Group_1,Group_2,Group_3,Group_4,Text_1,Text_2,Text_3,Text_4,Text_5,Number_1,Number_2,Number_3,Number_4,Number_5,Notes,Last_Update,Last_User,EMailNumber,Link_1,Link_2,Link_3,Link_4,Link_5,Checksum,NI_Building_Type,NI_Building_Category,Status,Number_6,Number_7,Number_8,Number_9,Number_10,Text_6,Text_7,Text_8,Text_9,Text_10,Factor_Region_Id,Latitude,Longitude,transaction_datetime
20180,,2371107,Points Heating - Cardiff West Canal Wharf,Below rail overbridge (south side) St Marys Street,,Cardiff,,United Kingdom,CF10 5BT,,,1123,0,20,676,,,,,,0,0,0,0,170,"From Cardiff Central main entrance head west on Saunders Road then left onto Penarth Road.  At lights turn right onto St Mary's follow road under railway bridge, cabinet located on the right on public footpath. Access is via West Canal Wharf in Cardiff. DNO location is to the south side of the rail bridge on the west side of St Marys Street. Location is distuinguishable by a blue clad fascia with a door centrally located. The DNO itself is located inside, underneath the archway. Access is by use of a BR1 key. WPD / meter installer to contact Trevor Holt  - Atkins 07834 507720 for access.


Connection voltage / Phase [single / three] : 230V
Supply is CT or Whole Current : Whole current
Agreed Supply Capacity (kVA) : 15 KVA
Fuse Rating (Amps) : 60A
Maximum Demand [kW] (if MD tariff) : 15 KVA
Estimated Annual Consumption (kWh) : 3500 KWH
Tariff : Night & Day",2025-03-04 17:34:24.0000000,Drew.Gallagher,,,C:\Network Rail\DocumentStore\Cardiff West Canal Wharf - Points Heating-2371107,,,,-438039005,0,0,278,398,5,0,0,894031,SWM2,,Wales & Western,Wales,Cardiff,280,51.47579,-3.176169,09-10-2025 09:02:47
11484,,4249211,PH(+) - Salisbury Old CSR and Country End PH (Closed),Network Rail Compound,Off Churchfields Road,Salisbury,Wiltshire,,SP2 7NN,,,1092,0,0,676,,,,,,0,0,0,0,83,"Directions from Salisbury Station:
1.0    Exit Salisbury Station via Platform 5/6 side.
2.0    Turn right into Churchfields Road.
3.0    Proceed past the car park to an entrance to a Network Rail Depot on the right.
4.0    There is an access gate to the compound at this entrance immediately on the right.
5.0    The meter is in the brick walk-in cabinet in the far right corner of the compound.

mpan not in ecoes as @ 3/6/2019

",2025-07-31 13:00:28.0000000,George.Murray@networkrail.co.uk,,Salisbury Old CSR and Country End Points Heating (-4249211,,,,,-339494150,0,0,276,1139,0,0,0,0,BAE1,,Southern,Wessex,Outer,280,0,0,09-10-2025 09:02:38
12738,*,7405070,Basingstoke ROC - gas,Basingstoke Campus,Gresley Road,Basingstoke,Hampshire,,RG21 4QE,,,1122,0,0,678,,," ",,4th November 2019,0,0,0,0,50,"HOW TO GET THERE
Exit the ROC at the main front door and turn right.  Walk to the end of the building and turn right down the side.  proceed a little way; the walk-in cabinet is on the left adj the fenceline.  Walk in GRP building situated within the ROC compound between the ROC building and the perimeter fence adjoining Gresley Road.

METER LOCATION
Inside the green GRP cabinet.

NOTES
CCC2 key

PARKING
At the ROC

Old Site Codes:
Water - 7405071",2025-06-23 10:41:24.0000000,George.Murray@networkrail.co.uk,,Basingstoke ROC (GAS)-7405070,,,,,960650826,0,0,278,1311,0,0,0,113671,BKE,,Southern,Wessex,Outer,280,51.27195,-1.07216,09-10-2025 09:02:40
1144,,2320299,Bleasby Level Crossing,Station Road,Bleasby,Nottingham,,,NG14 7GD,,,1117,0,0,671,10/06/2014,Yes - Siemens AMR Phase 2,"901031 IMDM, Derby, Indirect",,,0,0,0,0,10,"DNO in fenced compound near barrier.

what3words ///reclined.simple.noble

key 222 to get in compound, key RC27 for DNO

RHS of case",2026-01-21 14:47:28.0000000,rob.dickinson@networkrail.co.uk,,Bleasby Level Crossing-2320299,,,,,0,0,0,278,1210,7,901031,0,118619,NOB1,,Eastern,East Midlands,Derby,280,0,0,22-01-2026 04:00:26
7623,,8201004,Selby West Signal Box (Closed),Doncaster Road,SELBY,North Yorkshire,,,YO8 4AU,,,1092,0,0,674,,No,No,,,0,0,0,0,0,"Site Location - Take A19 Doncaster Road out of Selby Level crosssing is 400 m approximately after junction with A63.
Site Access - Not Known
Site Usage Notes - Signal box  points heating; Railtrack             No other usage RT
Operational Circuits Supplied - points heating  signal box domestics  opps coms telecoms  s&t supply",2022-07-29 15:14:10.0000000,Bradley.France@networkrail.co.uk,,Selby West Signal Box-8201004,,,,,-1916016010,0,0,276,880,0,0,0,0,HUL3,,Eastern,North & East,York,280,0,0,09-10-2025 09:02:30
5403,*,3534001,St Austell Station Signals Supply,St. Austell Station,High Cross,St. Austell,,,PL25 4LA,,,1092,0,0,0,,,No,,,0,0,0,0,286,"Site Location - Once in St. Austell well signposted.
Site Access - Not known.
Site Usage Notes - No other usage.",2017-03-14 14:10:53.4170000,Andrew Vickers,,St. Austell Station Signals Supply-3534001,,,,,27406875,0,0,0,572,0,0,0,0,MLN3,,Western,Plymouth,Plym-Par,280,0,0,09-10-2025 09:02:24
5621,,4502005,Aynho Junction Points Heating (Closed),Nellbridge Farm,Banbury Road,Aynho,Oxford,,OX17 3NX,,,1092,0,0,666,24/08/2011,Yes - EDF Phase 1,"856031 IMDM, Saltley, Indirect",,16/06/2016 TSB,0,0,0,0,81,"Site Location - From  Aynho on B4100 go over M40 turn left 1/4 mile onto access road to Nellbridge farm.  Go through farm buildings and  follow access track to double gates.
Site Access - Route through farm is between cow sheds and house  turn right after buildings on track to gates. access via track access gate.
Site Usage Notes - Also feeds cabin. 3 RATE METER.rdg7/9/99 1)084189-2)105022-3)107663     rdg 19/1/00 (1)09613 (2)119763 (3)121565

D-UH Form submitted 18/05/2016 TSB",2021-01-19 10:39:07.0000000,Terry Bleasdale,,Aynho Junction Points Heating-4502005,,,,,3644750,0,0,276,152,5,856031,0,0,DCL,,X-Deleted,Old record,Saltley,280,0,0,09-10-2025 09:02:24
1471,,2330216,Cattal Point Heating,Cattal Station,Station Road,Cattal,YORK,,YO26 8EB,,,1117,0,0,674,14/11/2011,Yes - EDF Phase 1,"848031 IMDM, York, Indirect",,,0,0,0,0,10,"Site Location - A59 (From York) take left to Cattal. Continue along Station Road  left into station Car Park before level crossing.
Site Usage Notes - Point Heating RT",2025-03-04 17:30:38.0000000,Drew.Gallagher,,Cattal Point Heating-2330216,,,,,1811480467,0,0,278,440,5,848031,0,118615,HAY1,,Eastern,North & East,York,0,0,0,09-10-2025 09:02:12
18656,,4142837,CRH - Three Bridges Up Slow Plat. 2 CRH1 (02929-S-01),Three Bridges Station,,Sussex,,,RH10 7AA,,,1122,0,0,0,,Yes - EMig Con Rail Sub Meter,Yes NTfT,,,0,0,0,0,29,,2025-07-31 13:00:17.0000000,George.Murray@networkrail.co.uk,,Three Bridges Up Slow Plat. 2 CRH1 (02929-S-01)-4142837,,,,,-1872945899,0,0,278,638,14,0,0,113671,VTB3,U,Southern,Sussex,Brighton,280,0,0,09-10-2025 09:02:44
939,,2310299,Colchester North FTN (CCOA).,Wilson Marriage Road,Colchester,Essex,,,CO4 0QH,,,1117,0,0,670,11/11/2014,Yes - Siemens AMR Phase 2,"820031 IMDM, Ipswich, Indirect",,,0,0,0,0,53,Site is located at the end of alleyway road off Wilson Marriage Road in fence line,2025-03-04 17:30:07.0000000,Drew.Gallagher,,Colchester North FTN (CCOA).-2310299,,,,,-97454050,0,0,278,29,0,820031,0,820031,LTN1," ",Eastern,Anglia,Ipswich,0,0,0,09-10-2025 09:02:04
6377,,5942001,LC - Dean Hill AHB,Dean Hill Barn Farm,East Dean,Salisbury,Wiltshire,,SP5 1HB,,,1122,0,0,676,,,"881031 IMDM, Eastleigh, Indirect",,16th March 2018,0,0,0,1,86,"HOW TO GET THERE
Site Location - Exit Dean Station turn left then left  then sharp left again into East Dean Road.  Follow to crossing.

METER LOCATION
The cabinet is on the opposite side of the crossing to the REB.

NOTES.
Site Access - 221 / LT205  key for cabinet.
Site Usage Notes - Level Crossing Superloc. and cabinet domestics
WHOLE CURRENT, single phase, 230v
it opens to verge in the lane.  parking on nearby verges.

PARKING
at LC",2025-07-30 10:55:32.0000000,George.Murray@networkrail.co.uk,,Dean Hill AHB Level Crossing-5942001,,,,,-2067350122,0,0,278,1259,7,881031,0,113671,RTJ2,,Southern,Wessex,Outer,280,51.03961,-1.601853,09-10-2025 09:02:27
12526,,E2351277,GSMR - Windygates (6637),Station Road,Windygates,Leven,,Scotland,KY8 5DB,,,1121,0,36,672,18/2/2014,Yes - UPL,"860031 IMDM, Edinburgh, Indirect",,,0,0,0,0,3,,2025-03-04 17:32:52.0000000,Drew.Gallagher,Utilities Scotland <UtilitiesScotland@networkrail.co.uk>,Windygates GSMR 6637-2351277,,,,,-1490363073,0,0,278,1490,6,860031,0,860031,MTL1," ",Scotland's Railway - Scotland,Delivery Units,Edinburgh DU,280,0,0,09-10-2025 09:02:40
1337,,2330020,Cliffe CCTV Level Crossing,York Road,Cliffe,Selby,North Yorkshire,,YO8 3BA,,,1117,0,0,674,03/04/2014,Yes - Siemens AMR Phase 2,"848031 IMDM, York, Indirect",,,0,0,0,0,28,"Site Location - From A19 take A63 turn off at sign for Cliffe go along York Road to Level Crossing
Site Access - Before Level Crossing turn right into Station Lane
Site Usage Notes - RT
Steel cabinet located in fence line at the side of road next to barrier.
According to google maps use postcode YO8 6NW.",2025-03-04 17:30:59.0000000,Drew.Gallagher,,Cliffe CCTV Level Crossing-2330020,,,,,-2096547216,0,0,278,40,7,848031,0,118615,HUL1,,Eastern,North & East,York,0,0,0,09-10-2025 09:02:12
6130,,5611002,PH - Whitton Hospital Bridge Road   CLOSED,Thames Ditton,By Bridge Farm Nursery,Whitton Thames Ditton,Surrey,,KT70,,,1092,0,0,666,,,"880031 IMDM, Clapham, Indirect",,,0,0,0,0,12,"Site Location - At Percy Road  first right into Montrose Av.  to Jcn with 
B356 hospital Bridge Rd  at hospital turn right  follow hospital bridge turn right  follow Hospital Bridge road to bridge over the railway.
Site Access - Triangular key required for meter cupboard and 37 key access gate.
Site Usage Notes - Points Heating (2 sets) no other usage.
Frank M confirms disconnected 10/3/15   replaced by 4249599
Email confirming disconnection in ECOES on 26/1/2015 received on 5/1/2021",2025-07-31 13:00:28.0000000,George.Murray@networkrail.co.uk,,Whitton Hospital Bridge Road Point Heating - CLOSE-5611002,,,,,-1570293846,0,0,276,1709,5,880031,522000,113671,RDG1,,Southern,Wessex,Inner,280,0,0,09-10-2025 09:02:24
1340,,2330023,Retford Station Subway Lighting (Unmetered),Retford Station,RETFORD,Nottinghamshire,,,DN22,,,1117,0,0,671,,No - Unmetered,"847031 IMDM, Sheffield, Indirect",,,0,0,0,0,64,"Site Location - Follow signs for Retford Station  Subway is on station approach  leads under tracks to other side of station.
Site Usage Notes - Subway Lighting RT",2025-03-04 17:30:23.0000000,Drew.Gallagher,,Retford Station Subway Lighting (Unmetered)-2330023,,,,,-1688334111,0,0,0,450,10,2001,0,118614,MAC3,,Eastern,North & East,Sheffield,0,0,0,09-10-2025 09:02:12
386,,1897002,Sileby Relay Room,Sileby,,Leicestershire,,,LE12 7LW,,,1117,0,0,667,19/10/2014,Yes - Siemens AMR Phase 2,"901031 IMDM, Derby, Indirect",,,0,0,0,0,106,"Site Access - Not Known
Site Usage Notes - No Other Usage ?
NETWORKRAIL YARD METER IS SITUATED IN SMALL ROOM BEHIND 1ST CONTAINER",2025-03-04 17:30:21.0000000,Drew.Gallagher,,Sileby Relay Room-1897002,,,,,1280136884,0,0,278,0,3,901031,522000,118619,SPC5,,Eastern,East Midlands,Derby,0,0,0,09-10-2025 09:02:04
8156,,E9795004,ECR (+) - Cathcart - [GSMR],100 Carmunnock Road,Cathcart,Glasgow,Lanarkshire,Scotland,G44 4UN,,,1121,0,72,680,14/10/2014,Yes - Siemens AMR Phase 2,"863031 IMDM, Glasgow, Indirect",,,800,0,0,0,0,"Site Location - southwards along Carmunnock Road  after junction with King s Park Road pass under first rail over road bridge and ECR is 2-storey building on r.h.s. (immediately before Bowling Club entrance); entry buzzer at r.h.s. of security gate
Site Access - via buzzer/cctv controlled security entrance gate and door from Carmunnock Road
Site Usage Notes - ECR + FTN site CTSC
LOCATED ON THE TOP FLOOR OF THIS BUILDING IN A ROOM TO THE LEFT YOU WILL NEED TO SIGN IN FIRST METER IN LOCATED IN A METAL CABIN INSIDE THE ROOM. NEED AT LEAST 1 WEKS NOTICE PRIOR TO INSTALL ALSO A MARTIN GREGG AND A JOHN JOYNSON NEED TO BE INFORMED THEY ARE MANAGERS IN THIS OFFICE
Survey 12/08/14 - THERE IS 50M TAILS GOING INTO BLOCKS AND 25M TAILS COMING OUT OF BLOCKS",2025-03-04 17:32:38.0000000,Drew.Gallagher,Utilities Scotland <UtilitiesScotland@networkrail.co.uk>,Cathcart ECR-9795004,,,,,-1004691493,0,0,278,0,2,5001,0,116155,CNC," ",Scotland's Railway - Scotland,Operations,Cathcart ECR,280,0,0,09-10-2025 09:02:30
6423,,5965035,"TOC - Vauxhall Station and PH - CLOSED  ",Vauxhall Station,South Lambeth Road,London,,,SW8 1SS,,,1092,0,0,666,,,No,,11th April 2017,0,0,0,0,1,"Site Location - Vauxhall Station
Site Access - Advise station supervisor prior to meter reading  CCC2 key to meter 
door.
Site Usage Notes - Also feeds Point Heating (Railtrack) and Permenant Way 
cabin (AMEC Rail).
i/c from SSWT.  For the year 2011/12 it was £1151-00
As @ 11/4/17 FGM survey - there were no switches in Vauxhall station for pts htg

MPAN de-energised 5 November 2013",2025-07-31 13:00:38.0000000,George.Murray@networkrail.co.uk,,Vauxhall Station and Points Heating-5965035,,,,,-412855836,0,0,276,674,0,0,0,113671,RDG1,,Southern,Wessex,Inner,280,0,0,09-10-2025 09:02:27
3708,,2360211,REB(+) - West Barnes Lane CCTV LC & REB,adj No. 123 West Barnes Lane,New Malden,Surrey,,,KT3 6HP,,,1122,0,0,666,17/10/2014,Yes - Siemens AMR Phase 2,"880031 IMDM, Clapham, Indirect",,29th January 2018,0,0,0,0,9,"HOW TO GET THERE
Site Location - 
1.0 Exit Raynes Park Station approach road and turn left onto A238 Combe Lane then left onto B282 Barnes Lane. 
2.0 Go under rail bridge and flyover.  
3.0 Then turn left into West Barnes Lane  continue to Level Crossing.

METER LOCATION
On Railway land at the crossing

NOTES
Site Access - CCC2 key for cabinet and 37 key for gate. Opens to Railway land
Site Usage Notes - Level Crossing lights and Superloc REB.
NON HH
WHOLE CURRENT, single phase, 230v

PARKING
There is free parking on Linkway Road off West Barnes Lane about 60 yards from site",2025-07-30 10:55:54.0000000,George.Murray@networkrail.co.uk,,West Barnes Lane CCTV Level Crossing-2360211,,,,,-1326271566,0,0,278,391,7,880031,522000,113671,RPE,,Southern,Wessex,Inner,280,51.40197,-0.236662,09-10-2025 09:02:19
8194,,E9936003,PSP - Polmont,off Station Road,Polmont,Falkirk,,Scotland,FK2 0UD,,,1121,0,53,680,28/09/2009,Yes - SP Metering (Dataserve),"860031 IMDM, Edinburgh, Indirect",,,0,0,0,0,24,"Site Location - in Polmont turn onto B810  Station Road  and follow <south> to station (entrance on r.h.s. immediately before road over rail bridge); TR into lane - stn car park on l.h.s.  Bowling Club on r.h.s. and follow approx 500m to Relay Room/signal box compound
Site Access - via vehicle access gates at west end of compound (adjacent to radio mast)
Site Usage Notes - signalling supply point, Relay Room domestics, Signal Box, point heating via DK2 (to CCs 2  3 & 4) - total heating load = 18.4kW, NRN channel 068
",2025-03-04 17:32:44.0000000,Drew.Gallagher,Utilities Scotland <UtilitiesScotland@networkrail.co.uk>,Polmont Relay RoomSB-9936003,,,,,314964469,0,0,278,1150,3,5001,0,860031,EGM1," ",Scotland's Railway - Scotland,Delivery Units,Edinburgh DU,280,0,0,09-10-2025 09:02:30
9140,,2310381,Angel Road GSM-R (2015) Disconnected,Meridian Way,Upper Edmonton,Enfield,London,,N18 3HF,,,1117,0,0,666,21/07/2010,Yes - UPL,"822031 IMDM, Tottenham, Indirect",,,0,0,0,0,7,"From Angel Road Railway Station: South on Meridian Way until Tesco store, kiosk located opposite.
Disconnection requested 05/12/18...JKB
Disconnected 12/02/19

Please find attached Disconnection Certificate No 22774, for supply below. Please attach to SystemsLink record.
Meter is yet to be removed… It will be tomorrow - along with kiosk.
This supply was replaced by new supply MPAN 1050001540171 in July 2018. 
Disconnection requested 05/12/18.
Disconnected 12/02/19
Account continues to bill… replacement supply is costing 3x original for same consumption @ £300+
",2025-03-04 17:30:08.0000000,Drew.Gallagher,,Angel Road GSM-R (2015)-2310381,,,,,1485440140,0,0,0,936,6,822031,0,822031,BGK," ",Eastern,Anglia,Tottenham,280,0,0,09-10-2025 09:02:32
7133,,7187008,Ramsey Road AHB Railway Crossing,Ramsey Road,Whittlesey,Peterborough,,,PE7 2AA,,,1117,0,0,670,24/07/2014,Yes - Siemens AMR Phase 2,"822031 IMDM, Tottenham, Indirect",,,0,0,0,0,95,"Site Location - To  Whittlesea on A605 from March  turn left on B1040 to Ramsey Road. Crossing is ahead.
Site Access - Key no. 3A751
Site Usage Notes - No other usage",2025-03-04 17:29:58.0000000,Drew.Gallagher,,Ramsey Road AHB Railway Crossing-7187008,,,,,346722737,0,0,278,28,7,822031,0,822031,EMP,,Eastern,Anglia,Tottenham,0,0,0,09-10-2025 09:02:27
12529,,E2341417,Cowburn Tunnel East GSMR 4031,Nr Whitmore Lea Farm,Barber Booth,Edale,Hope Valley,Derbyshire,S33 7ZJ,,,1120,0,36,667,27/06/14,Yes - UPL,"854031 IMDM, Manchester, Indirect",Delivery Units,14/01/2019 TSB,0,0,0,0,170,"Follow roadway to Upper Booth past the Barber Booth  car park and turn to the left tehn right over cattle crossing and follow trackway to Dalehead  Bunkhouse.
meter in 2nd cubicle nearto the tunnel mouth
SIM Swap 14/01/2019",2025-03-04 17:32:06.0000000,Drew.Gallagher,,Cowburn Tunnel East GSMR 4031-2341417,,,,,-1881486991,0,0,278,795,6,854031,0,854031,MAS," ",LNW,North West,Manchester,280,0,0,09-10-2025 09:02:40
22754,,ABD17110,22 SOUTH COLLEGE STREET-ARCH," ",Aberdeen,Aberdeen,Aberdeenshire,,AB11 5RJ,,,1126,0,0,0,,,,,,0,0,0,0,0,,2025-03-12 12:24:11.0000000,Grace.Emmence,,,,,,,1021478628,0,0,1112,0,0,0,0,705210,,,Scotland Commercial Property,Scotland,Retail/storage space,0,0,0,09-10-2025 09:02:52
9437,,2310420,Thetford North GSM-R (3145),Footpath off Hawthorn Walk,Thetford,Ipswich,,,IP24 2TF,,,1117,0,0,670,01/02/2011,Yes - UPL,"822031 IMDM, Tottenham, Indirect",,,0,0,0,0,94,"Site Directions - From Thetford railway Station: North on Station Lane to junction with A1066, Mundford Road. Sharp right and South to second turning on left, Churchill Road. Follow until fourth left into Admirals Way.  Fourth left into Hawthorn Way to end and Hawthorn Walk. Follow this footpath for 65m to a path diverging on the left towards railway line.",2025-03-04 17:30:12.0000000,Drew.Gallagher,,Thetford North GSM-R (3145)-2310420,,,,,685314857,0,0,278,979,6,822031,522000,822031,ETN," ",Eastern,Anglia,Tottenham,0,0,0,09-10-2025 09:02:32
6576,,6172005,Sandy Standby Signalling Supply,Sandy Station,Sandy,Bedfordshire,,United Kingdom,SG19 1AW,,,1117,0,0,666,27/01/2015,Yes - Siemens AMR Phase 2,"843031 IMDM, Hitchin, Indirect",,26/8/2010,0,0,0,0,43,"Site Location - B1042 to Sandy, at east end of High Street turn<south> onto Station Road (passing station access on l.h.s.) onto New Road and 280m to r.h.bend; access gate to RR/standby signalling supply building on l.h.s. at bend
Site Access - via AWR
Site Usage Notes - No other usages. RT
",2025-03-04 17:30:01.0000000,Drew.Gallagher,,Sandy Standby Signalling Supply-6172005,,,,,1073424667,0,0,278,1690,3,2001,522000,118617,ECM1,,Eastern,East Coast,Peterborough,0,0,0,09-10-2025 09:02:27
4762,*,2377008,Exeter Central MDU & TOC (Gas),Exeter Central Station,Queen Street,Exeter,Devon,,EX4 3SB,,,1092,0,0,0,,,Yes,,,0,0,0,0,171,"Site Location -  Exeter Central Railway Station platform 2.
Site Access - Through station ticket barrier down to platform 2 turn left at bottom of stairs to platform end
Site Usage Notes - Supplies four large boilers and a water heater that supplies heating and hot water to NR offices/buiness block MDU and station",2019-07-15 15:05:48.0000000,Clare Rich,,Exeter Central Station & IMU (Gas)-2377008,,,,,547103772,0,0,276,660,11,892031,0,892031,BAE2,,Western,Plymouth,Exeter-Newton Abbott,280,0,0,09-10-2025 09:02:21
18436,,4142617,CRH - Preston Park Down Main Plat. 3 CRH1 (04926-S-01),Preston Park Station,,Brighton,,,BN1 6SH,,,1122,0,0,0,,Yes - EMig Con Rail Sub Meter,Yes NTfT,,,0,0,0,0,49,,2025-07-31 13:00:15.0000000,George.Murray@networkrail.co.uk,,Preston Park Down Main Plat. 3 CRH1 (04926-S-01)-4142617,,,,,1966466193,0,0,278,572,14,0,0,113671,VTB3,U,Southern,Sussex,Brighton,280,0,0,09-10-2025 09:02:44
3880,,2360395,"REB - Farlington Junction REB - Clobal Crossing, not NR CLOSED",Station Road,Farlington,Cosham,Hampshire,,PO6 1PL,,,1092,0,0,678,,,No,,,0,0,0,0,90,"Site Location - Exit Cosham Station  turn right into High Street  then right into Havant Road continue on 
then right into Station Road continue to bend at end of road by railway boundary fence.  
The cabinet is to the left of the access gate.
Site Access - Triangular key for cabinet.
Site Usage Notes - Racal telephone REB.",2025-07-31 13:00:29.0000000,George.Murray@networkrail.co.uk,,Farlington Junction REB-2360395,,,,,426142981,0,0,276,1709,3,0,0,0,FJJ,,Southern,Wessex,Outer,280,0,0,09-10-2025 09:02:19
5778,,5071002,PH - Otford Junction,Otford Junction,Otford,Sevenoaks,Kent,,TN14 5EZ,,,1122,0,0,677,24/06/2015,Yes - Siemens AMR Phase 2,"113658 IMDM, Orpington, Indirect",,,0,0,0,0,24,"Site Location - Exit Otford Station turn left onto the A225 towards Sevenoaks turn left just past garage  sign posted to cemetery then left to Long Lodge Farm and follow the rough track to the railbridge track access gate leading to the cubicle on right.
Site Access - Abloy key to gate. CCC2 key for cabinet.
Site Usage Notes - Also feedsT.P. hut supply
IN BRICK CUBICLE AT THE BOTTOM OF THE EMBANKMENT",2025-07-30 10:55:48.0000000,George.Murray@networkrail.co.uk,,Otford Junction Points Heating-5071002,,,,,-724782986,0,0,278,1123,5,113658,0,113671,SBJ,,Southern,Kent,Orpington,280,0,0,09-10-2025 09:02:24
8522,,DLMG,Port Glasgow - Devol Moor,NR Substation,Glenburn Street,Port Glasgow,,,PA14 5DE,,,1092,0,0,680,,,No,,,0,0,0,0,0,"Site Access: Iain McDougall.
Import Capacity: 6,500kVA; Export Capacity: 0kVA.
///apron.shaves.clutches

",2024-04-23 13:23:04.0000000,Alan Bullock,,Port Glasgow-DLMG,,,,,1495497046,0,0,278,170,0,0,0,0,WYS,E,Traction,Scotland,,280,55.93568,-4.70358,09-10-2025 09:02:32
10836,,E2341436,Ryton NDS Depot (CLOSED),Unit 2,Prologis Park Ryton,Oxford Road,Ryton,,CV8 3EA,,,1092,0,0,667,,,"847031 IMDM, Sheffield, Indirect",Depot,07/01/2021 TSB,0,0,0,0,0,"Adjacent to the green GRP HV substation located close to the site car park entrance and cycle racks. key held at Security gatehouse key 15

LEFT SITE 31/12/2020 NPower ADVISED 05/01/2021",2022-06-20 14:43:58.0000000,Terry Bleasdale,,Ryton NDS Depot-2341436,,,,,1020913396,0,0,276,0,1,3001,522000,857031,LWA,,X-Deleted,Old record,Sandwell & Dudley,280,0,0,09-10-2025 09:02:38
8191,,W9931005,Other - Greenhill Junction Emergency Panel (Water),Dalnair Road,,Bonnybridge,,Scotland,FK4 2HA,,,1121,0,58,0,,,Yes,"gate in boundary wall, mtr encl. inside R of gate",,0,0,0,0,17,"Site Location - from A80(T) onto B816 past Wardpark Ind. Est.  through  Castlecary and on to Allendale (passing over A80 - Castlecary Viaduct on r.h.s); approx 1km after Allendale TR onto Dalnair Rd  follow over SCM3 and TL immediately after passing under EGM1, 270m to RR building on r.h.s.

meter access - gate in boundary wall, on lhs 20m before relay room - 534 padlock  to  fenced  green zone at top of steps

NOTE: SB 'abolished' dec17",2025-03-04 17:32:25.0000000,Drew.Gallagher,Utilities Scotland <UtilitiesScotland@networkrail.co.uk>,Greenhill Junction signal box-9931005,,,,,927251572,0,0,278,620,0,0,0,860031,EGM1,,Scotland's Railway - Scotland,Delivery Units,Edinburgh DU,280,0,0,09-10-2025 09:02:30
10140,,2370886,Remote Monitoring (HABD) + - Dinas Powys Station,Off Heol Y Ffrenhines,Dinas Powys,Penarth,Cardiff,,CF64 4UH,,,1123,0,25,676,07/08/2012,Yes - UPL,"894031 IMDM, Cardiff, Indirect",,,0,0,0,0,4,"Site Directions: Start from Penarth Station...
1.turn right out of station onto Stanwell Rd, leading onto Cornerswell Rd, go through one roundabout, 0.62 miles
2. Turn right at end of road onto Redlands Rd/B4267, 0.78 miles
3. At junction turn left onto Cardiff Rd/A405, 1.48 miles
4. Turn right onto Heol Y Frenhines, follow road to end, 0.26 miles
5. Turn right towards a dead end, on the left small access lane, destination at end.
Usage - HABD",2025-03-04 17:34:32.0000000,Drew.Gallagher,,Dinas Powys Station - GSM-R 3303 & HABD-2370886,,,,,1295243087,0,0,278,887,6,894031,0,894031,BRY," ",Wales & Western,Wales,Cardiff,280,51.42821,-3.223462,09-10-2025 09:02:35
2338,,E2340448,Sutton Weaver Bridge No.6 Guard (CLOSING),Chester Road,Sutton Weaver,Runcorn,Cheshire,,WA7 3EX,,,1120,0,0,679,12/03/2008,Yes - SP metering (Dataserve),"852031 IMDM, Liverpool, Indirect",MISC,30/03/2021 TSB,0,0,0,0,177,"Site Location - Continue along the A56  Chester Road from the Frodsham direction towards Sutton Weaver and continue to Bridge No.6
Site Access - Access from the pavement under the bridge and walk around the wooden fence
Meter Location: Located in the 2nd  galvanised steel cabinet behind the wooden fence and adjacent to the bridge abutment  triangular key required only
MEx14/09/2020
De energised 30/03/2021",2025-05-21 07:43:57.0000000,Terry Bleasdale,,Sutton Weaver Bridge No.6 Guard-2340448,,,,,-1254763686,0,0,276,324,0,852031,522000,852031,WJL1,,LNW,North West,Liverpool,280,0,0,09-10-2025 09:02:16
6127,,5605003,RR(+) - Shepperton RR and PH,Railway fenceline,opp no. 3a Linden Way,Shepperton,Middlesex,,TW17 8BW,,,1122,0,0,666,02/10/2014,Yes - Siemens AMR Phase 2,"880031 IMDM, Clapham, Indirect",,14th October 2015,0,0,0,0,18,"HOW TO GET THERE
Site Location - Turn down station approach at end of which turn right and right again into old Charlton Rd. for about 200 metres and then right into Crescent Rd. Turn off into Linden Way to Railway Boundary fence.

METER LOCATION
Fenceline, opposite no. 3a Linden Way

NOTES
Site Access - CCC2 Key to access meter cabinet - in fenceline, opens to street - note no pavement here, just the road
Site Usage Notes - point heating and relay room.
WHOLE CURRENT, single phase, 230v

PARKING
residential close by but note it is busy.  parking is down one side of the narrow road only
",2025-07-30 10:55:55.0000000,George.Murray@networkrail.co.uk,,Shepperton Relay Room and Points Heating-5605003,,,,,-115789721,0,0,278,1227,9,880031,522000,113671,NMS2,,Southern,Wessex,Inner,280,51.39807,-0.444865,09-10-2025 09:02:24
22672,,2371239,Signalling Supply Point - Bangor,Station Road,,Bangor,,,LL57 1LZ,,,1123,0,5,978,13/08/2024,Yes,,,,0,0,0,0,238,Accessed from Bangor Railway Station access ramp from Station Road.  BR(W),2025-03-14 08:17:44.0000000,Clare Rich,,,,,,,1028880342,0,0,278,1415,0,0,522000,891031,CNH3,,Wales & Western,Wales,Shrewsbury,280,0,0,09-10-2025 09:02:52
4227,*,2370040,Exeter Olds View IMU & PSB,Olds View,Exeter,Devon,,,EX4 4PA,,,1092,0,0,0,,,No,,,0,0,0,0,194,"Site Location - From Exeter St. Davids station turn left at Great Western Hotel then left again over Red Cow Level Crossing.  Olds View is on left just before river bridge.
Site Access - 221 Key to meter cupboard. Key kept in Power Signal Box.
Site Usage Notes - Also supplies IMU accommodation which has meter no 4708026.  Reading 22/9/04 - 52207 cu m. Reading 01/11/2007 190845",2017-03-14 13:39:22.0870000,Andrew Vickers,,Exeter Olds View IMU & PSB-2370040,,,,,-948577462,0,0,0,0,0,0,0,0,MLN1,,Western,Plymouth,Exeter-Newton Abbott,0,0,0,09-10-2025 09:02:19
11726,,7405542,Pitsea Signal Box (Water),Approach Road,Pitsea Railway Station,Basildon,Essex,,SS16 4UD,,,1117,0,0,670,,,Yes,,,0,0,0,0,26,Accounts to transfer to c2c.......JKB 21/11/13,2025-03-04 17:29:55.0000000,Drew.Gallagher,,Pitsea Signal Box (Water)-7405542,,,,,674695431,0,0,276,42,0,0,0,117602,FSS2,,Eastern,Anglia,Romford,280,0,0,09-10-2025 09:02:38
8187,,E9930003,PH (+) - Carmuirs West Junction - [AR + LTG],nr. 59 Elizabeth Crescent,Camelon,Falkirk,,Scotland,FK1 4JF,,,1121,0,63,680,21/08/2009,Yes - SP Metering (Dataserve),"860031 IMDM, Edinburgh, Indirect",,,0,0,0,0,108,"Site Location - A9 to Camelon r/about and T west onto A803<Glasgow Rd>  follow 1km west (bus factory/car dealers on r.h.s) and TL (last turning before UB) then right into Elizabeth Cres.; follow 150m to end then footpath 40m to fenceline and AWR access gate)
Site Access - direct from Elizabeth Crescent and across grassed area      dual locked: PS1 / DNO  120
Site Usage Notes - apparatus room/walkway lighting(63A fuse) and point heating (80A fuse)",2025-03-04 17:32:30.0000000,Drew.Gallagher,Utilities Scotland <UtilitiesScotland@networkrail.co.uk>,Carmuirs West Jn DK A-9930003,,,,,297693955,0,0,278,1740,9,860031,0,860031,SCM3,,Scotland's Railway - Scotland,Delivery Units,Edinburgh DU,280,0,0,09-10-2025 09:02:30
7092,,7068020,North Fen AHB Railway Crossing,North Fen,Littledownham,Cambridgeshire,,,CB6 2UG,,,1117,0,0,670,14/09/2011,Yes - EDF Phase 1,"822031 IMDM, Tottenham, Indirect",,,0,0,0,0,74,"Site Location - From Ely to Little Downham Village Green on B1411  turn right Cowbridge Hall Lane. Second on right to North Fen
Site Access - LT205 padlock
Site Usage Notes - Other usage : Emergency Hut [BBRM]",2025-03-04 17:29:56.0000000,Drew.Gallagher,,North Fen AHB Railway Crossing-7068020,,,,,-954520821,0,0,278,79,7,822031,0,822031,EMP,,Eastern,Anglia,Tottenham,0,0,0,09-10-2025 09:02:27
3327,,X2352040,zzz - MDU - Salkeld Street / Central Depot - old record -,Salkeld Street,,Glasgow,,,G5 8HA,,,1121,0,34,680,,,No,,,0,0,0,0,0,"Site Location - proposed supply kiosk location to be in SE corner of FEL site (rear of Orion Rail occupation)
",2025-03-04 17:33:00.0000000,Drew.Gallagher,,Glasgow Salkeld Street MDU-2352040,,,,,-373750176,0,0,279,0,1,0,0,0,,,Scotland's Railway - Scotland,Delivery Units,Glasgow DU,280,0,0,09-10-2025 09:02:18
7356,,7494122,Gardeners CCTV Railway Crossing,Marsh Farm Entrance,Off A13 The Meads,Vange,Basildon Essex,,SS16 4TU,,,1117,0,0,670,14/08/2014,Yes - Siemens AMR Phase 2,"821031 IMDM, Romford, Indirect",,,0,0,0,0,30,"Site Location - London bound A13 from Pitsea follow signs for Marsh farm.  Entrance to March Farm off A13  The meads  Vange  Basildon.
Site Access - X1757 key for meter cubicle.
Site Usage Notes - Level Crossing REB and lighting.",2025-03-04 17:29:53.0000000,Drew.Gallagher,,Gardeners CCTV Railway Crossing-7494122,,,,,1748920316,0,0,278,75,7,821031,0,821031,TLL,,Eastern,Anglia,Romford,0,0,0,09-10-2025 09:02:27
10834,,G7405042,Ryton NDS Depot (Gas) (CLOSED),Unit 2,Imperial Road,Prologis Park Ryton,Oxford Road,,CV8 3EA,,,1092,0,0,667,,,Yes,,07/01/2021 TSB,0,0,0,0,0,"Key for gas meter held at gate house. meter located to the LHS of the mainentrance not the deilveries entrance. 
Large Green GRP cubical

LEFT SITE 31/12/2020 NPower ADVISED 05/01/2021",2022-06-20 14:44:35.0000000,Terry Bleasdale,,Ryton NDS Depot (Gas)-7405042,,,,,18527478,0,0,276,0,1,857031,520000,857031,LWA,,X-Deleted,Old record,Sandwell & Dudley,280,0,0,09-10-2025 09:02:38
4077,,2360673,Faversham MDU depot (G) (CLOSED),Station Road,,Faversham,Kent,,ME13 8EB,,,1092,0,0,0,,,Yes,,17/10/2019,0,0,0,0,52,"TRANSPORT: Train & Walk 
SITE DIRECTIONS: From Faversham Station booking office side  turn right to end of Station Road by access gates to old Yard. 
METER LOCATION: Meter cabinet located at end of station approach road.  
SITE NOTES: 19/08/13 SMS propose meter removal 27/08/13 and disconnection of service
following day...JKB 
KEYS REQUIRED: Triangle 
METER TYPE: N/A
CONTACT:  
MAP REFS: 
ELR_ VIR- 52 m. 49 y.  
OS REF: TR-01718,60894. 
LAT: 51.311394 - LONG: 0.892938 
EASTINGS: 601718 - NORTHINGS: 160894

",2021-07-07 15:37:54.0000000,Tom Ward,,Faversham MDU depot-2360673,,,,,712564456,0,0,276,49,1,113658,0,113671,VIR,,Southern,Kent,Ashford,280,51.31139,0.892938,09-10-2025 09:02:19
23245,,ABD17200/2,"External Lighting Supply 2 Under Railway Bridge ",Palmerston Place,,"Aberdeen ","Aberdeenshire ",,AB11 5RF,,,1126,0,0,0,,,,,,0,0,0,0,0,,2025-04-30 12:12:29.0000000,Wendi Wheeler,,,,,,,-1780983215,0,0,1113,0,0,0,0,705210,,,Scotland Commercial Property,Scotland,N/A,280,0,0,09-10-2025 09:02:54
2867,,E2350095,PH - Errol (DK1),Errol,,Perth,,Scotland,PH2 7SN,,,1121,0,20,672,26/06/2012,Yes - EDF Phase 1,"862031 IMDM, Perth, Indirect",,,0,0,0,0,10,"Site Location - leave A85(T) at Rait and follow unclassified road (signed Errol) approx 2kms to level crossing and signal box parking area (on r.h.s. immediately before LC)
Site Access - direct from parking area
Site Usage Notes - PH via CC1 - 12a/b crossover",2025-03-04 17:32:45.0000000,Drew.Gallagher,Utilities Scotland <UtilitiesScotland@networkrail.co.uk>,Errol DK1 Point Heaters-2350095,,,,,456558934,0,0,278,970,5,862031,0,862031,SCM5,,Scotland's Railway - Scotland,Delivery Units,Perth DU,280,0,0,09-10-2025 09:02:16
3446,,X2352200,zzz - SB - Forres (Water) - discconnected 7oct17,Mosset Road,,Forres,,,IV36 3ED,,,1121,0,45,673,,,Yes,,,0,0,0,0,0,supply permanently disconnected by ScW 7oct17 prior to SB demolition in connection with A2I project,2025-03-04 17:33:01.0000000,Drew.Gallagher,,Forres signal box (water)-2352200,,,,,1999969026,0,0,277,350,0,0,0,0,ANI2,,Scotland's Railway - Scotland,Operations,OM North,280,0,0,09-10-2025 09:02:18
1787,,2330665,"Hitchin Nightingale Road MDU (Water) ",Hitchin Down Yard,Nightingale Road,Hitchin,Herts.,United Kingdom,SG5 1RS,,,1117,0,0,666,,No,"843031 IMDM, Hitchin, Indirect",,,0,0,0,0,32,"Site Location - follow signs for Hitchin Railway Station; depot/Down Yard access is conspicuous off A505 'Nightingale Road' to <north west> of station;
Site Usage Notes - Other usages RT.& Balfour Beatty 15%
EDF site visit 20/05/2011 - job unsuccessful. aborted call. redundant supply. fuses have been withdrawn and supply now on mpan 10 3006 7907 733. recommend service disconnection and meter removal if no longer needed in future. please see photos attached. meter location tl 19318 29828
Scottish power Disconnections Tracker No 279
See site 2330996",2025-03-04 17:30:03.0000000,Drew.Gallagher,,Hitchin Nightingale Road MDU (Water)-2330665,,,,,1644352043,0,0,278,90,1,843031,0,118617,ECM1,,Eastern,East Coast,Kings Cross,280,0,0,09-10-2025 09:02:12
6973,,E6691053,Winwick Pumping Station,Mill Lane,Winwick Quay,Warrington,Cheshire,,WA2 8RL,,,1120,0,66,679,24/03/2014,Yes - Siemens AMR Phase 2,"852031 IMDM, Liverpool, Indirect",Delivery Units,08/03/2019 TSB,0,0,0,0,184,"Site Location - Continue along the M62 to Junction No.9 and turn onto Newton Road and then left into Delph Lane and left again into Mill Lane. Follow the road under the Motorway bridge to the rail access point
Site Access - Access from Mill Lane and walk up to the pumphouse
site is located on mill lane, the brick building is up ladders leading to the track and into the pumping station ",2025-03-04 17:31:27.0000000,Drew.Gallagher,,Winwick Pumping Station-6691053,,,,,-174019678,0,0,278,1213,10,852031,522000,852031,CGJ3,,LNW,North West,Liverpool,280,0,0,09-10-2025 09:02:27
22276,,E2341769,Poundon GSMR1400 & Welfare Cabin,Old Station Yard,Station Road,Poundon,,,OX27 0AX,,,1120,0,0,0,06/10/2022,Yes SMS,,,01/02/2024 TSB,0,0,0,0,15,"In GRP compound at top off access trackway
metered 06/10/2022
upgrade to 3 phase 26/01/2024
MEx 01/02/2024",2025-03-04 17:31:25.0000000,Drew.Gallagher,,Poundon  Telecoms,,,,,-48444832,0,0,278,143,0,0,0,850031,OXD,,LNW,WCS,Bletchley,280,0,0,09-10-2025 09:02:52
18578,,4142759,CRH - South Croydon Reversable Plat. 4 CRH1 (01128-S-01),South Cryodon Station,,Surrey,,,CR2 7BA,,,1122,0,0,666,,Yes - EMig Con Rail Sub Meter,Yes NTfT,,,0,0,0,0,11,,2025-07-31 13:00:17.0000000,George.Murray@networkrail.co.uk,,South Croydon Reversable Plat. 4 CRH1 (01128-S-01)-4142759,,,,,733982675,0,0,278,616,14,0,0,113671,VTB2,U,Southern,Sussex,Croydon,280,0,0,09-10-2025 09:02:44
10150,,E2341361,Croxley Green GSM-R 0108,Rough access track roadway Off Lavrock Lane,Croxley Hall Wood,Rickmansworth,Watford,,WD3 3BG,,,1120,0,36,666,17/04/2013,Yes - UPL,"856031 IMDM, Saltley, Indirect",Delivery Units,30/01/2018 TSB,0,0,0,0,16,cubcile is inside LU access gateway half way down on RHS gate lock is LU S1 cabinet lock is 221,2025-03-04 17:31:19.0000000,Drew.Gallagher,,Croxley Green GSM-R 0108-2341361,,,,,1198761403,0,0,278,864,6,856031,0,856031,MCJ2," ",LNW,Central,Saltley,280,0,0,09-10-2025 09:02:35
3112,,E2351046,GSMR - Glengarnock Station (5167),[non PAF] off Station Court,Glengarnock,Beith,,Scotland,KA14 3AN,,,1121,0,36,0,21/08/2014,Yes - Siemens AMR Phase 2,"861031 IMDM, Motherwell, Indirect",,,0,0,0,0,19,"Site Location - A737 at roundabout exit <west> onto B777 ( Kilbirnie ) and follow (approx 2kms) to Glengarnock; cross road over rail bridge #48 (station on l.h.s.) and first TR onto Station Court ( former steelworks sidings access) and follow to rly access gate
Site Access - direct from access road, conspic cabinet l.h.s of gate
Site Usage Notes - mast + REB0087",2025-03-04 17:32:31.0000000,Drew.Gallagher,Utilities Scotland <UtilitiesScotland@networkrail.co.uk>,Glengarnock Station GSM-R 5167-2351046,,,,,2009966386,0,0,278,1260,6,861031,0,861031,AYR3," ",Scotland's Railway - Scotland,Delivery Units,Motherwell DU,280,0,0,09-10-2025 09:02:16
8113,,E9704001,PH - Carstairs North Junction (DK1),off Carstairs Road,Carstairs,Lanark,,Scotland,ML11 8PY,,,1121,0,20,680,25/05/2015,Yes - Siemens AMR Phase 2,"861031 IMDM, Motherwell, Indirect",,,0,0,0,0,74,"Site Location - A70(T) to Carstairs village thence follow  Station Road  <signed  Carstairs Junction> approx 500m after last house to AAP(V) gates on r.h.s. verge thence  lineside  400m <north> to turning area adjacent to cubicles
Site Access - via Carstairs Road AAP(V) gates
Site Usage Notes - PH via CC1

25/07/2023 Site upgraded 13/07/2023 via F002 from single phase to 3 phase with new meter but retaining existing MPAN. New meter is situated approximately 5 meters from original meter cubicle. New meter serial number E22UP04319",2025-03-04 17:32:37.0000000,Drew.Gallagher,Utilities Scotland <UtilitiesScotland@networkrail.co.uk>,Carstairs North Jn DK1 PH-9704001,D:\Network Rail\Scotland General files\UTILITIES\1800018360155 Carstairs North Junction (DK1),,,,-1321911764,0,0,278,460,5,861031,0,861031,WCM1,,Scotland's Railway - Scotland,Delivery Units,Motherwell DU,280,0,0,09-10-2025 09:02:30
7992,,9467021,Holywell Level Crossing,Church Road,Backworth,North Tyneside,Tyne & Wear,,NE27 0JE,,,1117,0,0,669,23/05/2014,Yes - Siemens AMR Phase 2,"846031 IMDM, Newcastle, Indirect",,,0,0,0,0,7,"Site Location - A19(T) exit onto sliproad for A1056 signed  Seghill/Backworth B1322   TR onto B1322  into Backworth  at sharp right bend straight on onto Church Road (signed  West Holywell ) and appr0x 400m to LX
Site Access - direct from road     dual locked: MMA-C / NE C
meter is located in fence line on right hand side of rail crossing.",2025-03-04 17:30:48.0000000,Drew.Gallagher,,Holywell Level Crossing-9467021,,,,,589095075,0,0,278,930,7,846031,0,118613,EJM,,Eastern,North & East,Middlesbrough,0,0,0,09-10-2025 09:02:30
8474,,NORG,Northfleet,UKPN-SPN Northfleet East Substation,"Pepperhill Lane, Off Hall Road",Northfleet,Gravesend,,DA11 8HX,,,1092,0,0,0,,,No,,,0,0,0,0,23,"Import Capacity: 37,000kVA; Export Capacity: 0kVA.
///craft.option.good
",2024-03-14 09:40:50.0000000,Alan Bullock,,Northfleet-NORG,,,,,866047446,0,0,0,1570,0,0,0,0,TRL3,U,Traction,Southern,,280,51.42765,0.33132,09-10-2025 09:02:32
10400,,2341409,GSM-R - Melin Y Coed (6503),Off B5106,Cwmlanerch,Betws Y Coed,Llanrwst,,LL24 0BG,,,1123,0,36,683,,Yes - UPL,"891031 IMDM, Shrewsbury, Indirect",,02/04/2024,0,0,0,0,14,"Located behind wooden panel adjacent Cwmlanerch access point gate (not lineside).

Key - BRW
",2025-03-04 17:34:13.0000000,Drew.Gallagher,,Melin Y Coed GSM-R 6503-2341409,,,,,782962715,0,0,278,138,6,891031,0,891031,LJT1," ",Wales & Western,Wales,Shrewsbury,280,53.10533,-3.795922,09-10-2025 09:02:35
23274,,2361177,SS - Grayswood FSP,,,,,,,,,1122,0,0,0,,,,,,0,0,0,0,0,,2025-07-30 10:55:57.0000000,George.Murray@networkrail.co.uk,,,,,,,-2102220364,0,0,0,0,0,0,0,113671,,,Southern,,,0,0,0,09-10-2025 09:02:54
22176,,W7406333,Salford Windsor Street WD Depot (Water),Windsor Street,,Salford,,,M5 4DG,,,1120,0,33,0,,,,Delivery Units,17/09/2021 TSB,0,0,0,0,29,"Meter lcoated in EPCO Box in pavement/verge of Albion Way by fenceline at rear of depot

MSN 21M063463",2025-03-04 17:32:17.0000000,Drew.Gallagher,,,,,,,-322915684,0,0,278,1353,0,0,0,854031,DSE,,LNW,North West,Manchester,280,0,0,09-10-2025 09:02:52
17853,,4142034,CRH - Ashford Up Canterbury C/E CRH2 (05605-K-02),Ashford,,Kent,,,TN24 0SD,,,1122,0,0,677,,Yes - EMig Con Rail Sub Meter,Yes NTfT,,,0,0,0,0,56,,2025-07-30 10:55:03.0000000,George.Murray@networkrail.co.uk,,Ashford Up Canterbury CE CRH2 (05605-K-02)-4142034,,,,,-1542540577,0,0,278,11,14,0,0,113671,XTD,U,Southern,Kent,Ashford,280,0,0,09-10-2025 09:02:44
22988,,GLC13008,127 COMMERCE STREET - ARCH,127,Commerce Street,Glasgow,x,," ",,,1126,0,0,0,,,,,,0,0,0,0,0,,2025-03-12 12:24:10.0000000,Grace.Emmence,,,,,,,-742968207,0,0,278,0,0,0,0,705220,,,Scotland Commercial Property," ",Retail/Storage Unit,0,0,0,09-10-2025 09:02:52
5754,,5026001,LC - Woodnesborough CCTV,Moat Sole,Woodnesborough Road,Sandwich,Kent,,CT13 0AA,,,1122,0,0,0,26/08/2014,Yes - Siemens AMR Phase 2,"113658 IMDM, Ashford, Indirect",,,0,0,0,0,86,"Site Location - Exit Sandwich Station into Delfside Road  turn left then right into New Street.Follow to Cattle Market Square.Turn left into Moat Sole  continue to Level Crossing.
Site Access - CCC2 key for cabinet.
Site Usage Notes - CCTV Level Crossing only.",2025-07-30 10:55:35.0000000,George.Murray@networkrail.co.uk,,Woodnesborough CCTV Level Crossing-5026001,,,,,-1436094924,0,0,278,260,7,113658,522000,113671,BME2,,Southern,Kent,Ashford,280,0,0,09-10-2025 09:02:24
22076,,2390091TMP,"TOC - Clapham Junction Station - Managed Station,  & 3rd Party",St John's Hill,Clapham,London,,,SW11 2QP,,,1122,0,0,0,,,,,,0,0,0,0,0,,2025-07-31 13:00:34.0000000,George.Murray@networkrail.co.uk,,,,,,,-927262190,0,0,278,0,0,0,0,113671,,,Southern,,,280,0,0,09-10-2025 09:02:49
9649,,2310445,Battlesbridge Station GSM-R (2144),Hayes Leisure Park,off Hayes Chase,Battlesbridge,Essex,,SS11 7QS,,,1117,0,0,670,28/07/2011,Yes - UPL,"821031 IMDM, Romford, Indirect",,,0,0,0,0,32,"From Battlesbridge railway Station: Exit approach road right onto Hawk Hill to Hawk Hill roundabout. Take 3rd exit to Rettendon Turnpike roundabout, then 4th exit onto Burnham Road A132. After 1.7km turn right into signposted Hayes Leisure Park. Passing under rail bridge take first turning on left to rail boundary fence line.",2025-03-04 17:30:09.0000000,Drew.Gallagher,,Battlesbridge Station GSM-R (2144)-2310445,,,,,176281285,0,0,278,848,6,821031,0,821031,WIS," ",Eastern,Anglia,Romford,0,0,0,09-10-2025 09:02:35
3929,,2360451,SS(+) - Wye Substation,Wye Station,Bridge Street,Wye,Kent,,TN25 5EB,,,1122,0,0,677,24/11/2014,Yes - Siemens AMR Phase 2,"113658 IMDM, Ashford, Indirect",,,0,0,0,0,60,Site can be accessed via Harville Road. There is a Public Footpath which is about 150 yards fron Wye Station on the left where there is space to park at the entrance of the footpath. Footpath then leads to track side where you walk along the fence line for another 400 yards to site. Further assistance may be needed to get to meter cab if pictures are not directive enough. Note: Meter Cab is facing a sort of warehouse accross the field as seen in picture. This is on the opposite side of substation,2025-07-30 10:56:00.0000000,George.Murray@networkrail.co.uk,,Wye Substaion-2360451,,,,,-650984831,0,0,278,613,9,6001,522000,113671,ACR,,Southern,Kent,Ashford,280,0,0,09-10-2025 09:02:19
436,,E1975002,Burneside Higher Level Crossing,Hollins Lane,Burneside,Kendal,Cumbria,,LA9 6QL,,,1120,0,6,681,27/06/2014,Yes - Siemens AMR Phase 2,"851031 IMDM, Carlisle, Indirect",Delivery Units,01/04/2021 TSB,0,0,0,0,3,"Site Location - Follow the M6 to Junction No.36 and turn onto the A590 and then continue onto the A691 Road. Continue and follow  the road signs for direction to Burnside and the level crossing.
Site Access - Access from the level crossing and follow the authorised route to the steel cabinet on opposite side of crossing to the keepers accomocation
Site Usage Notes - Signalling  Supply - Level  Crossing  -  crossing keepers accomocation
meter is located in a steel cab next to higher crossings cottage through white wooden gate accross the roadfrom signal cabin, parking next to signal cabin

Water

meter installed in Atplas box inside metal lidded chamber against pallisade fence access through wicket gate





",2025-10-07 15:15:00.0000000,jason.ademola@networkrail.co.uk,,Burneside Higher Level Crossing-1975002,,,,,0,0,0,278,1366,7,851031,0,851031,OXW,,LNW,North West,Carlisle,280,0,0,09-10-2025 09:02:04
7609,,8178001,Ganton Level Crossing,Station Lane,Ganton,Scarborough,North Yorkshire,,YO12 4PB,,,1117,0,0,674,10/04/2014,Yes - Siemens AMR Phase 2,"848031 IMDM, York, Indirect",,,0,0,0,0,34,"Site Location - A64 Ganton  turn right at sign for golf club 1/2 mile near greyhound P.H.
Site Access - Supply cubicle has dual locking facility MMD -G Lock and S & T Lock
Site Usage Notes - No other usage. RT
located at the level crossing on station lane, steel cabinet in the fence line",2025-03-04 17:30:58.0000000,Drew.Gallagher,,Ganton Level Crossing-8178001,,,,,-57871300,0,0,278,530,7,848031,0,118615,YMS,,Eastern,North & East,York,0,0,0,09-10-2025 09:02:30
21599,,E2341681,"Altrincham Pts Htg, GSMR 4429 & REB",ALTRINCHAM STATION POINT HEATING COMPOUND,OAKFIELD TRADING ESTATE,ALTRINCHAM,,,WA15 8EJ,,,1120,0,36,679,04/06/2018,Yes SMS,,Delivery Units,08/06/2018 TSB,0,0,0,0,7,"GRP cubcile in far side of locked compound . ",2025-03-04 17:32:03.0000000,Drew.Gallagher,,"Altrincham Pts Htg, GSMR & REB",,,,,69938770,0,0,278,1329,0,0,0,854031,CDM1,,LNW,North West,Manchester,280,0,0,09-10-2025 09:02:49
10377,,E2341402,Baguley Bridge GSM-R 4431,Pitfield Gardens,off Royal Oak Road,Manchester,,,M23 1EA,,,1120,0,36,679,20/12/2012,Yes - UPL,"854031 IMDM, Manchester, Indirect",Delivery Units,18/11/2019 TSB,0,0,0,0,31,"Park at the end of pitfield gardens and walk past hoiuses to fenceline

SIM Swap 14/01/2019 - FAILED
MEx 18/11/2019",2025-03-04 17:32:00.0000000,Drew.Gallagher,,Baguley Bridge GSM-R 4431 (new)-2341402,,,,,-2107506709,0,0,278,1515,6,854031,0,854031,WJP1," ",LNW,North West,Manchester,280,0,0,09-10-2025 09:02:35
18042,,4142223,CRH - Dormans Station Up Road CRH2 (02745-S-01),Dormans,,Surrey,,,RH7 6NL,,,1122,0,0,666,,Yes - EMig Con Rail Sub Meter,Yes NTfT,,,0,0,0,0,27,,2025-07-31 13:00:11.0000000,George.Murray@networkrail.co.uk,,Dormans Station Up Road CRH2 (02745-S-01)-4142223,,,,,-1973948739,0,0,278,990,14,0,0,113671,HGG1,U,Southern,Sussex,Croydon,280,0,0,09-10-2025 09:02:44
3707,,2360210,SS - Leatherhead SSP & Telecomm,"Network Rail Bridge 13/27,  Woodside,",off The Glade,Bookham,Surrey,,KT22 9PS,,,1122,0,0,666,09/12/2014,Yes - Siemens AMR Phase 2,"880031 IMDM, Clapham, Indirect",,25th March 2019,0,0,0,0,19,"HOW TO GET THERE
Exit Bookham Station via Approach Road, left into Church St.Left into Commonside.
Proceed a way but bear keft to join The Glade.  Proceed and bear left to join Woodside
Go to the end of Woodside and it becomes a dirt track inaccessible to vehicles.
Park here and walk a short distance up the dirt track and turn right.  Proceed to bridge 13/27.

Also siite can be accessed by following footpath between Nos 18 and 20 Revell Drive and make a left turn to approach Foot Bridge. Meter Cab is located on the left few yards before foot bridge

METER LOCATION
Go over the bridge and cabinet is on the right in fenceline.

NOTES
Feeds telecomm and standby signalling and cabinet domestics
Single phase, WC
CCC2 key for cabinet
Cabinet opens out onto dirt track.

PARKING
At the start of the dirt track leading from #51 Woodside; you can't take a vehicle up this dirt track

",2025-07-30 10:55:57.0000000,George.Murray@networkrail.co.uk,,Leatherhead Signal Supply 2360210-2360210,,,,,970034082,0,0,278,1188,3,880031,0,113671,LEJ,,Southern,Wessex,Inner,280,51.29544,-0.36645,09-10-2025 09:02:19
23155,,RUT06001,7/11 GOUROCK STREET," ",Glasgow,Glasgow,x,,G73 1DS,,,1126,0,0,0,,,,,,0,0,0,0,0,,2025-03-12 12:24:13.0000000,Grace.Emmence,,,,,,,1282022059,0,0,1112,0,0,0,0,705220,,,Scotland Commercial Property,Glasgow," ",0,0,0,09-10-2025 09:02:52
8820,,2331024,Corby GSM-R Site 3067,Network Rail site by Corby Station,Off Station Road,Corby,,,NN17 1AF,,,1117,0,0,667,07/10/2010,Yes - UPL,"900031 IMDM, Bedford, Indirect",,,0,0,0,0,79,"From Corby:
1. Head northwest on High St toward South Rd  0.2 mi 
2. Turn right at Stock's Ln  253 ft 
3. Take the 1st left onto Chapel Ln  344 ft 
4. Turn right at The Jamb/B6481  322 ft 
5. At the roundabout, take the 1st exit onto Rockingham Rd  0.1 mi 
6. Turn left at Bridge Ct 
Cabinet  will be on the left after approximately  52 ft
",2025-03-04 17:30:28.0000000,Drew.Gallagher,,Corby GSM-R Site 3067-2331024,,,,,2047387391,0,0,278,1532,6,900031,0,118618,GSM1," ",Eastern,East Midlands,Bedford,0,0,0,09-10-2025 09:02:32
7887,,E9079002,LX (+) - Arbroath North - [SB + PH],Wellgate,off Robert Street,Arbroath,Angus,Scotland,DD11 3TL,,,1121,0,8,672,28/11/2014,Yes - Siemens AMR Phase 2,"862031 IMDM, Perth, Indirect",,,0,0,0,0,16,"Site Location - from station entrance via Catherine Street to John Street West and Orchard Street thence into yard at rear of SB leading to stairway
Site Access - report to signaller (Tel.04 65247)
Site Usage Notes - Signal Box  level crossing barriers  TPWS UPS  point heating",2025-03-04 17:32:31.0000000,Drew.Gallagher,Utilities Scotland <UtilitiesScotland@networkrail.co.uk>,Arbroath North SB & LC-9079002,,,,,-1279143528,0,0,278,1320,7,5001,0,862031,ECN3,,Scotland's Railway - Scotland,Delivery Units,Perth DU,280,0,0,09-10-2025 09:02:30
5620,,4502003,Somerton Signals Supply (Closed),Somerton,Near Upper Heyford,Bicester,Oxon,,OX25 6NL,,,1092,0,0,666,,,"856031 IMDM, Saltley, Indirect",,,0,0,0,0,77,"25/6/14 TSB unable to locate supply crossing upgraded to UWCMWL now fed from 650 signalling supply during route upgrade
Logical D-UH Form Submitted 25/6/14",2021-01-20 12:59:20.0000000,Terry Bleasdale,,Somerton Signals Supply-4502003,,,,,-245603306,0,0,276,528,3,856031,522000,0,DCL,,X-Deleted,Old record,Saltley,280,0,0,09-10-2025 09:02:24
5009,,E2550178,RR (+) - Corkerhill Depot - [AH],off Corkerhill Place,,Glasgow,,,G52 1RU,,,1121,0,38,680,,,,,,0,0,0,0,2,"Site Location - Corkerhill Road onto Corkerhill Place; depot entrance off l.h.s. towards end of road
Site Access - report to Depot Reception; TOC staff will accompany you site
Site Usage Notes - ",2025-03-04 17:32:55.0000000,Drew.Gallagher,,Corkerhill Depot Relay Room-2550178,,,,,-830511053,0,0,278,1400,3,0,0,863031,CNL,,Scotland's Railway - Scotland,Delivery Units,Glasgow DU,280,0,0,09-10-2025 09:02:21
9157,,2310344,Wickham Market Station GSM-R (3107A),Below B1078 bridge over railway,Campsea Ashe,Wickham Market,Suffolk,,IP13 0PT,,,1117,0,0,670,07/07/2015,Yes - Siemens AMR Phase 2,"820031 IMDM, Ipswich, Indirect",,,0,0,0,0,84,"North on A12 to Wickham Market, exit left to Campsea Ashe sign-posted B1078. Continue right at roundabout along Ash Road, past Wickham Market Station over bridge and sharp right onto unnamed road running parallel to B1078 to end. Meter cabinet in railway fenceline.",2025-03-04 17:30:08.0000000,Drew.Gallagher,,Wickham Market Station GSM-R (3107A)-2310344,,,,,-810355254,0,0,278,1060,6,820031,522000,820031,ESK," ",Eastern,Anglia,Ipswich,0,0,0,09-10-2025 09:02:32
5546,*,4138002,Signalling Supply Point - Graig Merthyr B,Allt-Y-Graban Road,Pontlliw,Gorseinon,Swansea,,SA4 4WJ,,,1092,0,5,676,,,"894031 IMDM, Cardiff, Indirect",,,0,0,0,1,9,"Site Location - From J47  M4 take A4240 to Gorseinon then left onto B4296 towards Pontardulais.  Turn left into Allt-Y-Graban Road & access road is on right just before rail bridge.
Site Access - None.
Site Usage Notes - No other usage.  Meter reading              13/07/00 :- L-468370  N-099932      19/02/01 :- L-482395  N-132486      13/03/01 :- L-484033  N-136231      18/06/01 :- L-490125  N-150324      03/09/01 :- L-494620  N-160680      13/05/02 :- L-010452  N-024819.
Network Rail Compound. Extra time needeed for assist to transfer power change of tails and isolator needed",2019-03-27 15:56:27.0000000,Adam De Benedictis,,Graig Merthyr Signalling & MAS Generator Room-4138002,,,,,449119612,0,0,0,880,8,7001,0,894031,SDI2,,Wales,Cardiff,Swansea-Llanelli,280,51.70008,-4.026915,09-10-2025 09:02:24
1292,,2320456,Weights Farm GSM-R 0427 (Closed),Weights Lane,Redditch,Worcestershire,,,B97 6RG,,,1092,0,0,667,,No - De-scoped,"856031 IMDM, Saltley, Indirect",,18/12/2013 TSB,0,0,0,0,55,"Site Directions:  Exit M42 at junction 2 and take the A441 signposted to Redditch.  At the next roundabout continue on the A441.  Continue through the traffic lights, and the turning for Weights Lane will be on your right before you reach Redditch.
Located in Steel enclosure on RHS sdie of road after passing under overbridge adjacent to the mast equipment room
",2021-01-20 13:08:02.0000000,Terry Bleasdale,,Weights Farm GSM-R 0427-2320456,C:\Network Rail\DocumentStore\Weights Farm GSM-R 0427-2320456\ED3422ZK,,,,1892569868,0,0,276,980,6,856031,522000,0,BEA," ",X-Deleted,Old Record,Saltley,280,0,0,09-10-2025 09:02:12
10009,,2331175,Burton Salmon Junction GSM-R 4116,Off Lunfield Lane,Burton Salmon,Leeds,,,LS25 5JL,,,1117,0,0,671,22/05/2012,Yes - UPL,"848031 IMDM, York, Indirect",,,0,0,0,0,0,"Site Directions: Start from Pontefract...
1. Head northwest on Baxtergate toward Horse Fair, 328 ft  
 2. Take the 1st right onto Horse Fair,0.2 mi  
 3. Continue onto Broad Ln,187 ft  
 4. Turn left onto Southgate/A645,continue to follow A645,1.6 mi  
 5. Turn left onto A162, 1.4 mi  
 6. Exit onto Dish Hill Fly-Over/A162 toward S.Milford/Sherburn,continue to follow A162,Go through 2 roundabouts,1.6 mi  
 7. Turn left onto Lunnfields Ln,Destination will be on the right,325 ft
",2025-03-04 17:31:05.0000000,Drew.Gallagher,,Burton Salmon Junction GSM-R 4116-2331175,,,,,1341559850,0,0,278,92,6,848031,0,118615,SMJ2," ",Eastern,North & East,York,0,0,0,09-10-2025 09:02:35
4361,,2370186,"Level Crossing - Buttington ",Buttington,Welshpool,Powys,,,SY21 8PH,,,1123,0,8,683,24/09/2014,Yes - Siemens AMR Phase 2,"891031 IMDM, Shrewsbury, Indirect",,,0,0,0,0,32,"Site Location - Main road A458 to Buttington
Site Access - Access through the pallisade gate at the side of the level crossing.
Site Usage Notes - Also supplies relay room.  Meter readings 16/05/00 :- 36832  19/07/00 :- 37163  31/07/02 :- 41943.
meter is located in a steel cab through white steel gate on level crossing adjacent to relay room post code SY21 8HA",2025-03-04 17:34:18.0000000,Drew.Gallagher,,Buttington AHB Level Crossing-2370186,,,,,914655216,0,0,278,594,7,891031,0,891031,SBA2,,Wales & Western,Wales,Shrewsbury,280,52.67258,-3.112442,09-10-2025 09:02:21
861,,2310185,Gospel Oak Point Heating,off Gordon House Road,Kentish Town,London,,,NW5 1LT,,,1117,0,0,666,06/09/2011,Yes - EDF Phase 1,"822031 IMDM, Tottenham, Indirect",,,0,0,0,0,1,,2025-03-04 17:30:34.0000000,Drew.Gallagher,,Gospel Oak Point Heating-2310185,,,,,-335436388,0,0,278,5,5,822031,0,822031,BOK2,,Eastern,Anglia,Tottenham,0,0,0,09-10-2025 09:02:04
8022,,9467059,Scunthorpe Standby Signallling Supply (Closed),Scunthorpe Station,Station Road,SCUNTHORPE,South Humberside,,DN15 6PY,,,1092,0,0,671,,No - De-scoped,No,,,0,0,0,0,22,"Site Location - Off Station Road into car park. Yard on left hand side.
Site Access - LT205 Key
Site Usage Notes - No other usage. This is a STANDBY SUPPLY to local services in station sub  beside SBG Rm.",2020-07-15 10:58:27.0000000,Tom Ward,,Scunthorpe Standby Signallling Supply-9467059,,,,,225319457,0,0,276,0,0,0,0,118614,DOW,,Eastern,North & East,Sheffield,280,0,0,09-10-2025 09:02:30
19663,,7406164,Sleaford West Junction Signal Box (Water),King Edward Street,Castle Causeway,Sleaford,Linconshire,,NG34 7QN,,,1117,0,0,671,,,Yes,,,0,0,0,0,0,,2025-03-04 17:31:09.0000000,Drew.Gallagher,,Sleaford West Junction Signal Box (Water)-7406164,,,,,1455599356,0,0,0,0,0,0,0,118619,,,Eastern,East Midlands,Lincoln,0,0,0,09-10-2025 09:02:47
8475,,QUEG,Queenborough,UKPN-SPN Substation,Rushenden Road,Queenborough,,,ME11 5HL,,,1092,0,0,0,,,No,,,0,0,0,0,0,"Import Capacity: 500kVA; Export Capacity: 0kVA.
///rainwater.waxes.warns
",2024-03-14 10:28:04.0000000,Alan Bullock,,Queenborough-QUEG,,,,,746021331,0,0,278,0,0,0,0,0,LWA,U,Traction,Southern,,280,51.41367,0.74731,09-10-2025 09:02:32
5182,,E3057003,South Ruislip Points Heating,Bridgewater Road,Ruislip,Greater London,,,HA4 6NL,,,1120,0,20,666,22/08/2011,Yes - EDF Phase 1,"856031 IMDM, Saltley, Indirect",Delivery Units,22/10/2015 TSB,0,0,0,0,0,"Site Location - Follow the M40 to Junct. No1 and continue onto the A40 Road. Follow the road to the second Junction and turn onto the A4180  West End Road. Continue and turn right into Bridgewater Road and follow the road to Underbridge No46
Site Access - Access through the gate in the abutmentof Underbridge No46 on Bridgewater Road
Site Usage Notes - Point Heating - 2 No Point Ends - Network Rail",2025-03-04 17:31:17.0000000,Drew.Gallagher,,South Ruislip Points Heating-3057003,,,,,-220677458,0,0,278,800,5,856031,522000,856031,NAJ2,,LNW,Central,Saltley,280,0,0,09-10-2025 09:02:21
8175,,9888002,Polmaise Signal Box (old record) (Closed),Account closed see notes,(Polmaise IB signals,refer E235045),,,,,,1092,0,0,0,,,,,,0,0,0,0,0,"Site Location -
From Pike Road turn into Narrow Lane to pedestrian level crossing. Access gate is at level crossing. The signal box is ½ a mile from the level crossing",2022-04-03 12:21:14.0000000,Fraser.McGown@ecabusinessenergy.com,,Polmaise Signal Box (old record)-9888002,,,,,-33272453,0,0,276,0,0,0,0,0,,,X-Deleted,Old Record,,280,0,0,09-10-2025 09:02:30
17925,,4142106,CRH - Borough Green Down CRH2 (02963-K-02),Borough Green,,Kent,,,TN15 8JZ,,,1122,0,0,677,,Yes - EMig Con Rail Sub Meter,Yes NTfT,,,0,0,0,0,29,,2025-07-31 13:00:10.0000000,George.Murray@networkrail.co.uk,,Borough Green Down CRH2 (02963-K-02)-4142106,,,,,1304989,0,0,278,1386,14,0,0,113671,SBJ,U,Southern,Kent,Ashford,280,0,0,09-10-2025 09:02:44
18089,,4142270,CRH - Eynsford Up CRH2 (02022-K-01),Eynsford,,Kent,,,DA4 0EJ,,,1122,0,0,0,,Yes - EMig Con Rail Sub Meter,Yes NTfT,,,0,0,0,0,20,,2025-07-31 13:00:12.0000000,George.Murray@networkrail.co.uk,,Eynsford Up CRH2 (02022-K-01)-4142270,,,,,2060941400,0,0,278,495,14,0,0,113671,SBJ,U,Southern,Kent,Orpington,280,0,0,09-10-2025 09:02:44
18269,,4142450,CRH - Horley Up Slow CRH2 (02554-S-01),Horley Station,,Surrey,,,RH6 7PZ,,,1122,0,0,666,,Yes - EMig Con Rail Sub Meter,Yes NTfT,,,0,0,0,0,25,,2025-07-30 10:55:10.0000000,George.Murray@networkrail.co.uk,,Horley Up Slow CRH2 (02554-S-01)-4142450,,,,,-1922550062,0,0,278,1188,14,0,0,113671,VTB3,U,Southern,Sussex,Brighton,280,0,0,09-10-2025 09:02:44
11357,,E2341447,Garsdale Station GSM-R 4499 and Signalbox,Rear of Station Cottages,Coal Road,Garsdale Head,,,LA10 5PP,,,1120,0,35,681,,Yes - UPL,"851031 IMDM, Carlisle, Indirect",Delivery Units,31/03/2025 TSB,0,0,0,0,256,"Follow access road to behind station cottages cabinet on the right hand side after last cottage.

Electrical Consumption combined Under this Site (connected to one meter) :   Global Systems for Mobile communicaitons - Railway (GSM-R) 4499 and Signalbox 09/10/2025
",2025-10-09 08:33:17.0000000,Yat-Long.Lee@networkrail.co.uk,,Garsdale Station GSM-R 4499 and Signalbox-2341447,,,,,0,0,0,278,1187,6,851031,0,851031,SAC," ",LNW,North West,Carlisle,280,0,0,09-10-2025 09:02:38
6683,,6423001,Auckley AHB Crossing (375) (Closed),Gate House Lane,Auckley,DONCASTER,South Yorkshire,United Kingdom,DN9 3EJ,,,1092,0,0,671,,,"842031 IMDM, Doncaster, Indirect",,,0,0,0,0,112,"Site Location - Off  B1396 Doncaster - Haxey Road. Through Blaxton to Sand Pits at right hand bend turn sharp left to railway.
Site Access - LT 205 Key required.
Site Usage Notes - No other usages. RT",2022-08-01 13:33:16.0000000,Bradley.France@networkrail.co.uk,,Auckley AHB Crossing (375)-6423001,,,,,1313925665,0,0,276,1610,7,842031,0,118616,SPD4,,Eastern,East Coast,Doncaster,280,0,0,09-10-2025 09:02:27
9175,,2360889,TP Hut - Chestfield,Chestfield & Swalecliffe Railway Station,Herne Bay Road,Whitstable,Canterbury,,CT5 3JB,,,1122,0,0,0,13/11/2014,Yes - Siemens AMR Phase 2,"113658 IMDM, Ashford, Indirect",,,0,0,0,0,60,Access to station off Herne Bay Road. Access to TP Hut along track from station. TR 136668.,2025-07-30 10:56:02.0000000,George.Murray@networkrail.co.uk,,Chestfield TP Hut-2360889,,,,,-476209412,0,0,278,836,10,113658,0,113671,VIR,,Southern,Kent,Ashford,280,0,0,09-10-2025 09:02:32
22315,,E2331657,Elland Terrace Sidings,Annex Sidings,Elland Terrace,Leeds,West Yorkshire,United Kingdom,LS11 9NW,,,1117,0,0,0,,,,,,0,0,0,0,195,"Cubicle is accessed via road named Elland Terrace adjacent to the annex siding access gate, this access gate is located on the South side Holbeck Depot.    

LT205 key required ",2025-03-04 17:31:09.0000000,Drew.Gallagher,,,,,,,687164376,0,0,278,154,0,0,0,118612,TCJ3,,Eastern,North & East,Leeds,280,0,0,09-10-2025 09:02:52
11948,,7405591,Upminster Control Centre (Gas),Upminster,,Essex,,,RM14 2TD,,,1117,0,0,670,05/07/2013,Yes - Total Gas,Yes,,,0,0,0,0,15,Site Location - From A12 take Upminster turn off for 2k to station. Control Centre lcoated far end of station car park.,2025-03-04 17:30:18.0000000,Drew.Gallagher,,Upminster Control Centre (Gas)-7405591,,,,,573467011,0,0,0,4,0,821031,520000,821031,FSS2,,Eastern,Anglia,Romford,0,0,0,09-10-2025 09:02:38
5879,,5211002,SB - Bexhill,Station Road,Bexhill on Sea,East Sussex,,,TN40 1RG,,,1122,0,0,677,15/05/2012,Yes - EDF Phase 1,"113658 IMDM, Orpington, Indirect",,,0,0,0,0,29,"Site Location - Out of Station left then 1st left into Station Road.
Site Access - CCC2 key for cabinet.
Site Usage Notes - Signal Box  no other usage.
11/10/13 Requested disconnection of supply Signalbox decommissioned.
28/03/14 Decommisioning suspended indefinately....

Old Site Codes:
Water - 7405344
Gas - 5498024",2025-07-30 10:55:55.0000000,George.Murray@networkrail.co.uk,,Bexhill Signal Box-5211002,,,,,218414670,0,0,278,1344,4,113658,0,113671,WJB,,Southern,Kent,Orpington,280,0,0,09-10-2025 09:02:24
3712,,2360215,CSR - Bincombe Tunnel - CLOSED,Bridle way off Dorchester Road,,Upper Bincombe,Dorset,,DT3 5QQ,,,1092,0,0,0,,,"881031 IMDM, Eastleigh, Indirect",,9th October 2017,0,0,0,0,165,"Site Location - Exit Upwey Station onto A354 Dorchester Road  towards Dorchester.  Go under rail bridge, proceed a little then take a left into a mettalled bridleway just before a small tunnel over the road.  It is a steep hill with a sharp spiralling bend to the left.  It straightens out at the top and the meter cabinet is on the right hand side just over the bridge over the Railway.  You can see the portal of Bincombe Tunnel from here.
Site Access  - CCC2 key for cabinet.
Site Usage Notes - Cab Secure Radio and cabinet domestics

Cabinet opens out onto a wide bridleway, tarmacced

single phase, 230V WHOLE CURRENT
AS @ 9 OCTOBER 2017 IT WAS SWITCHED OFF BUT METER STILL IN SITU
DE-ENERGISED 4/10/2019

w3w///scouting.tidy.built",2025-07-31 13:00:18.0000000,George.Murray@networkrail.co.uk,,Bincombe Tunnel Cab Secure Radio-2360215,,,,,749082799,0,0,276,279,13,881031,0,113671,BML3," ",Southern,Wessex,Outer,280,50.66599,-2.465617,09-10-2025 09:02:19
18547,,4142728,CRH - Sevenoaks Up Loop CRH2 (02176-K-01),Sevenoaks Station,,Kent,,,TN13 3JB,,,1122,0,0,677,,Yes - EMig Con Rail Sub Meter,Yes NTfT,,,0,0,0,0,21,,2025-07-30 10:55:14.0000000,George.Murray@networkrail.co.uk,,Sevenoaks Up Loop CRH2 (02176-K-01)-4142728,,,,,875122228,0,0,278,1672,14,0,0,113671,XTD,U,Southern,Kent,Ashford,280,0,0,09-10-2025 09:02:44
13763,*,4141319,Portslade Signalling B NTfT,Victoria Road,Portslade,Brighton,,,BN41 1XP,,,1092,0,0,0,,Yes - EDF Sub Meter,Yes NTfT,,,0,0,0,0,3,,2020-12-11 13:23:11.0000000,Rachel.Fisch,,Portslade C2-4141319,,,,,-1195261990,0,0,0,25,3,0,0,113658,BLI1,U,Southern,Sussex,Brighton,280,0,0,09-10-2025 09:02:40
3373,,W2352101,AR - Stevenston (AR2) (Water),George Street,off Shore Road,Stevenston,,Scotland,KA20 3NB,,,1121,0,37,0,,,Yes,,,0,0,0,0,28,"Site Location - B752 <Station Road> to level crossing (station platforms on l.h.s)  over LC onto Shore Road and immediately TR into George Street; relay room/apparatus hut is in the 30ft box container on r.h.s
Site Usage Notes - battery room only",2025-03-04 17:32:24.0000000,Drew.Gallagher,Utilities Scotland <UtilitiesScotland@networkrail.co.uk>,Stevenston Relay Room (AR2)-2352101,,,,,-1602424722,0,0,278,640,0,0,0,863031,LGS1,,Scotland's Railway - Scotland,Delivery Units,Glasgow DU,280,0,0,09-10-2025 09:02:18
1533,,2330289,"Rowston Level Crossing Gate Box ",Main Street,Rowston,Lincoln,,,LN4 3LU,,,1117,0,0,671,,,"901031 IMDM, Derby, Indirect",,,0,0,0,0,69,"Site Location - A153<north> from Sleaford/A17 onto B1188  thru  Ruskington to Digby crossroads  TR  360m & TL  follow approx 1.7kms to Rowston  TR after cemetery (on r.h.s.) and level crossing 370m ahead
Site Access - LT 205
Site Usage Notes - gate box only

Electric Closed.

16/10/25
Water still open pending final account and removal from Business Stream register. Water meter removed and supply capped off 16/10/25

",2026-01-12 09:48:37.0000000,rob.dickinson@networkrail.co.uk,,Rowston Level Crossing Gate Box-2330289,,,,,0,0,0,276,720,7,901031,522000,118619,SPD2,,Eastern,East Midlands,Lincoln,280,0,0,13-01-2026 04:00:15
7125,,7166009,Redmoor Lane AOCL Railway Crossing (Closed),No.2 Redmoor Land Crossing,Wisbech,Cambridgeshire,,,PE13 0,,,1092,0,0,670,,,No,,,0,0,0,0,92,"Site Location - From  March  A141/A47 second roundabout take third exit  crossing is five hundred yards ahead.
Site Access - Key no. 3A751
Site Usage Notes - Also feeds: signal and Telecom. cabin",2020-07-15 10:58:47.0000000,Tom Ward,,Redmoor Lane AOCL Railway Crossing-7166009,,,,,546255099,0,0,276,9,0,0,0,822031,WIG,,Eastern,Anglia,Tottenham,280,0,0,09-10-2025 09:02:27
8444,,BORG,Borehamwood (Closed),EDF-EPN Substation,Track across Golf Course,Opposite Butterfly Lane,Watling Street,Borehamwood,WD6 3AA,,,1092,0,0,666,,,No,,,0,0,0,0,0,Closed,2018-03-26 11:29:38.9970000,Andrew Vickers,,Borehamwood-BORG,,,,,177996534,0,0,276,0,0,0,0,0,,N,Traction,Midland Main Line,,280,0,0,09-10-2025 09:02:32
5109,,E2861002,"Heaton Norris S/Box, SSP",Bowerfold Lane,Heaton Norris,Stockport,Cheshire,,SK4 2LT,,,1120,0,35,679,28/09/2014,Yes - Siemens AMR Phase 2,"854031 IMDM, Manchester, Indirect",Delivery Units,09/07/2013 TSB,0,0,0,0,182,"Site Location - Head south through Heaton Chapel along A6  towards Stockport. On reaching traffic lights at junction with Belmont Rd. go straight through then turn right immediately into Bowerfold Lane. Cross railway bridge and turn right down hill to access gate.
Site Access - Through access gate at signal box (No.16 padlock)  turn right down access road toward overbridge. Up embankment to cubicle.
Site Usage Notes - Signal Box  -  Signalling REB  -  25kV Feeder Station - Network Rail
site is located off bowerfold lane down a path to the right, leading to an access gate, go through the gate and go back on yourself, steel cab located on the enbankment on your right adjacent to another cab that is on the outside of the track",2025-03-04 17:31:43.0000000,Drew.Gallagher,,Heaton Norris Signal Supply Point-2861002,,,,,-519266284,0,0,278,1240,3,3001,0,854031,CMP2,,LNW,North West,Manchester,280,0,0,09-10-2025 09:02:21
7386,,7640021,Grangetown (Hendon),Ocean Road North (Grays Road),Grangetown,SUNDERLAND,Tyne & Wear,,SR2 8BJ,,,1117,0,0,669,,,Yes,,,0,0,0,0,0,"Site Location - From A1018 in Grangetown from Ryhope turn right at B 1533 for Hendon over Railway Bridge and bear right follow Beach Sign past Hendon Garden Pub and down to Crossing
Site Access - Not Known
Site Usage Notes - Shared with English Welsh & Scottish Railways",2025-03-04 17:31:11.0000000,Drew.Gallagher,,Grangetown (Hendon)-7640021,,,,,510885105,0,0,0,660,0,0,0,118613,HNB,,Eastern,North & East,Middlesbrough,280,0,0,09-10-2025 09:02:30
754,,2310066,Canonbury West Point Heating,Highbury Grove/St Pauls Road,,London,,,N1 2LT,,,1117,0,0,666,04/03/2011,Yes - EDF Phase 1,"822031 IMDM, Tottenham, Indirect",,04/03/2011,0,0,0,0,3,Site Usage Notes - New site Jan 98,2025-03-04 17:30:34.0000000,Drew.Gallagher,,Canonbury West Point Heating-2310066,,,,,757615812,0,0,278,250,5,822031,0,822031,BOK1,,Eastern,Anglia,Tottenham,0,0,0,09-10-2025 09:02:04
163,,1306001,Foley Crossing Signal Box,Sidings Place,Longton,Stoke-on-Trent,,,ST3 2JB,,,1117,0,0,667,16/01/2012,Yes - EDF Phase 1,"901031 IMDM, Derby, Indirect",,,0,0,0,0,1,"Site Location - Turn off A50 King Street/B5039 Baths Road Longton into Sidings Place. Drive to crossing at end and report to the signalman.
Site Access - Access through the steel vehicle gate at the side of the level crossing into the compound.
Site Usage Notes - Also feeds Relay Room and other Signalling Apparatus

parking available outside compound

what3words ///glee.acted.humans

key 859 compound access, 859 underfloor SB

electric meter on far wall under SB
water meter on left of door under SB

NB hard hat required under SB",2025-11-21 11:33:29.0000000,rob.dickinson@networkrail.co.uk,,Foley Crossing Signal Box-1306001,,,,,1909449625,0,0,278,1230,4,2001,0,118619,NSS,,Eastern,East Midlands,Derby,280,0,0,22-11-2025 04:00:15
10058,,2370879,GSM-R - West of Yeoford 1061,Un-Named Road (Nr Station House),Yeoford,Crediton,Exeter,Devon,EX17 5JB,,,1123,0,36,0,11/06/2012,Yes - UPL,"892031 IMDM, Plymouth, Indirect",,,0,0,0,0,182,"Start from Exeter St David's Station… 
 1. Turn left out of station onto Cowley Bridge Rd/A4377
2. continue to follow A377,Go through 2 roundabouts, 6.9 miles,
3. Turn left onto Charlotte St/A377, continue to follow A377, 2.4 miles
 4. Turn left , 0.7 miles
 5. Turn left, 1.2 miles
 6. Turn right, 0.1 miles 
 7. Slight left go through village, Destination will be on the left, 0.46 miles, nr Station House
",2025-03-04 17:34:17.0000000,Drew.Gallagher,,West of Yeoford GSM-R 1061-2370879,,,,,-1718860857,0,0,278,1646,6,892031,522000,892031,DAC," ",Wales & Western,Western,West,0,50.77671,-3.727456,09-10-2025 09:02:35
7857,,E8905001,zzz - PH (+) - Dyce (North DK2),Bridge 43,Kirkton Drive,Dyce,Aberdeen,,AB21 0DP,,,1121,0,20,673,12/06/2012,Yes - EDF Phase 1,"862031 IMDM, Perth, Indirect",,,0,0,0,0,6,"Site Location - from Pitmedden Ind.Est. TL onto Kirkton Drive and follow 60m to overline bridge #43
Site Access - by crossing over boundary fence onto grassed area at top of embankment
Site Usage Notes - north PH via PHCCs 1, 2 & 3 + Raith's Farm REB domestics
ACCOUNT CLOSED 19-04-23GR",2025-03-04 17:32:48.0000000,Drew.Gallagher,,Dyce DK2 north PH-8905001,,,,,-1068764306,0,0,278,1340,5,862031,0,862031,ANI1,,Scotland's Railway - Scotland,Delivery Units,Perth DU,280,0,0,09-10-2025 09:02:30
4951,,E2540053,Glazebrook East Junction Signal Box,Fir Street,Cadishead,Salford,,,M44 5AR,,,1120,0,35,679,13/06/2013,Yes - EDF,"854031 IMDM, Manchester, Indirect",Delivery Units,04/05/2022 TSB,0,0,0,0,24,"Site Location - Follow the A57 Liverpool Rd  continue through Cadishead and turn left into Lord St.. Follow the road to Fir Street  turn left and continue along the dirt road to the signal box.
Site Access - Access to the former S.S.P. building is from the approach road to the signal box
Site Usage Notes - Signalbox Relay  Room   -   Railtrack
MEx - 04/05/2022 ",2025-03-04 17:32:00.0000000,Drew.Gallagher,,Glazebrook East Junction Signal Box-2540053,,,,,-40251236,0,0,278,1320,4,854031,0,854031,MAJ,,LNW,North West,Manchester,280,0,0,09-10-2025 09:02:21
12811,,7405824,Moira West Junction Signal Box (water),Nr Navigation Inn,Spring Cottage Road,Overseal,Swadlincote,,DE12 6NE,,,1117,0,0,667,,,Yes,,,0,0,0,0,121,,2025-03-04 17:30:59.0000000,Drew.Gallagher,,Moira West Junction Signal Box (water)-7405824,,,,,-1510067430,0,0,0,0,0,0,0,118619,KSL,,Eastern,East Midlands,Derby,280,0,0,09-10-2025 09:02:40
21575,,E2331536,Mytholmroyd Station HABD,Mytholmroyd Railway Station,New Road,Mytholmroyd,West Yorkshire,,HX7 5DZ,,,1117,0,0,671,,,,,,0,0,0,0,24,"Mytholmroyd Station is located on new lane. The DNO cubicle is located below the railway viaduct adjacent to the station access					
road. The gate to the compound under the viaduct is a 221. The cubicle is locked with a LT205 key.					
",2025-03-04 17:31:08.0000000,Drew.Gallagher,,Mytholmroyd Station HABD-E2331536,,,,,592221211,0,0,278,1528,0,0,0,118612,MVN2,,Eastern,North & East,Leeds,280,0,0,09-10-2025 09:02:49
853,,2310176,March West Junction Signalling & Point Heating,Footpath off Norwood Road,March,Cambridgeshire,,,PE15 8QR,,,1117,0,0,670,,,"822031 IMDM, Tottenham, Indirect",,,0,0,0,0,86,"Site Location - Footpath off Norwood Road near Norwood Crescent.
Site Access - LT205 key to compound and cabinet
Site Usage Notes - Also supplies a signal gantry at Whitemoor Junction",2025-03-04 17:30:06.0000000,Drew.Gallagher,,March West Junction Signalling & Point Heating-2310176,,,,,-343325480,0,0,278,15,9,1001,0,822031,EMP,,Eastern,Anglia,Tottenham,0,0,0,09-10-2025 09:02:04
9787,,2360965,GSMR - Forest Hill Station (2063),Stanstead Road,Forest Hill,Lewisham,London,,SE23 1HQ,,,1122,0,0,666,07/03/2011,Yes - UPL,"113658 IMDM, London Bridge, Indirect",,14/01/2020,0,0,0,0,5,"TRANSPORT: Car 
SITE DIRECTIONS: From Forest Hill railway Station : Exit left into Perry Vale. At junction cross over Waldram Park Road into Stanstead Road, follow 250m to junction with Rojack Road, meter cabinet on left. Oposite No:36. 
METER LOCATION:  
SITE NOTES:  
KEYS REQUIRED: CCC2 
METER TYPE: WC 
CONTACT: John Helmer: 07920 856892 
MAP REFS: ELR_ LBW- 5 m. 597 y.  
OS REF: TQ-35537,73290. 
LAT: 51.442396 - LONG: 0.051187 
EASTINGS: 535537 - NORTHINGS: 173290
",2025-07-30 10:55:25.0000000,George.Murray@networkrail.co.uk,,Forest Hill Station GSM-R (2063)-2360965,,,,,353339764,0,0,278,597,6,113658,0,113671,LBW," ",Southern,Kent,London Bridge,280,51.44239,-0.051187,09-10-2025 09:02:35
649,,E2198002,Port Sunlight AC/DC Substations and REB,Greendale Road,Port Sunlight,Merseyside,,,CH62 4XD,,,1120,0,0,679,20/10/2022 - 13/03/2008,Yes - SMS - SP metering (Dataserve),"852031 IMDM, Liverpool, Indirect",Delivery Units,14/08/2024 TSB,0,0,0,0,11,"Site Access - GRP Cabinet is RHS of vehicle access agte by Port Sunlight statione
Site Usage Notes - Teecommunications  -  Global Crossing
MEx 20/10/2022
Supply relocated from trackside Jan 2024
Meter and cut out resealed 14/08/2024",2025-03-04 17:31:27.0000000,Drew.Gallagher,,Port Sunlight Track Parallelling Hut-2198002,,,,,-328850988,0,0,278,1470,8,852031,0,852031,CRR2,,LNW,North West,Liverpool,280,0,0,09-10-2025 09:02:04
23273,,2361176,TP Hut - Berwick,,,,,,,,,1122,0,0,0,,,,,,0,0,0,0,0,,2025-07-31 13:00:39.0000000,George.Murray@networkrail.co.uk,,,,,,,-1591133252,0,0,0,0,0,0,0,113671,,,Southern,,,0,0,0,09-10-2025 09:02:54
22132,,E2341738,Bolton MDU Depot,Lomax's Buildings,off Bradshawgate,Bolton,,,BL2 1BA,voice.counts.lived,,1120,0,0,0,19/07/2021,Yes SMS,,,15/10/2025 TSB,0,0,0,0,10,"grp cabinet at far end of Lomax's Buildings in fenceline
CT 400/5
Icell GC modem Port 24357 fitted 15/10/2025  ",2025-10-15 11:18:48.0000000,Terry Bleasdale,,Bolton MDU Depot-2341738,,,,,0,0,0,278,1373,0,0,0,854031,MVE2,,LNW,North West,Manchester,280,0,0,16-10-2025 11:58:08
19542,,7406041,Hutton Level Crossing (Water),Howl Lane,Hutton,Driffield,,,YO25 9QA,,,1117,0,0,671,,,Yes,,,0,0,0,0,0,,2025-03-04 17:30:13.0000000,Drew.Gallagher,,Hutton Level Crossing (Water)-7406041,,,,,213608654,0,0,0,0,0,0,0,118615,,,Eastern,North & East,York,0,0,0,09-10-2025 09:02:47
11321,*,7405362,Bromfield Signal Box (Water),Bromfield,Ludlow,Shropshire,,,SY8 2BT,,,1092,0,0,0,,,Yes,,,0,0,0,0,25,,2017-04-06 09:13:36.7830000,Adam De-benedictis,,Bromfield Signal Box (Water)-7405362,,,,,-250816496,0,0,0,440,0,0,0,0,SHL,,Wales,Shrewsbury,Shrewsbury-East,0,0,0,09-10-2025 09:02:38
6907,,6615307,Ryecroft Junction (closed),Hatherton Street,,Walsall,,,WS2 8AA,,,1092,0,0,667,15/08/2011,Yes - EDF Phase 1,"857031 IMDM, Sandwell & Dudley, Indirect",,,0,0,0,0,6,,2021-01-20 12:56:29.0000000,Terry Bleasdale,,Ryecroft Junction-6615307,,,,,-1178678591,0,0,276,1540,5,857031,522000,0,BJW2,,X-Deleted,old record,Sandwell & Dudley,280,0,0,09-10-2025 09:02:27
391,,1904004,Langham Signal Box and Level Crossing,Burley Road,Langham,Oakham,Leicestershire,,LE15 7JA,,,1117,0,0,667,19/07/2014,Yes - Siemens AMR Phase 2,"900031 IMDM, Bedford, Indirect",,,0,0,0,0,95,"Site Location - from Melton Mowbray take A606 (to Oakham)  in Langham turn left (straight on ) at bend in main road  follow road to right (not Ashwell)  crossing approx 1 1/2 miles.
Site Access - see the signalman.
Site Usage Notes -  Relay Room and  Signalling Apparatus .
FIRST CUBICLE IN FRONT OF SIGNAL BOX",2025-03-04 17:30:17.0000000,Drew.Gallagher,,Langham Signal Box and Level Crossing-1904004,,,,,613010289,0,0,278,130,9,900031,0,118618,GSM2,,Eastern,East Midlands,Derby,0,0,0,09-10-2025 09:02:04
1020,,E2320074,Burton Old Road GSM-R 8214 OBR,Burton Old Road,,Lichfield,,,WS14 9HY,,,1120,0,36,667,06/10/2014,Yes - Siemens AMR Phase 2,"858031 IMDM, Stafford, Indirect",Delivery Units,07/11/2019 TSB,0,0,0,0,116,"located in SS cubicle roadside on the approach to the road bridge.
Site Usage Notes - Reg with SP 06/12/2002
meter is located in a steel cab in the fenceline on burton old road abourt 150 yards from road bridge over the railway",2025-03-04 17:31:34.0000000,Drew.Gallagher,,Burton Old Road GSM-R-2320074,,,,,1988766350,0,0,278,219,6,858031,0,858031,LEC2," ",LNW,WCS,Stafford,280,0,0,09-10-2025 09:02:04
4731,*,2370607,Telecoms - Cardiff NRN Radio Mast,15th Floor,Brunel House,2 Fitzalan Road,Cardiff,South Wales,CF24 0EB,,,1092,0,0,683,,,No,,,0,0,0,0,1,"Site Access - Sign in at reception. Ask for facilities and be escorted to switch room
Site Usage Notes - EX Thales Site.
SUB METER serial number 1493184
Reading 17/02/2009:- 12515
The property agent is Cooke & Arkwright. 
Address is 1 Central Park. Western Avenue. Bridgend. CF31 3TZ. 01656 644644",2017-05-16 10:44:18.1500000,Adam De Benedictis,,Cardiff NRN Radio Mast & equipment-2370607,,,,,-1434744529,0,0,0,30,0,0,0,894031,CAM," ",Wales,Cardiff,Cardiff,0,0,0,09-10-2025 09:02:21
2967,,E2350198,PSP - Rutherglen,off Farmeloan Road,Rutherglen,Glasgow,,Scotland,G73 1DN,,,1121,0,53,680,,Yes - UPLD (SMS),"863031 IMDM, Glasgow, Indirect",,,0,0,0,0,0,"Site Location - Turn north off King Street, Rutherglen (B798) onto Farmeloan Rd (A749 signed <Dalmarnock>) and turn left immediately after road over rail bridge into lane which leads to Relay Room/station access footbridge/Bridgeton 'Yard'/sidings
Site Access - direct from lane (off Farmeloan Road)

Site Usage Notes - jun17: former R'glen Central Jn PH power supply upgraded (to 217kVA/315A fuses) /meter pillar relocated in connection with PARR project; prev msn E16UP12183 recovered, new msn E16UP12008 installed in adjacent new GRP kiosk.
Upgraded supply renamed 'Rutherglen PSP';
signalling supplies,TSC and MOS loads transferred (from RR supply) onto this upgraded supply (switch heating via CCs A & B (12 ends) unaltered) - in due course RR 'domestics' loads planned for transfer also, after which the existing RR supply will be progressed for disconnection;

Npower original acct ref ED342FTW changed to ED342HTY 
",2025-03-04 17:32:31.0000000,Drew.Gallagher,Utilities Scotland <UtilitiesScotland@networkrail.co.uk>,Rutherglen Central Jn PH-2350198,,,,,-1567862924,0,0,278,250,5,5001,0,863031,ARG1,,Scotland's Railway - Scotland,Delivery Units,Glasgow DU,280,0,0,09-10-2025 09:02:16
1370,,2330066,Eaglescliffe Point Heating+GSMR 6326,Eaglescliffe Station,Station Road,Eaglescliffe,Stockton-on-Tees,,TS16 0BT,,,1117,0,0,669,13/03/2012,Yes - EDF Phase 1,"846031 IMDM, Newcastle, Indirect",,11/6/2014  RE,0,0,0,0,56,"Site Location - from A135/Yarm Road in Eaglescliffe, turn <west> onto Station Road and station car park 60m ahead, proceed past Taxi Office and supply pillat on r.h.s.;
Site Access - direct from station car park, kiosk dual locked - NR 221 / DNO NE'H
Site Usage Notes - Point Heating via CC A: 5 ends 1264a/b, 1265, 1266 and GSM-R 6326
",2025-03-04 17:30:37.0000000,Drew.Gallagher,,Eaglescliffe Point Heating+GSMR 6326-2330066,,,,,-1753642730,0,0,278,1730,5,846031,0,118613,LEN3," ",Eastern,North & East,Middlesbrough,280,0,0,09-10-2025 09:02:12
22166,,4249322,PH - Feltham Train Depot Country End,"Network Rail Fenceline, Adj Feltham Railway Club",1 Harington Road East,Feltham,Middlesex,,TW14 0AD,,,1122,0,0,0,,,,,,0,0,0,0,14,"HOW TO GET THERE:					
Exit Feltham Station on plat 2 DOWNSIDE turning left into A244 Hounslow Road.  Go over the track and proceed to a large crossroads					
At the large crossroads turn right into A312 Harlington Road East.  Proceed and go over the tracks.					
Once over the tracks take the 1st left into a little slip road.  It leads to the Feltham Railway club and train depot gates.  					
Proceed to the end and the Railway fenceline.					

METER LOCATION:	
Meter is in the Railway fenceline close to Feltham Railway Club and the Train Depot entrance gate.	

NOTES
Line Loss Factor 111
400v, 3 phase, Agreed capacity 70 kVA
CT METERING 400/5
Fuse rating 200A

PARKING
Near the Railway club or in the depot.
",2025-07-30 10:55:47.0000000,George.Murray@networkrail.co.uk,,Feltham Train Depot Country End Points Heating,,,,,-604202812,0,0,278,880,0,0,0,113671,RDG2,,Southern,Wessex,Inner,280,51.44918,-0.402932,09-10-2025 09:02:49
22597,,Test Site 1-7,TEST_WOOD GREEN SIGNALLING - E6121008_TEST,,,,,,,,,1093,0,0,0,,,,,,0,0,0,0,0,,2024-05-17 09:01:47.0000000,Jonathan.Alborzpour@networkrail.co.uk,,,,,,,-1366439444,0,0,0,0,0,0,0,0,,,,,,0,0,0,09-10-2025 09:02:52
11455,*,7405401,Deganwy Signal Box (water),Marine Crescent,Deganwy,Conwy,,,LL31 9BY,,,1092,0,0,0,,,Yes,,,0,0,0,0,1,Site Location - From Llandudno Junction  continue along the A546 to Deganwy and follow Station Road to the signal box,2017-04-06 09:20:00.1430000,Adam De-benedictis,,Deganwy Signal Box (water)-7405401,,,,,501905929,0,0,0,480,0,0,0,891031,LLJ,,Wales,Shrewsbury,Chester-Llandudno,0,0,0,09-10-2025 09:02:38
151,,1282001,Caverswall Signal Box and Level Crossing,Caverswall Lane,Blythe Bridge,Stoke-on-Trent,,,ST3 6HP,,,1117,0,0,667,16/01/2012,Yes - EDF Phase 1,"901031 IMDM, Derby, Indirect",,29/10/2019 TSB,0,0,0,0,4,"Site Location - Drive out of Blythe Bridge towards Longton. Turn right at island into Caverswall Lane. Follow to level crossing. Park opposite signal box on wasteland. Report to signalman.
what3words ///double.herbs.ship
NB. acces to signal box is via walkway adjacent to track. Orange PPE MUST be worn.
meter located under signal box on RHS of door - All keys are available via signalman
Site Usage Notes - Also feeds Relay Room and other Signalling Apparatus

",2025-11-10 11:12:35.0000000,rob.dickinson@networkrail.co.uk,,Caverswall Signal Box and Level Crossing-1282001,,,,,0,0,0,278,440,9,901031,0,118619,NSS,,Eastern,East Midlands,Derby,280,0,0,11-11-2025 04:00:27
10721,,2331286,Shildon Tunnel GSM-R 9172,Off Cedar Grove,Shildon,Darlington,,,DL4 2EH,,,1117,0,0,0,,Yes - UPL,"846031 IMDM, Newcastle, Indirect",,,0,0,0,0,9,"Site Directions: Start from Shildon...
 1. Head south on College St toward Garbutt St,72 ft  
 2. Take the 1st right onto Garbutt St,89 ft  
 3. Turn left onto Auckland Terrace/B6282,420 ft  
 4. At the roundabout, take the 1st exit onto Main St,0.2 mi  
 5. At the roundabout, take the 1st exit onto Church St,0.2 mi  
 6. At the roundabout, take the 2nd exit onto Albert St,0.2 mi  
 7. Turn right onto Jubilee Rd, 0.2 mi  
 8. Turn right onto Cedar Grove,210 ft  
 9. Turn right to stay on Cedar Grove,Destination will be on the right,46 ft
10.meter is located in metal cabinet on fence line off cedar grove. lat 54.630713  long -1.64112 				
",2025-03-04 17:30:42.0000000,Drew.Gallagher,,Shildon Tunnel GSM-R 9172-2331286,,,,,180138177,0,0,278,351,6,846031,522000,118613,DAE2," ",Eastern,North & East,Middlesbrough,0,0,0,09-10-2025 09:02:38
21994,,E2341711,Black Dyke LXing RLSE (UMS),Black Dyke Lane,,Arnside,,,LA5 0HH,,,1120,0,8,0,,,,Delivery Units,UMS,0,0,0,0,5,,2025-03-04 17:32:04.0000000,Drew.Gallagher,,Black Dyke LXing RLSE (UMS),,,,,-1297717159,0,0,278,1260,0,0,0,851031,CBC1,,LNW,North West,Carlisle,280,0,0,09-10-2025 09:02:49
7090,,7068013,Queen Adelaide (Lynn) AHB Railway Crossing,Prickwillow Road,Queen Adelaide,Ely,Cambridgeshire,,CB7 4TZ,,,1117,0,0,670,17/07/2014,Yes - Siemens AMR Phase 2,"822031 IMDM, Tottenham, Indirect",,,0,0,0,0,72,"Site Location - East on B1382 to Prickwillow from Ely  this is second railway crossing
Site Access - LT205 padlock
Site Usage Notes - REB & Emergency Hut & toilet
According to google maps use post code CB7 4UA",2025-03-04 17:29:57.0000000,Drew.Gallagher,,Queen Adelaide (Lynn) AHB Railway Crossing-7068013,,,,,939132090,0,0,278,12,7,822031,0,822031,BGK,,Eastern,Anglia,Tottenham,0,0,0,09-10-2025 09:02:27
84,,E1127002,Lifford East Junction GSMR 8936 & Points Heating,Lifford Lane,Cotteridge,Birmingham,,,B30 3DY,,,1120,0,20,667,16/02/2023 - 16/06/2011,Yes - SMS - EDF Phase 1,"856031 IMDM, Saltley, Indirect",Delivery Units,16/02/2023 TSB,0,0,0,0,46,"Steel cabinet in fenceline just after bridge on Lifford lane before access to industrial estate
MREx 16/02/2023 and ariel externalised",2025-03-04 17:31:36.0000000,Drew.Gallagher,,Lifford East Junction Points Heating-1127002,,,,,107441111,0,0,278,240,5,856031,0,856031,SKN,,LNW,Central,Saltley,280,0,0,09-10-2025 09:02:04
1525,,2330281,Smithfield Road AHB Crossing (14),Smithfield Road,North Kelsey,Linconshire,,,LN7 6HG,,,1117,0,0,671,07/08/2014,Yes - Siemens AMR Phase 2,"847031 IMDM, Sheffield, Indirect",,,0,0,0,0,18,"Site Location - From Brigg on the A1084  turn right onto B1434. At North Kelsey turn left into Brigg Road  continue over crossing. 200m after the crossing TURN RIGHT INTO Smithfield Road.
Site Access - Lock Broken
Site Usage Notes - No other usage",2025-03-04 17:31:01.0000000,Drew.Gallagher,,Smithfield Road AHB Crossing (14)-2330281,,,,,363482273,0,0,278,550,7,847031,522000,118614,NOB3,,Eastern,North & East,Sheffield,0,0,0,09-10-2025 09:02:12
22957,,AGS02422,ARCH (SEE GTP4/4/84)4 SHIPBANK LANE," ",Glasgow,Glasgow,x,,G1 5JT,,,1126,0,0,0,,,,,,0,0,0,0,0,,2025-03-12 12:24:14.0000000,Grace.Emmence,,,,,,,-424059839,0,0,1113,0,0,0,0,705220,,,Scotland Commercial Property,Glasgow," ",0,0,0,09-10-2025 09:02:52
20243,*,4141972,Bletchingley Tunnel Signalling B NTfT (ums),From Terracotta Road,South Godstone,Godstone,,,RH9 8LJ,,,1092,0,0,666,,No - Unmetered NTfT,Yes NTfT,,,0,0,0,0,27,,2021-01-13 13:35:51.0000000,Rachel.Fisch,,,,,,,-174235953,0,0,0,150,3,0,0,113658,RTT,U,Southern,Sussex,Brighton,0,0,0,09-10-2025 09:02:49
8791,,2331021,Kirby Muxloe GSM-R Site 3011,Network Rail Site off B5380 Station Road,Newton Unthank,Leicestershire,,,LE9 9FP,,,1117,0,0,667,21/09/2010,Yes - UPL,"901031 IMDM, Derby, Indirect",,,0,0,0,0,104,"From Kirby Muxloe:
1. Head northwest on Hedgerow Ln toward Gullet Ln  0.2 mi 
2. Turn left at Desford Ln/B5380 
Continue to follow B5380  1.9 mi 
Cabinet will be on the right after passing the level crossing",2026-01-19 09:41:02.0000000,rob.dickinson@networkrail.co.uk,,Kirkby Muxloe GSM-R Site 3011-2331021,,,,,0,0,0,278,1436,6,901031,0,118619,KSL," ",Eastern,East Midlands,Derby,280,0,0,20-01-2026 04:00:28
434,,E1968002,Silverdale Level Crossing,New Road,Silverdale,Carnforth,Lancashire,,LA5 0UE,,,1120,0,8,679,06/04/2014,Yes - Siemens AMR Phase 2,"851031 IMDM, Carlisle, Indirect",Delivery Units,21/10/2022 TSB,0,0,0,0,3,"Site Location - From Carnforth Station turn left into Warton Road and continue through Warton and turn onto the road for Silverdale. Continue and follow the road to the level crossing.
Site Access - Access from the level crossing
Site Usage Notes - No other usages.",2025-03-04 17:31:46.0000000,Drew.Gallagher,,Silverdale Level Crossing-1968002,,,,,310466553,0,0,278,236,7,851031,522000,851031,CBC1,,LNW,North West,Carlisle,280,0,0,09-10-2025 09:02:04
6636,,6406001,New Barnetby Gate Box (Closed),Caistor Road,Barnetby,Caistor,Market Rasen,Lincolnshire,DN38 6DU,,,1092,0,0,671,20/05/2014,Yes - Siemens AMR Phase 2,"847031 IMDM, Sheffield, Indirect",,,0,0,0,0,95,"Site Location - Of A18  Scunthorpe to Grimsby Road  turn to Caistor at Road signs.
Site Access - Keepers cabin locked out of working hours.
Site Usage Notes - Other usage: Crossing Keepers Cabin. RT
meter is located in gate house on side of crossing.",2020-07-15 10:58:22.0000000,Tom Ward,,New Barnetby Crossing (4) Gate Box-6406001,,,,,857651532,0,0,276,1740,7,847031,0,118614,MAC3,,Eastern,North & East,Sheffield,280,0,0,09-10-2025 09:02:27
9500,,4249168,GSMR - Stratton-1108,Network Rail Bridge,Off A37 Dorchester Road,DSY561A01,Opposite Viaduct Cottage,Long Ash Lane,DT2 9NA,,,1122,0,0,0,05/08/2011,Yes - UPL,"881031 IMDM, Eastleigh, Indirect",,,0,0,0,0,157,"Start from Dorchester 
1. Head west on Prince Of Wales Rd/B3144 toward Arbutus Close,0.2 mi  
2. Take the 1st left onto Weymouth Ave/B3144, 79 ft  
3. Take the 1st right onto Trinity St, 0.3 mi  
4. Turn left onto High W St/B3150, 0.2 mi
5. At the roundabout, take the 3rd exit onto The Grove/B3147,continue to follow B3147, 1.1 mi  
6. At the roundabout, take the 2nd exit onto A37,Destination will be on the right, 3.1 mi

NOTES
WHOLE CURRENT, three phase, 415v
Agreed capacity 15 kVA",2025-07-30 10:55:30.0000000,George.Murray@networkrail.co.uk,,Stratton GSM-R site 1108-4249168,,,,,977584709,0,0,278,1047,6,881031,522000,113671,WEY," ",Southern,Wessex,Outer,280,0,0,09-10-2025 09:02:35
21478,,G2352452,zzz - Offices - Motherwell Airbles House (S&C Alliance) (Gas),Airbles Road,,Motherwell,,,ML1 3RU,,,1092,0,49,680,,,,,,0,0,0,0,0,"leased ‘workplace management’ premises occupied by S&C Alliance principal contractor, Amey Sersa",2024-11-07 12:05:18.0000000,Wendi Wheeler,,Motherwell Airbles House (S&C Alliance – gas),,,,,1323476162,0,0,994,0,0,0,0,707345,,,Scotland's Railway - Scotland,Workplace Management,Motherwell Airbles House,280,0,0,09-10-2025 09:02:49
12219,,W7405712,Fiddlers Ferry Signal Box (Water),Marsh Lane,Cuerdley,Warrington,Cheshire,,WA5 2UN,,,1120,0,35,679,,,Yes,Delivery Units,17/07/2025 TSB,0,0,0,0,14,"Bottom of Marsh Lane through locked gates down track opp Fire Station

Meter under signal box behind lever frame very low down",2025-07-17 10:04:02.0000000,Terry Bleasdale,,Fiddlers Ferry Signal Box (Water)-7405712,,,,,-824504404,0,0,278,998,0,0,0,852031,SDJ2,,LNW,North West,Liverpool,280,0,0,09-10-2025 09:02:38
4112,,2360759,Lighting - Ravenet Street Underbridge Annual Control,Ravenet Street,Vauxhall,Wandsworth,London,,SW8 3NP,,,1122,0,0,666,,,No,,,0,0,0,0,1,"Site Usage Notes - Wandsworth Council maintenance charges £40pa
Ruth advises nothing paid to Wands BC for years.",2025-07-31 13:00:23.0000000,George.Murray@networkrail.co.uk,,Ravenet Street Underbridge Annual Lighting Control-2360759,,,,,-477307272,0,0,278,990,0,0,0,113671,VTB1,,Southern,Sussex,Clapham,280,0,0,09-10-2025 09:02:19
6203,,5677068,TOC - Stone Crossing SB  (LSER),Church Hill,"
Greenhithe",Dartford,Kent,,DA9 9AW,,,1122,0,0,0,,,No,,16/01/2020,0,0,0,0,19,"TRANSPORT: Train & Walk 
SITE DIRECTIONS: From Stone Crossing Station: SB at Crossing. 
METER LOCATION: Meter located inside Crossing Box 
SITE NOTES: 17/01/20_Crossing box is closed and has been for many year. Crosing is now managed by Ashford IECC. The box is run by TOC as booking office. (southeastern) 
KEYS REQUIRED: Access Via Office 
METER TYPE: WC 
CONTACT:  
MAP REFS: ELR_ HDR- 19 m. 303 y.  
OS REF: TQ-57439,74914. 
LAT: 51.451331 - LONG: 0.264419 
EASTINGS: 557439 - NORTHINGS: 174914
",2025-07-31 13:00:38.0000000,George.Murray@networkrail.co.uk,,Stone Crossing Signal Box-5677068,,,,,-835099251,0,0,278,303,4,0,0,113671,HDR,,Southern,Kent,London Bridge,280,51.45133,0.264419,09-10-2025 09:02:24
21670,,W2352480,Compound - Portobello (Capital Delivery Track) (Water),"[non PAF], Plots C & C/3",200 Sir Harry Lauder Road,Edinburgh,,Scotland,EH15 2QA,,,1121,0,54,0,,,,,,0,0,0,0,0,"bare earth compound now being utilised as holding area for railway track components, site previously occupied by a commercial tenant and appeal to de-list from SAA register awaiting decision.",2025-03-04 17:32:24.0000000,Drew.Gallagher,,,,,,,-1797208243,0,0,994,190,0,0,0,860031,LHS1,,Scotland's Railway - Scotland,Delivery Units,Edinburgh DU,280,0,0,09-10-2025 09:02:49
23184,,ZGG02010,54 BALLATER STREET - ARCH SEE ALSO 9904/04/129," ",Glasgow,Glasgow,x,,G5 9QJ,,,1126,0,0,0,,,,,,0,0,0,0,0,,2025-03-12 12:24:13.0000000,Grace.Emmence,,,,,,,1210387719,0,0,1113,0,0,0,0,705220,,,Scotland Commercial Property,Glasgow," ",0,0,0,09-10-2025 09:02:54
8924,,G2382553,Manchester Piccadilly Station (gas2) London Rd incomer,London Road,,Manchester,,,M60 7RA,,,1120,0,0,679,12/06/2012,Yes - Total Gas,Yes,,25/05/2017 TSB,0,0,0,0,188,"Access via Fairfield Street entrance (adjacent taxi rank)
Obtain keys fron Station reception",2025-03-04 17:32:12.0000000,Drew.Gallagher,,Manchester Piccadilly stn (gas2) London Rd incomer-2382553,,,,,-978879926,0,0,278,2,0,752259,0,752259,CMP2,,LNW,North West,MS - MAN,280,0,0,09-10-2025 09:02:32
9440,,2310386,East Runton GSM-R (6435),Off Mill Lane,East Runton,Cromer,,,NR27 9PH,,,1117,0,0,670,11/09/2010,Yes - UPL,"820031 IMDM, Ipswich, Indirect",,,0,0,0,0,45,"From Cromer railway Station:  
West on Holt Road A148, left into Beach road to junction with A149, left again into Runton Road for 1.9km, then left into Green's Lane to rail bridge and left once more onto Mill Lane for 473m to footpath on right, follow path to railway.",2025-03-04 17:30:12.0000000,Drew.Gallagher,,East Runton GSM-R (6435)-2310386,,,,,1491734445,0,0,278,1376,6,820031,0,820031,CRS," ",Eastern,Anglia,Ipswich,0,0,0,09-10-2025 09:02:32
20236,*,4141958,Kevingtown Signalling B NTfT (ums),Sheepcote Lane,,Orpington,,,BR5 4ET,,,1092,0,0,0,,No - Unmetered NTfT,Yes NTfT,,,0,0,0,0,16,,2021-01-13 13:53:45.0000000,Rachel.Fisch,,,,,,,-143137244,0,0,0,240,3,0,0,113658,VIR,U,Southern,Kent,Orpington,280,0,0,09-10-2025 09:02:49
18076,,4142257,CRH - East Malling Down CRH1 (03575-K-01),East Malling,,Kent,,,ME19 6AT,,,1122,0,0,0,,Yes - EMig Con Rail Sub Meter,Yes NTfT,,,0,0,0,0,35,,2025-07-30 10:55:07.0000000,George.Murray@networkrail.co.uk,,East Malling Down CRH1 (03575-K-01)-4142257,,,,,-328427150,0,0,278,1650,14,0,0,113671,SBJ,U,Southern,Kent,Ashford,280,0,0,09-10-2025 09:02:44
4362,*,2370187,Lighting (Navigation) - Barmouth (Unmetered),Swingbridge,Barmouth,Gwynedd,,,LL42 1,,,1092,0,0,0,,No - Unmetered,No,,,0,0,0,0,100,"Site Access - RC 27 key.
Site Usage Notes - No other usage.
Um-metered supply",2017-04-24 14:51:54.1900000,Adam De Benedictis,,Barmouth Navigation Lights (Unmetered)-2370187,,,,,1723802980,0,0,0,0,0,0,0,891031,DJP,,Wales,Shrewsbury,Shrew-Machynlleth,280,0,0,09-10-2025 09:02:21
9737,,2331131,Brigg Station GSM-R 4179,Brigg Station,Scawby Road (B1206),Scawby,,,DN20 9GJ,,,1117,0,0,671,10/04/2012,Yes - UPL,"847031 IMDM, Sheffield, Indirect",,,0,0,0,0,89,"Start from Scunthorpe: 
1. Head southeast on Queensway Roundabout toward Queensway/A18,49 ft  
2. Exit the roundabout onto Queensway/A18,continue to follow A18,go through 2 roundabouts, 6.7 mi  
3. At the roundabout, take the 1st exit onto Scawby Rd/A18,Continue to follow A18,0.8 mi  
4. At the roundabout, take the 2nd exit onto Barnard Ave/A18, 0.2 mi  
5. Turn left onto Wesley Rd, 338 ft  
6. Continue onto Grammar School Rd,  0.3 mi  
7. Continue onto Grammar School Ln , 0.5 mi
",2025-03-04 17:31:05.0000000,Drew.Gallagher,,Brigg Station GSM-R 4179-2331131,,,,,1721740874,0,0,278,59,6,847031,0,118614,MAC3," ",Eastern,North & East,Sheffield,0,0,0,09-10-2025 09:02:35
11809,,2331334,Tyne Yard GSM-R DI64,Tyne Marshalling Yard,Rear of Moorhill Farm,Lamesley,Tyne and Wear,United Kingdom,NE11 0ES,,,1117,0,0,669,,Yes - UPL,"846031 IMDM, Newcastle, Indirect",,,0,0,0,0,75,"Start at the front of Chester-Le- Street Station DH3 3EE 
Head north on Station Rd toward Louise Terrace,Go through 1 roundabout 0.2 mi 
Turn right onto Front St 118 ft 
Take the 1st left onto High Chare 240 ft 
At the roundabout, take the 1st exit onto Church Chare 0.1 mi 
Turn right toward Picktree Ln/B6313,Go through 1 roundabout 0.2 mi 
At the roundabout, take the 2nd exit onto Picktree Ln/B6313 0.3 mi 
At the roundabout, take the 2nd exit onto A167 0.3 mi 
At the roundabout, take the 2nd exit onto the A1(M) ramp to Newcastle/Gateshead 0.4 mi 
Merge onto A1(M) 2.5 mi 
Continue onto A1 0.6 mi 
Take the A167 exit toward Gateshead (South) 0.3 mi 
At the roundabout, take the 1st exit onto Newcastle Bank/A167 0.4 mi 
Turn right onto unnamed road 0.6 mi
Meter location: Cab will be on the right hand side before the railway bridge",2025-03-04 17:30:42.0000000,Drew.Gallagher,,Tyne Yard GSM-R DI64-2331334,,,,,-120843293,0,0,278,1186,6,846031,522000,118613,ECM5," ",Eastern,East Coast,Newcastle,0,0,0,09-10-2025 09:02:38
3364,,G2352090,MDU - Dunbar (Gas),1st Floor offices,Dunbar Station,East Lothian,,Scotland,EH42 1JX,,,1121,0,34,672,,,Yes,,,0,0,0,0,29,"Site Location - from Countess Road (gyratory - clockwise one-way system from A1087 <High Street>) TL onto station approach road <Station Road> and 160m to station forecourt
Site Access - report to (NXEC) station staff at Booking Office
Site Usage Notes - MOM + MDU (Pway + S&T) offices c.h. & dhw  kitchen/messroom  drying room and toilets",2025-03-04 17:32:46.0000000,Drew.Gallagher,Utilities Scotland <UtilitiesScotland@networkrail.co.uk>,Dunbar MDU (Gas)-2352090,,,,,-409495575,0,0,278,110,1,860031,0,860031,ECM8,,Scotland's Railway - Scotland,Delivery Units,Edinburgh DU,280,0,0,09-10-2025 09:02:18
3334,,W2352052,zzz - Offices - Elgin (LOM Office) (Water),Elgin Station (TOC supply),,Elgin,,,IV30 1QJ,,,1121,0,49,673,,,Yes,,,0,0,0,0,12,"Site Location - from A96(T) exit onto A941 signed for station
Site Access - on Station Road
Site Usage Notes - *Scotrail registered supply* - offcharge calculation to NR includes for usage by NR Local Operations Manager who occupies office with station building",2025-03-04 17:33:00.0000000,Drew.Gallagher,,Elgin LOM office-2352052,,,,,1022532407,0,0,276,400,0,0,0,0,ANI2,,Scotland's Railway - Scotland,Operations,OM North,280,0,0,09-10-2025 09:02:18
7404,,7680030,Seghill Level Crossing,Station Road,Cramlington,Northumberland,,,NE23 7EJ,,,1117,0,0,669,23/05/2014,Yes - Siemens AMR Phase 2,"846031 IMDM, Newcastle, Indirect",,,0,0,0,0,9,"Site Location - A19(T) to r bt at Annitsford Services  then A189<south> to 1st r bt and exit <east> onto A190 (signed  Seaton Delaval ); follow back under A19(T) into Seghill and continue to level crossing
Site Access - direct from footpath (inside AHB  line )  dual locked: MMA-C / NE C
Site Usage Notes - No other usage RT
meter located in fence line left hand side half way over crossing.",2025-03-04 17:30:45.0000000,Drew.Gallagher,,Seghill Level Crossing-7680030,,,,,-1963378800,0,0,278,130,7,846031,522000,118613,EJM,,Eastern,North & East,Middlesbrough,0,0,0,09-10-2025 09:02:30
8291,*,2370641,GSM-R (0007) - Llandevern Magor,Rail Bridge,Llandevenny,Magor,Calidcot,Gwent,NP26 3DB,,,1092,0,17,676,,,"894031 IMDM, Cardiff, Indirect",,,0,0,0,0,152,"Site Directions:
 - From Newport
 - Head south on Baneswell Rd toward North St
 - Turn right at Caxton Pl
 - Turn left at Bridge St
 - At the roundabout, take the 2nd exit onto B4591/Queensway 
 - Continue to follow B4591
 - Go through 1 roundabout
 - Slight left at B4596/Church Rd 
 - Continue to follow B4596
 - At the roundabout, take the 3rd exit onto the M4 ramp to London/Chepstow
 - Merge onto M4
 - At junction 23a, exit toward Magwyr/Magor/Caldicot/B4245
 - At the roundabout, take the 3rd exit toward B4245/Caldicot/Magor/Magwyr
 - At the roundabout, take the 2nd exit
 - Turn left Meter cabinet will be on the left hand side towards the railway. ",2021-01-29 11:19:00.0000000,Adam De Benedictis,,Llandevern Magor GSM-R Site 0007 A(2)-2370641,,,,,142084940,0,0,0,21,6,894031,0,894031,SWM2," ",Wales,Cardiff,Newport,280,51.579,-2.850722,09-10-2025 09:02:30
10132,,E2341360,Aintree GSM-R 4399,Off A59 Ormskirk Road,through Asda car park,Aintree,Liverpool,,L10 3LN,"cult.ample,broad",,1120,0,36,679,29/11/2012,Yes - UPL,"852031 IMDM, Liverpool, Indirect",Delivery Units,10/11/2025 TSB,0,0,0,0,6,"Enter Asda car park drive past the petrol station and thefirst  Manweb substation turn right and take rough track under the rail overbridge and meter cubcile is in fenceline next to the track access gate on the LHS
MEx Emlite IP 192.168.8.15 Port 19740 fitted 10/11/2025",2025-11-10 17:16:44.0000000,Terry Bleasdale,,Aintree GSM-R 4399-2341360,,,,,0,0,0,278,67,6,852031,0,852031,SJO2," ",LNW,North West,Liverpool,280,0,0,11-11-2025 04:00:27
8859,,2380653,Euston stn (water3) platform 1 (Closed),Tank Room (PR21),Euston Station,London (Greater),,,NW1 2HS,,,1120,0,0,666,,,Yes,,,0,0,0,0,0,Access from platform 1,2025-03-11 14:09:02.0000000,Andrew.Facer@networkrail.co.uk,,Euston stn (water3) platform 1-2380653,,,,,1288690887,0,0,276,2,0,0,0,752309,LEC1,,LNW,Euston MS,,280,0,0,09-10-2025 09:02:32
6248,,5694002,RR(+) - Earley Relay RR & CSR,Earley Station,Earley,Reading,Berkshire,,RG6 7DY,,,1122,0,0,666,29/09/2014,Yes - Siemens AMR Phase 2,"882031 IMDM, Woking, Indirect",,,0,0,0,0,66,"Site Location - On Earley Station London bound platform  access gate in fence is on Reading side of Relay Room.  Pass behind Relay Room to radio mast & meter cabinet.
Site Access - 37 key for acces gate padlock.
Site Usage Notes - Relay Room and Cab Secure Radio.  Approx 4 800 kWh /year.",2025-07-30 10:55:55.0000000,George.Murray@networkrail.co.uk,,Earley Relay Room-5694002,,,,,-374583629,0,0,278,51,3,882031,0,113671,RDG2," ",Southern,Wessex,Inner,280,0,0,09-10-2025 09:02:24
1269,,E2320433,North Wembley MPATS & Pts Htg,Llandover Road,Wembley,Middlesex,,,HA9 7LZ,,,1120,0,0,666,21/05/2019 new supply 14/07/2016 old supply,Yes SMS,"859031 IMDM, London Euston, Indirect",Delivery Units,21/05/2019 TSB,0,0,0,0,9,"Site Usage Notes - MPATS and Pts htg
Cab is located in a fence line to railway on the coner of Llandover road, there are some public steps leading up to east lane from Llandover road 
AMR MEx SMS 14/07/2016
Old supply meter removed 21/05/2019
Supply upgraded to 200 amp ct supply 21/05/2019",2025-03-04 17:31:19.0000000,Drew.Gallagher,,North Wembley MPATS-2320433,,,,,1042991701,0,0,278,0,8,3003,0,859031,LEC1,,LNW,WCS,Euston,280,0,0,09-10-2025 09:02:12
5625,,4513003,Bordesley Junction PH (site B) (Closed),Arthur Street,,Birmingham,,,BA16,,,1092,0,0,676,,No,No,,,0,0,0,0,41,"Site Location - Approach via the A45 Coventry Road to Arthur Street  the kiosk is on the bridge at Arthur Street.
Site Access - BP -H
Site Usage Notes - No other usage
SP Disconnection tracker xx:- see notes",2018-03-26 11:23:55.7770000,Andrew Vickers,,Bordesley Junction Points Heating (site B)-4513003,,,,,1694465157,0,0,276,970,0,0,0,0,SKN,,X-Deleted,Old record,Saltley,280,0,0,09-10-2025 09:02:24
22352,,E2331668,Malton MDU,Norton Grove,,Malton,North Yorkshire,United Kingdom,YO17 9ND,,,1117,0,34,674,,,,,,120,0,0,0,0,"cc chnaged as requested by Paul Bridgman
",2025-11-12 14:41:21.0000000,Andrew.Facer@networkrail.co.uk,,,,,,,0,0,0,278,0,0,0,0,848087,,,Eastern,North & East,York,280,0,0,13-11-2025 04:00:26
6565,,6133040,Peterborough East Point Heating,London Road,Peterborough,Cambridgeshire,,United Kingdom,PE2 8AG,,,1117,0,0,670,17/05/2011,Yes - EDF Phase 1,"843031 IMDM, Hitchin, Indirect",,,0,0,0,0,100,"Site Location - South on Bourges Boulevard from Station.  Follow signs for south and east until Town Bridge.  Slip-road off to right on town bridge opposite  Bridge House  - goes under bridge.
Site Access - direct from access roadway
Site Usage Notes - No other usages.RT

MT - Npower confirmed - De-energised - meter has been removed 29/01/2020. Questioning if supply has been disconnected",2025-03-04 17:29:58.0000000,Drew.Gallagher,,Peterborough East Point Heating-6133040,,,,,1842995250,0,0,276,270,5,843031,0,118617,EMP,,Eastern,East Coast,Peterborough,280,0,0,09-10-2025 09:02:27
7891,,9080002,Laurencekirk TC Loc cabinets (Closed),trackside embankment,Laurencekirk,Aberdeenshire,,,AB30 1EY,,,1092,0,0,673,,,,,,0,0,0,0,210,"Site Location - wooden kiosk on back of bank behind SB walking route
Site Access - from SB AWR
site Usage Notes - TC location cabinets",2018-03-26 11:23:49.9800000,Andrew Vickers,,Laurencekirk TC Loc cabinets-9080002,,,,,654235378,0,0,276,1090,0,0,0,0,ECN5,,X-Deleted,Old Record,,280,0,0,09-10-2025 09:02:30
14021,,4141410,NTfT - Bagshot Signalling F2245,Station Road,,Bagshot,,,GU19 5LY,,,1122,0,0,666,29/05/2014,Yes - EDF Sub Meter,Yes NTfT,,,0,0,0,0,32,,2025-07-30 10:55:37.0000000,George.Murray@networkrail.co.uk,,Bagshot C1-4141410,,,,,-1938426475,0,0,278,89,3,0,0,113671,AAV,U,Southern,Wessex,Inner,280,0,0,09-10-2025 09:02:40
8696,,9999814,Ingatestone Signal Box (Water),Station Lane,Ingatestone,Essex,,,CM4 0BW,,,1117,0,0,670,,,Yes,,,0,0,0,0,23,,2025-03-04 17:30:19.0000000,Drew.Gallagher,,Ingatestone Signal Box (Water)-9999814,,,,,1773194821,0,0,0,40,0,0,0,117602,LTN1,,Eastern,Anglia,Romford,0,0,0,09-10-2025 09:02:32
23012,,GLC13206,59 COMMERCE STREET - ARCH," ",Glasgow,Glasgow,x,,G5 8AD,,,1126,0,0,0,,,,,,0,0,0,0,0,,2025-03-12 12:24:13.0000000,Grace.Emmence,,,,,,,-1167822561,0,0,1112,0,0,0,0,705220,,,Scotland Commercial Property,Glasgow," ",0,0,0,09-10-2025 09:02:52
6409,,5965017,TOC - Honiton MDU    (Closed),Church Hill,Honiton,Devon,,,EX14 8DB,,,1092,0,0,0,,,No,,10th May 2017,0,0,0,0,154,"Site Location - Off A30 Salisbury nr Exeter Road.
Site Access - none
Site Usage Notes - Station (SWT). Signal Box (RT). and RW ACC (AMEC)
Charged at 50000kWh p.a.MDU only - sg bx demolition in 2012.  
Water from TOC - 232 cu3 p.a.
FGM visit 10 May 2017:
Sg Bx and PWAY gone.  Nothing there for NR therefore remove all from o/c agreement.  There is a PSP there but catered for by 4249191",2025-07-31 13:00:36.0000000,George.Murray@networkrail.co.uk,,Honiton MDU (electric)-5965017,,,,,1387181711,0,0,276,1322,0,0,0,113671,BAE2,,Southern,Wessex,Outer,280,0,0,09-10-2025 09:02:27
19707,,7405095,RR(+) - Haywards Heath RR and car park fire supply,Clair Road,Haywards Heath,West Sussex,,,RH16 3DP,,,1122,0,0,0,,Yes - Unknown,Yes,,,0,0,0,0,37,"The site has not been set up with south east water, so site has been passed to the property team at South East Water to investigate can take 90 days from date of inquiry 22/02/2016.",2025-07-31 13:00:29.0000000,George.Murray@networkrail.co.uk,,Haywards Heath Relay Room and car park fire supply-7405095,,,,,-2060547634,0,0,278,1356,0,0,0,113671,VTB3,,Southern,Sussex,Brighton,280,0,0,09-10-2025 09:02:47
21961,,W7406305,Coventry RDC Unit 2 WATER,Unit 2 Vespa Point Prologis Park,Central Boulevard,Coventry,,,CV6 4QJ,,,1120,0,0,0,,NO,,,26/06/2024 TSB,0,0,0,0,0,,2025-03-04 17:32:16.0000000,Drew.Gallagher,,Coventry RDC Unit 2  - 7406305,,,,,-998893610,0,0,278,0,0,0,0,618783,LWA,,Route Services,RDC,Workplace - TFM,280,0,432887,09-10-2025 09:02:49
12359,,E2341481,Carnforth Bottom End Yard Works Delivery Office & Gates,Railway Yard off Sand Lane,Warton,Carnforth,,,LA5 9NJ,looks.declines.shredder,,1120,0,34,679,,"Yes - Siemens ","851031 IMDM, Carlisle, Indirect",Delivery Units,08/01/2026 TSB,190,0,0,0,0,"Gate Coder 2005
located in green GRP cubicle on roadway at far end of Bottom End Yard.
400/5 cts 100 amp fuses
MEx L&G IP 192.168.8.15 Port 18507 fitted 08/01/2026",2026-01-08 13:31:24.0000000,Terry Bleasdale,,Carnforth Bottom End Yard MDU-2341481,,,,,0,0,0,278,1540,1,3003,0,851031,CBC1,,LNW,North West,Carlisle,280,0,0,09-01-2026 04:00:43
9021,,2370772,GSM-R - Warminster 1162,Warminster Station Car Park,Warminister,Wiltshire,,,BA12 9BP,,,1123,0,36,676,11/11/2010,Yes - UPL,"895031 IMDM, Swindon, Indirect",,,0,0,0,0,113,,2025-03-04 17:34:17.0000000,Drew.Gallagher,,Warminster GSM-R site 1162-2370772,,,,,-1176503297,0,0,278,1452,6,895031,522000,892031,SAL," ",Wales & Western,Western,West,280,51.21825,-2.192093,09-10-2025 09:02:32
19524,,7406023,Redcar Signal Box (Water),West Dyke Road,Redcar,Cleveland,,,TS10 3ED,,,1117,0,0,669,,,Yes,,,0,0,0,0,0,,2025-03-04 17:30:05.0000000,Drew.Gallagher,,Redcar Signal Box (Water)-7406023,,,,,-1771183813,0,0,0,0,0,0,0,118613,,,Eastern,North & East,Middlesbrough,0,0,0,09-10-2025 09:02:47
7513,,8009005,Stranton SB ~ OLD RECORD ~ (Closed),Stranton Crossing,Mainsforth Terrace,Hartlepool,Cleveland,,TS24 7QT,,,1092,0,0,669,,,,,,0,0,0,0,71,"Site Location - Off A178 / A179 Hartlepool.
Site Access - Key RKB 222 BR Meter No. 2049
Site Usage Notes - No other usages.  RT",2018-03-26 11:29:25.5730000,Andrew Vickers,,Stranton SB ~ OLD RECORD ~-8009005,,,,,-1105677204,0,0,276,480,0,0,0,0,LEN3,,X-Deleted,Old Record,,280,0,0,09-10-2025 09:02:30
21959,,G7406303,Coventry RDC Unit 2 GAS,Unit 2 Vespa Point Prologis Park,Central Boulevard,Coventry,,,CV6 4QJ,,,1120,0,0,0,24/10/2022,Yes - utilitec,,,26/06/2024 TSB,0,0,0,0,0,In Green GRP cabinet in yard through gates by enterance door to the stores counter,2025-03-04 17:32:11.0000000,Drew.Gallagher,,Coventry RDC Unit 2  - 7406303,,,,,282295089,0,0,278,0,0,0,0,618783,LWA,,Route Services,RDC,Workplace - TFM,280,0,0,09-10-2025 09:02:49
2700,,E2340949,Atherstone Station Signalling REB & Welfare cabin,Minions Close,Atherstone,Warwickshire,,,CV9 2BD,,,1120,0,0,667,21/08/2014,Yes - Siemens AMR Phase 2,"858031 IMDM, Stafford, Indirect",Delivery Units,08/04/2021 TSB,0,0,0,0,102,"On Minions close meter located at the end down slope in fenceline adjacent with access gate

Water Grid Ref: SP 30533 97682
Eastings,Northings:430533, 297682

ELR
LEC2 (102m 206yd)     (102m 9ch)      (164km 341m)
     Distance to:(45m)     (48yd)
     RUGBY T V JNC - STAFFORD SOUTH
",2025-03-04 17:31:24.0000000,Drew.Gallagher,,Atherstone Station Signalling REB-2340949,,,,,736212339,0,0,278,210,3,858031,0,858031,LEC2,,LNW,WCS,Stafford,280,0,0,09-10-2025 09:02:16
9225,,E2341188,Flixton GSM-R 6099 (CLOSED),Flixton Road,Urmston,Manchester,,,M41 6JL,,,1092,0,0,679,15/04/2011,Yes - UPL,"854031 IMDM, Manchester, Indirect",GSMR,17/09/2021 TSB,0,0,0,0,27,"drive through car park onto access trackway to GSMR mast stop by woode n gate post (approx 10m and cubcile is on RHS 5 metres to teh right
disconnection request submitted 13/08/2021
de energised SMS (D Berry) 17/09/2021 ",2022-06-20 15:17:58.0000000,Terry Bleasdale,,Flixton GSM-R 6099-2341188,,,,,368421409,0,0,276,1504,6,854031,0,854031,MAJ," ",X-Deleted,Old record,Manchester,280,0,0,09-10-2025 09:02:32
12807,,7405820,Ley Level Crossing (water) (Closed),Ley Lane,Minsterworth,Gloucester,Gloucestershire,,GL2 8JU,,,1092,0,0,676,,,,,,0,0,0,0,0,"Site no longer manner an no need for a water supply, supply  disconnected in 2012 confromation by STW in notes. 
",2018-03-26 11:25:17.2430000,Andrew Vickers,,Ley Level Crossing (water)-7405820,,,,,547877042,0,0,276,0,0,0,0,0,,,X-Deleted,,,280,0,0,09-10-2025 09:02:40
7540,,8048002,Cherry Tree Level Crossing,Cherry Tree Lane,Beverley,North Humberside,,,HU17 0AX,,,1117,0,0,671,14/09/2011,Yes - EDF Phase 1,"848031 IMDM, York, Indirect",,,0,0,0,0,8,"Site Location - from station car park, TR (walk) onto Trinity Lane (one-way traffic oncoming), 200m and TR onto Wilbert Lane, 230m and LX conspic on r.h.s.; across LX and meter pillar conspic on r.h.s.
Site Access - Dual locking bar : 221 + 'other'
Site Usage Notes - LX floodlighting, PER  Emergency Cabin RT
",2025-03-04 17:30:58.0000000,Drew.Gallagher,,Cherry Tree Level Crossing-8048002,,,,,-1028515666,0,0,278,840,7,848031,0,118615,HBS,,Eastern,North & East,York,0,0,0,09-10-2025 09:02:30
4097,,2360713,TP Hut - Birchington (De-Energised) 10-04-15,Coleman s Stairs Road,off Epple Bay Road,Birchington On Sea,Kent,,CT7 9EH,,,1122,0,0,0,,,No,,10/04/2015,0,0,0,0,71,"TRANSPORT:  
SITE DIRECTIONS: From  
METER LOCATION:  
SITE NOTES: De-energised in Ecoes 10/04/15. 
KEYS REQUIRED:  
METER TYPE:  
CONTACT:  
MAP REFS: 
ELR_ VIR- 71 m. 105 y.  
OS REF: TR-30317,69514. 
LAT: 51.377927 - LONG: 1.308167 
EASTINGS: 630317 - NORTHINGS: 169514
",2025-07-31 13:00:39.0000000,George.Murray@networkrail.co.uk,,Birchington TP Hut-2360713,,,,,-1990506615,0,0,276,105,0,0,0,0,VIR,,Southern,Kent,Ashford,280,51.37793,1.308167,09-10-2025 09:02:19
21956,,E7406300,Coventry RDC Unit 1,Unit 1 Vespa Point Prologis Park,Central Boulevard,"Coventry ",,,CV6 4QJ,,,1120,0,0,0,,YES,,,26/06/2024 TSB,0,0,0,0,0,"CT meter chamnber located inside warehouse  building 
CT ratio 500/5?",2025-11-17 14:20:04.0000000,Terry Bleasdale,,Coventry RDC Unit 1 - 7406300,,,,,0,0,0,278,0,0,0,0,618783,LWA,,Route Services,RDC,Workplace - TFM,280,0,0,18-11-2025 04:00:16
19724,,,Cannon Street Tnt - Bank Machine ATM ref E009841,,,,,,,,,1092,0,0,0,,,,,,0,0,0,0,0,,2017-04-19 11:42:35.8030000,Andrew Vickers,,,,,,,-503646719,0,0,0,0,0,0,0,0,,,Tenant Billing,Tenants,,280,0,0,09-10-2025 09:02:47
22762,,ABD17205,5 ARCHES 33-37 SOUTH COLLEGE STREET," ",Aberdeen,Aberdeen,Aberdeenshire,,AB11 6LE,,,1126,0,0,0,,,,,,0,0,0,0,0,,2025-03-12 12:24:13.0000000,Grace.Emmence,,,,,,,1539196690,0,0,1112,0,0,0,0,705210,,,Scotland Commercial Property,Scotland,Retail/storage space,0,0,0,09-10-2025 09:02:52
9145,,2310371,Wymondham GSM-R (6251),Track behind Stalworthy Manor Farm,Suton Lane,Wymondham,Norfolk,,NR18 9JG,,,1117,0,0,670,16/09/2014,Yes - Siemens AMR Phase 2,"822031 IMDM, Tottenham, Indirect",,,0,0,0,0,112,"From Wymondham railway Station: Station Road to junction with London Road (B1172) Left turn and after 2km left onto Suton Lane and follow to  Stalworthy Manor Farm, immediately beyond farm turn left onto farm track leading to under track crossing..
Meter cabinet on left after crossing under railway",2025-03-04 17:30:08.0000000,Drew.Gallagher,,Wymondham GSM-R (6251)-2310371,,,,,-1459931490,0,0,278,1610,6,822031,522000,820031,ETN," ",Eastern,Anglia,Ipswich,0,0,0,09-10-2025 09:02:32
22820,,INV15607,SECOND FLOOR OFFICES - SUITE 11," ",Inverness,Inverness,x,,IV1 1LE,,,1126,0,0,0,,,,,,0,0,0,0,0,,2025-03-12 12:24:17.0000000,Grace.Emmence,,,,,,,-588189880,0,0,994,0,0,0,0,705210,,,Scotland Commercial Property,Scotland,Retail/storage space,0,0,0,09-10-2025 09:02:52
708,,2310016,Stratford Jubilee HV Substation,Gibbins Road,Stratford,London,,,E15 1AZ,,,1117,0,0,666,,,"822031 IMDM, Tottenham, Indirect",,,0,0,0,0,3,,2025-03-04 17:30:33.0000000,Drew.Gallagher,,Stratford Jubilee HV Substation-2310016,,,,,548840765,0,0,278,70,9,1001,522000,822031,DWW2,,Eastern,Anglia,Tottenham,0,0,0,09-10-2025 09:02:04
9020,*,2370611,Lostwithiel Station Signal Box (Water),Grenville Road,Lostwithiel,Cornwall,,,PL22 0EW,,,1092,0,0,0,,,Yes,,,0,0,0,0,277,,2019-07-30 11:38:32.0000000,Clare Rich,,Lostwithiel Station Signal Box; Water-2370611,,,,,161980473,0,0,276,792,0,0,0,892031,MLN3,,Western,Plymouth,Plym-Tavi Junction,280,0,0,09-10-2025 09:02:32
22905,,AGS01503,ARCH AT 48/50 GALLOWGATE," ",Glasgow,Glasgow,x,,G1 5NW,,,1126,0,0,0,,,,,,0,0,0,0,0,,2025-03-12 12:24:15.0000000,Grace.Emmence,,,,,,,-184338942,0,0,1113,0,0,0,0,705220,,,Scotland Commercial Property,Glasgow," ",0,0,0,09-10-2025 09:02:52
5961,,5332001,SB - Plumpton (CLOSED),Plumpton Station,Plumpton,East Sussex,,,BN7 3AB,,,1092,0,0,0,,,No,,,0,0,0,0,44,"Site Location - At Railway Station.
Site Access - When station isn t manned key is kept by the signalman.
Site Usage Notes - Also feeds station (TOC).  Disconnected 11/1/05",2025-07-31 13:00:30.0000000,George.Murray@networkrail.co.uk,,Plumpton Signal Box-5332001,,,,,-1510783438,0,0,276,1062,0,0,0,0,KJE1,,Southern,Sussex,Brighton,280,0,0,09-10-2025 09:02:24
21896,*,,1,,,,,,,,,1092,0,0,0,,,,,,0,0,0,0,0,,2021-04-29 08:40:24.0000000,Terry Bleasdale,,,,,,,898103907,0,0,0,0,0,0,0,0,,,,,,0,0,0,09-10-2025 09:02:49
18173,,4142354,CRH - Gravesend Down North Kent CRH2 (02366-K-02),(past bridge),,Gravesend,Kent,,DA11 0RY,,,1122,0,0,0,,Yes - EMig Con Rail Sub Meter,Yes NTfT,,,0,0,0,0,23,,2025-07-31 13:00:12.0000000,George.Murray@networkrail.co.uk,,Gravesend Down North Kent (past bridge) CRH2 (0236-4142354,,,,,305033641,0,0,278,1452,14,0,0,113671,HDR,U,Southern,Kent,Ashford,280,0,0,09-10-2025 09:02:44
9544,,E2341232,Workington No 3 Signal Box,Workington Station,Belle Isle Place,Workington,,,CA14 2XE,,,1120,0,35,681,10/10/2011,Yes - EDF,"851031 IMDM, Carlisle, Indirect",Delivery Units,03/07/2019 TSB,0,0,0,0,6,"Site Directions: Access is Via Workington Station. 
Meter Location: The Meter will be Positioned on the Meter Board on The Access Ramp from Belle Isle Place to Platform No1.
Meter Housing: Surface Mounted Electric Cabinet.",2025-03-04 17:31:57.0000000,Drew.Gallagher,,Workington No 3 Signal Box-2341232,,,,,-1941264063,0,0,278,1624,4,851031,522000,851031,CBC2,,LNW,North West,Carlisle,280,0,0,09-10-2025 09:02:35
5750,,5018005,PH(+) - Margate Station CE PH  GSM-R (2185),All Saints Avenue,Margate,Kent,,,CT9 5TQ,,,1122,0,0,666,25/09/2014,Yes - Siemens AMR Phase 2,"113658 IMDM, Ashford, Indirect",,,0,0,0,0,74,"Site Location - Turn right out of Station aproach road into All Saints Avenue. Cabinet situated on left after passing under rail bridge by Dreamland Cover Port.
Site Access - CCC2 key to cabinet.
Site Usage Notes - Points Heating Country End only.
Site is located on All Saints Road, adjacent to Entrance to All Saints Industrial Estate",2025-07-30 10:55:52.0000000,George.Murray@networkrail.co.uk,,Margate Station CE Point Heating & GSM-R (2185)-5018005,,,,,1220395608,0,0,278,30,5,113658,0,113671,VIR,,Southern,Kent,Ashford,280,0,0,09-10-2025 09:02:24
13692,,4141248,NTfT - Nunhead Signalling,St Asaph Road,Nunhead,London,,,SE4 2EA,,,1122,0,0,666,,Yes - EDF Sub Meter,Yes NTfT,,,0,0,0,0,6,Also supplied by 4141249 and 5068002,2025-07-30 10:55:41.0000000,George.Murray@networkrail.co.uk,,Nunhead Supply 1-4141248,,,,,1957203331,0,0,278,380,3,0,0,113671,NTL,U,Southern,Kent,Orpington,280,0,0,09-10-2025 09:02:40
18390,,4142571,CRH - Mountfield Tunnel Signal RB6 Up CRH2 (05171-K-01),Rother,,Kent,,,TN32 5JR,,,1122,0,0,677,,Yes - EMig Con Rail Sub Meter,Yes NTfT,,,0,0,0,0,51,,2025-07-31 13:00:15.0000000,George.Murray@networkrail.co.uk,,Mountfield Tunnel Signal RB6 Up CRH2 (05171-K-01)-4142571,,,,,-1376794933,0,0,278,1573,14,0,0,113671,TTH,U,Southern,Kent,Orpington,280,0,0,09-10-2025 09:02:44
9524,,2331093,Goole Station GSMR 4157,Dunhill Road,Goole,York,,,DN14 6SX,,,1117,0,0,671,05/08/2011,Yes - UPL,"848031 IMDM, York, Indirect",,,0,0,0,0,7,"Start from Goole.. 
1. Head west toward Church St, 89 ft  
2. Exit the roundabout onto Stanhope St, 0.2 mi  
3. Turn right onto Coronation St,0.1 mi  
4. Turn left onto Booth Ferry Rd, 0.2 mi   
5. Turn left onto Dunhill Rd,0.4 mi  
6. Turn right onto Grange Rd, 354 ft  
7. Take the 1st left onto Seavy Rd,0.1 mi  
8. Turn left,0.1 mi  
",2025-03-04 17:31:04.0000000,Drew.Gallagher,,Goole Station GSMR 4157-2331093,,,,,-176387907,0,0,278,77,6,848031,0,118615,TJG2," ",Eastern,North & East,York,0,0,0,09-10-2025 09:02:35
14552,,4141559,Leagrave SSP NTfT,Station Road,Leagrave,Luton,,,LU4 9BA,,,1117,0,0,671,,Yes - EDF Sub Meter,Yes NTfT,,,0,0,0,0,32,Supply shared with 1534001,2025-03-04 17:31:10.0000000,Drew.Gallagher,,Leagrave PSP NTfT-4141559,,,,,1760089828,0,0,0,1390,3,0,0,118618,SPC1,N,Eastern,East Midlands,Bedford,280,0,0,09-10-2025 09:02:44
12285,,5965068,CSR - Wadhurst North,Frant Road,Wadhurst,Wealdon,East Sussex,,TN5 6JY,,,1122,0,0,677,,No,"113658 IMDM, Orpington, Indirect",,30/05/2019,0,0,0,0,38,"TRANSPORT: Car 
SITE DIRECTIONS: From Wadhurst Station: turn Left on to STATION ROAD and continue onto FRANT ROAD (B2099). Continue until bridge and meter cabinet is located on your left.
 
METER LOCATION: Meter cabinet by rail bridge. 
SITE NOTES:  
KEYS REQUIRED: CCC2 
METER TYPE: WC 
CONTACT: John Helmer: 07920 856892 
MAP REFS: ELR_ TTH- 38 m. 1167 y.  
OS REF: TQ-61261,33478. 
LAT: 51.077966 - LONG: 0.300718 
EASTINGS: 561261 - NORTHINGS: 133478
",2025-07-30 10:55:19.0000000,George.Murray@networkrail.co.uk,,Wadhurst North Cab Secure Radio-5965068,,,,,-627839808,0,0,278,1167,6,113658,522000,113671,TTH," ",Southern,Kent,Orpington,280,51.07796,0.300718,09-10-2025 09:02:38
23067,,GLC89303,UNIT 3 BRIDGE CRT - 12 COOK ST," ",Glasgow,Glasgow,x,,G5 8JN,,,1126,0,0,0,,,,,,0,0,0,0,0,,2025-03-12 12:24:18.0000000,Grace.Emmence,,,,,,,1027046035,0,0,1112,0,0,0,0,705220,,,Scotland Commercial Property,Glasgow," ",0,0,0,09-10-2025 09:02:52
5923,,5255001,LC - Drayton AHB,Drayton Lane,Chichester,West Sussex,,,PO20 6BN,,,1122,0,0,0,11/10/2014,Yes - Siemens AMR Phase 2,"113658 IMDM, Brighton, Indirect",,,0,0,0,0,26,"Site Location - Exit Chichester Station right into Stockbridge Road take first exit at roundabout onto A27  at third roundabout exit onto A259 towards Bognor Regis  then left into Drayton Lane (B2144)  continue to Level Crossing.
Site Access - CCC2 key for cabinet.
Site Usage Notes - Level Crossing no other usages.  Meter reader noted the meter # was H04C07437 on 30/9/2008",2025-07-30 10:55:32.0000000,George.Murray@networkrail.co.uk,,Drayton AHB Level Crossing-5255001,,,,,-769390301,0,0,278,1061,7,113658,0,113671,TBH2,,Southern,Sussex,Brighton,280,0,0,09-10-2025 09:02:24
22329,,E2331660,Ashwood Business Park Unit 1,"Ashwood Business park ",Birchwood Way,"Ashington, Newcastle","Northumberland ",United Kingdom,NE63 0XD,,,1117,0,0,0,,,,,,0,0,0,0,0,change of cost centre to  541118 from 118615 - siemens are the tenants not NR,2025-03-04 17:29:54.0000000,Drew.Gallagher,,,,,,,-1100684789,0,0,278,0,0,0,0,541118,,,Eastern,North & East,Middlesbrough,280,0,0,09-10-2025 09:02:52
13855,,2331415,Littleworth Level Crossing MCB-OD,Littleworth Drove,Deeping St Nicholas,Spalding,,,PE11 3DF,,,1117,0,0,671,,,No,,,0,0,0,0,87,"Site Directions:
Located on Littleworth Drove.
The DNO cubicle is single sided located within the fence line, outside the MEH compound.
No requirement to go on or near the line to access the cubicle.
",2025-03-04 17:30:29.0000000,Drew.Gallagher,,Littleworth Level Crossing MCB-OD-2331415,,,,,1759551187,0,0,278,1364,7,0,0,118619,WEB,,Eastern,East Midlands,Lincoln,280,0,0,09-10-2025 09:02:40
14270,,2380121,Managed Station Tenants - Edinburgh Waverley Station (Elec),Waverley Station,,Edinburgh,,,EH1 1BB,,,1121,0,62,672,,,,,,0,0,0,0,0,EDB,2025-03-04 17:32:23.0000000,Drew.Gallagher,,Edinburgh Waverley Station Tenants (Elec)-2380121,,,,,-934428839,0,0,278,0,0,0,0,752459,,,Scotland's Railway - Scotland,Managed Stations,Edinburgh Waverley Station Tenants,280,0,0,09-10-2025 09:02:40
9190,,2331055,Widdrington  GSM-R site 0478,Network Rail Cell Site,Widdrington,Morpeth,Northumberland,United Kingdom,NE61 5DR,,,1117,0,0,669,27/05/2011,Yes - UPL,"846031 IMDM, Newcastle, Indirect",,,0,0,0,0,24,"1. Head northwest on Newgate St/A192 toward Percy Ct,Continue to follow A192,Go through 1 roundabout 1.5 mi  
2. Take the ramp onto A1,4.7 mi  
3. Turn right (signs for Acklington/Widdrington),
Destination will be on the left 3.1 mi  
",2025-03-04 17:30:40.0000000,Drew.Gallagher,,Widdrington  GSM-R site 0478-2331055,,,,,504259703,0,0,278,1436,6,846031,522000,118613,ECM7," ",Eastern,East Coast,Newcastle,0,0,0,09-10-2025 09:02:32
3927,,2360449,REB - Chilham Mill LC,Mill Lane,Chilham,Kent,,,CT4 8EE,,,1122,0,0,0,26/11/2014,Yes - Siemens AMR Phase 2,"113658 IMDM, Ashford, Indirect",,Jan 2017,0,0,0,0,64,Site is located on Mill Lane adjacent to Level Crossing & MOT Garage,2025-07-30 10:55:53.0000000,George.Murray@networkrail.co.uk,,Chilham Mill LC REB-2360449,,,,,-987435969,0,0,278,1680,3,113658,0,113671,ACR,,Southern,Kent,Ashford,280,51.2429,0.973215,09-10-2025 09:02:19
23364,,Fuel: Undef Eastern,Undefined - Eastern,,,,,,,,,1117,0,0,0,,,,,,0,0,0,0,0,,2025-11-20 17:31:19.0000000,Wendi Wheeler,,,,,,,0,0,0,0,0,0,0,0,0,,,Eastern,Other,Unknown,0,0,0,21-11-2025 04:00:37
21868,,E2331610,Thorn Lane Offices,Thorn Lane,Long Sandall,Doncaster,,United Kingdom,DN2 4RD,,,1117,0,0,0,,,,,,0,0,0,0,20,"I believe this is correct, I have cc’d in Roger Myatt-Turner who is the Route Facilities Manager to confirm.
Roger -  what cost centre does this need charging to? - 706212",2025-03-04 17:30:53.0000000,Drew.Gallagher,,,,,,,-1831360020,0,0,278,616,0,0,0,118616,BKS,,Eastern,East Coast,Doncaster,280,0,0,09-10-2025 09:02:49
22042,*,,Pizza Pilgrims LTD,,,,,,,,,1092,0,0,0,,,,,,0,0,0,0,0,,2020-12-04 14:26:31.0000000,Gary Parker,,,,,,,-1119149739,0,0,0,0,0,0,0,0,,,,,,0,0,0,09-10-2025 09:02:49
4503,,2370351,GSM-R - West Drayton,Station Approach,West Drayton,Yiewsley,,,UB7 8EA,,,1123,0,36,666,16/12/2014,Yes - Siemens AMR Phase 2,"893031 IMDM, Reading, Indirect",,,0,0,0,0,13,"Site Location - Exit from West Drayton Station turn left. And walk down Station Approach to bus stop. The Cabinet in on LHS under advertising hoarding near a bus stop.
Site Access - 221 & Triangle key",2025-03-04 17:34:17.0000000,Drew.Gallagher,,West Drayton GSM-R-2370351,,,,,-773517072,0,0,278,480,6,893031,522000,893031,MLN1," ",Wales & Western,Western,East,0,51.51015,-0.4728734,09-10-2025 09:02:21
4028,,2360615,Kemsing Station GSM-R (False Record),,,,,,TN15 6HU,,,0,0,0,677,,,No,,,0,0,0,0,0,"Site Usage Notes - MPAN never registered/metered
05/10/16 No GSM-R ever installed this is a false record...JKB",2025-08-21 10:38:58.0000000,Wendi Wheeler,,Kemsing Station GSM-R-2360615,,,,,2126446834,0,0,0,0,6,0,0,0,0," ",X-Deleted,xKent,,280,0,0,09-10-2025 09:02:19
22743,,ABD17011,11 PALMERSTON ROAD - ARCH (INCLUDED IN 907742009)," ",Aberdeen,Aberdeen,Aberdeenshire,,AB11 6LJ,,,1126,0,0,0,,,,,,0,0,0,0,0,,2025-03-12 12:24:09.0000000,Grace.Emmence,,,,,,,-310215729,0,0,1112,0,0,0,0,705210,,,Scotland Commercial Property,Scotland,Retail/storage space,0,0,0,09-10-2025 09:02:52
14314,,2331443,Hykeham Level Crossing RLSE 076B,Station Road,,North Hykeham,,,LN6 9AT,,,1117,0,0,671,,,No,,,0,0,0,0,29,"Site Directions:
At road verge",2025-03-04 17:30:31.0000000,Drew.Gallagher,,Hykeham Level Crossing RLSE 076B-2331443,,,,,-573771627,0,0,278,44,7,0,0,118619,NOB1,,Eastern,East Midlands,Lincoln,280,0,0,09-10-2025 09:02:40
4306,,2370127,Maintenance Delivery Unit > - Severn Tunnel,Station Road,Rogiet,Newport,Gwent,,NP26 3SP,,x,1123,0,10,676,29/09/2014,Yes - Siemens AMR Phase 2,"894031 IMDM, Cardiff, Indirect",,,0,0,0,0,148,"off station road turn left enter station car park on the right is a brick kiosk meter is located inside on the left wall				
Site Usage Notes - Meter reading                                     06/06/00 :- 268238  05/03/01 :- 391940  05/06/01 :- 432701  06/09/01 :- 465970  03/01/02 :- 503175.
ATW usage Station Lighting, Car Park, Ticket Office, CCTV & CIS
",2025-03-04 17:34:23.0000000,Drew.Gallagher,,Severn Tunnel Junction & Yard-2370127,,,,,386214240,0,0,278,1342,9,7001,522000,894031,SWM2,,Wales & Western,Wales,Cardiff,280,51.58451,-2.774184,09-10-2025 09:02:21
1594,,2330352,Eagle Barnsdale Level Crossing (56A),Eagle,Lincoln,Linconshire,,,LN6 9EB,,,1117,0,0,671,10/06/2014,Yes - Siemens AMR Phase 2,"901031 IMDM, Derby, Indirect",,,0,0,0,0,25,"Site Access - Not known
Site Usage Notes - No other usage?
Meter located in steel cabinet in fenceline at level crossing adjacent with wooden shack",2025-03-04 17:30:18.0000000,Drew.Gallagher,,Eagle Barnsdale Level Crossing (56A)-2330352,,,,,2088875131,0,0,278,1410,7,901031,0,118619,NOB1,,Eastern,East Midlands,Lincoln,0,0,0,09-10-2025 09:02:12
661,,W2230001,Hartford Junction Welfare Cabin (Water),Hodge Lane,Hartford,Northwich,Cheshire,,CW8 3AG,,,1120,0,58,679,03/11/2020,,Yes,Delivery Units,08/10/2025 TSB,0,0,0,0,170,"Site Location - Off Lodge Lane into Railway Yard
in brown insulated chamber at back of welfate cabin",2025-10-09 10:16:04.0000000,Terry Bleasdale,,Hartford Junction (Water)-2230001,,,,,0,0,0,278,698,0,0,0,852031,CGJ1,,LNW,North West,Liverpool,280,0,0,16-10-2025 11:58:00
7753,,8591022,Nunthorpe Signal Box,Guisborough Road,Nunthorpe,MIDDLESBOROUGH,Cleveland,,TS7 OJA,,,1117,0,0,669,,,Yes,,,0,0,0,0,4,"Site Location - A19 South of Middlesbrough onto A174 to 3rd Junction onto A172 straight over roundabout next left to Crossing.
Site Access - From main road
Site Usage Notes - No Other Usage RT.",2025-03-04 17:30:47.0000000,Drew.Gallagher,,Nunthorpe Signal Box-8591022,,,,,387252457,0,0,0,550,0,0,0,118613,MBW1,,Eastern,North & East,Middlesbrough,0,0,0,09-10-2025 09:02:30
22345,,2371198,Signalling Supply Point + - Gobowen,Gobowen Station,,Gobowen,Oswestry,,SY11 3JS,,,1123,0,5,0,,,,,23/10/2023,0,0,0,0,189,From the B5069 drive across the level crossing and the DNO cubicle is situated immediately on the left on the grassy area directly behind the existing seating.,2025-03-04 17:34:39.0000000,Drew.Gallagher,,,,,,,1976991587,0,0,278,1222,0,0,0,891031,WSJ2,,Wales & Western,Wales,Shrewsbury,280,52.89412,-3.037526,09-10-2025 09:02:52
1901,,2330871,Oxford Street Point Heating,Oxford Street,New Boultham,Lincoln,,,LN5 7EZ,,,1117,0,0,671,21/03/2012,Yes - EDF Phase 1,"901031 IMDM, Derby, Indirect",,,0,0,0,0,82,Site Location - Lincoln Staion - East end of Platform (Oxford St end of Staion Car Park),2025-03-04 17:30:26.0000000,Drew.Gallagher,,Oxford Street Point Heating-2330871,,,,,-1086782650,0,0,278,749,5,2002,0,118619,SPD3,,Eastern,East Midlands,Lincoln,0,0,0,09-10-2025 09:02:12
3314,,E2352024,zzz - Stores - Aberdeen S&T Store (Arch 5),Palmerston Road,,Aberdeen,,,AB11 5RE,,,1121,0,33,673,,,No,,,0,0,0,0,0,"Site Location - from South College Street (by power signal box) head south and turn left under railway and left again into Palmerston Place; arch 5 is 65metres along
Site Access - direct off Palmerston Road
Site Usage Notes - S&T store - lighting only (minimum use  no regular occupation)
Returned to Property late 2014",2025-03-04 17:32:57.0000000,Drew.Gallagher,,Aberdeen S&T store Arch 5-2352024,,,,,-2106469270,0,0,278,0,0,0,0,862031,,,Scotland's Railway - Scotland,Delivery Units,Perth DU,280,0,0,09-10-2025 09:02:18
22493,,E2331701,"Luton SSP, Relay Room & TER",Station Road,,Luton,Bedfordshire,United Kingdom,LU1 2LT,,,1117,0,0,0,,,,,,0,0,0,0,30,,2025-03-04 17:30:16.0000000,Drew.Gallagher,,"K-L\Luton SSP, Relay Room & TER","D:\Network Rail\DocumentStore\K-L\Luton SSP, Relay Room & TER\F001 - E2331701 - 1050002608139 - Luton SSP, Relay Room & TER.xlsx",,,,-1312807183,0,0,278,594,0,0,0,118619,SPC1,,Eastern,East Midlands,Bedford,280,0,0,09-10-2025 09:02:52
22785,,EDB20104,"ARCHES 4-5, 10 ABBEYHILL EH8 8EE"," ",Edinburgh,Edinburgh,x,,EH8 8HJ,,,1126,0,0,0,,,,,,0,0,0,0,0,,2025-03-12 12:24:15.0000000,Grace.Emmence,,,,,,,1165477353,0,0,994,0,0,0,0,705210,,,Scotland Commercial Property,Scotland,Retail/storage space,0,0,0,09-10-2025 09:02:52
10087,,2341351,GSM-R - Hawarden Station (4355),Off Bannel Lane,Little Mountain,Buckley,Chester,,CH7 3BD,,,1123,0,36,683,22/08/2012,Yes - UPL,"891031 IMDM, Shrewsbury, Indirect",,,0,0,0,0,8,"Site Directions: Start from Buckley...
 1. Head southeast,26 ft  
 2. Turn left toward Mill Ln/B5127,200 ft  
 3. Turn right onto Mill Ln/B5127,164 ft  
 4. Take the 1st left onto Windmill Rd/A549,continue to follow A549,0.7 mi  
 5. Turn right onto Brook St,0.1 mi  
 6. Continue onto Bannel Ln, Destination will be on the right, 0.5 mi
",2025-03-04 17:34:11.0000000,Drew.Gallagher,,Hawarden Station GSM-R 4355-2341351,,,,,-269903591,0,0,278,1193,6,891031,0,891031,WDB1," ",Wales & Western,Wales,Shrewsbury,280,53.15987,-3.055055,09-10-2025 09:02:35
13841,,4141374,NTfT - West Wickham Signalling,Rays Lane,,West Wickham,Kent,,BR4 0EQ,,,1122,0,0,0,10/04/2014,Yes - EDF Sub Meter,Yes NTfT,,09/05/2018,0,0,0,0,13,"TRANSPORT: Train & Walk 
SITE DIRECTIONS: From West Wickham Station: Exit station onto RAYS LANE turn left into Builders merchants yard and proceed to far end and Substation is located just behind bins. 
METER LOCATION: Meter is located inside Substation. 
SITE NOTES: Need to contact LEWISHAM ECR prior to access. Also supplied by 5054002
KEYS REQUIRED: Abloy & Substation Entry Key 
METER TYPE: CT",2025-07-31 13:00:26.0000000,George.Murray@networkrail.co.uk,,West Wickham Supply-4141374,,,,,-2013860088,0,0,278,179,3,0,0,113671,LCH,U,Southern,Kent,London Bridge,280,51.38281,-0.016828,09-10-2025 09:02:40
18502,,4142683,CRH - Robertsbridge Up CRH2 (04933-K-01),Robertsbridge Station,,Kent,,,TN32 5DQ,,,1122,0,0,677,,Yes - EMig Con Rail Sub Meter,Yes NTfT,,,0,0,0,0,49,,2025-07-30 10:55:13.0000000,George.Murray@networkrail.co.uk,,Robertsbridge Up CRH2 (04933-K-01)-4142683,,,,,-1092022034,0,0,278,726,14,0,0,113671,TTH,U,Southern,Kent,Orpington,280,0,0,09-10-2025 09:02:44
22374,,E2331671,Fenham ASG Track Section Cabin,Fishers Back Road,Fenham,Berwick-upon-Tweed,Northumberland,United Kingdom,TD15 2PL,,,1117,0,0,0,,,,,,0,0,0,0,56,,2025-03-04 17:30:50.0000000,Drew.Gallagher,,Fenham ASG Track Section Cabin,C:\Network Rail\DocumentStore\Fenham ASG Track Section Cabin\F001 - E2331671 - 1800061268185 - Fenham ASG Track Section Cabin.xlsx,,,,-887610454,0,0,278,1700,0,0,0,118613,ECM7,,Eastern,East Coast,Newcastle,280,0,0,09-10-2025 09:02:52
8158,,W9813004,Depot - Glasgow Central Salkeld Street Ex SC (Water),Glasgow Central Salkeld Street Depot,Salkeld Street,Glasgow,lanarkshire,Scotland,G5 8HE,,,1121,0,33,680,,,Yes,,1/11/17  RE,0,0,0,0,0,"*** WARNING DO NOT ENTER THE OLD SIGNAL CENTRE  BUILDING THROUGH WHICH YOU WALK TO ACCESS THIS METER. THE BUILDING HAS BEEN QUARANTINED AND LOCKED DOWN DUE TO ASBESTOS CONTAMINATION. PLEASE CONTACT UTILTIES SPECIALIST FOR FURTHER DETAIL*** VM 20/06/2024

Site Location - water meter located in low brick enclosure at base of bldg west elevation within perimeter of air receiver external compound.

Access: via entrance into former Parcels Depot site at 90 Salkeld Street and follow roadway around to right, 50m and right again and down to ground floor/powerhouse access [or via locked gates on Cook Stree] thence via compressor/UPS room and firedoor into external compound

Usage notes: consequent to relocation of signalling staff to WSSC, building now ad hoc occupation by LOM/MOM and maintenance staff

 msn 83273652 mtr rdgs:
30jun17 = 29497m3,
1nov17 = 29509m3;

msn 83273652 reading today [30/10/2018] = 29553m3",2025-03-04 17:32:24.0000000,Drew.Gallagher,Utilities Scotland <UtilitiesScotland@networkrail.co.uk>,Glasgow Central Signalling Centre-9813004,,,,,245604754,0,0,278,20,0,0,0,863031,AYR1,,Scotland's Railway - Scotland,Delivery Units,Glasgow DU,280,0,0,09-10-2025 09:02:30
22366,,E2331670,Fleckney Maintenance Depot,Unit 7,Marlborough Drive,Fleckney,Leicestershire,United Kingdom,LE8 8UR,,,1117,0,0,0,,,,,,1141,0,0,0,89,"Remote site approx 1.3 miles from nearest ELR. ",2025-10-01 13:20:34.0000000,rob.dickinson@networkrail.co.uk,,Fleckney Maintenance Depot,"C:\Network Rail\DocumentStore\Fleckney Maintenance Depot\Electicity - F001 Connection Form - Fleckney, Leicestershire.xls",,,,1767756899,0,0,278,1400,0,0,0,118619,SPC3,,Eastern,East Midlands,Derby,280,0,0,09-10-2025 09:02:52
22030,*,,Test7,2 Test Way,,Teston,,,TS1 GNF,,,1092,0,0,0,,,,,,25000,0,0,500,0,,2020-09-27 11:32:33.0000000,Denzel Collins,,,,,,,897479666,0,0,0,0,0,0,0,0,,,,,,280,0,0,09-10-2025 09:02:49
5910,,5236002,SS - Hildenborough Rings Hill Signal Supply,Rings Hill,,Hildenborough,Kent,,TN11 8LY,,,1122,0,0,677,22/09/2014,Yes - Siemens AMR Phase 2,"113658 IMDM, Orpington, Indirect",,30/07/2021,0,0,0,0,26,"TRANSPORT: Car SITE DIRECTIONS: From Hildenborough Station: Exit StationTurn right out of approach road into RINDS HILL continue to road bridge. METER LOCATION: Meter located on bridge SITE NOTES: Site Usage Notes - Signal Supply.
Also supplied by 4141542 and 4141543 NTfT KEYS REQUIRED: CCC2 METER TYPE: WC CONTACT:  MAP REFS: ELR_ XTD- 26 m. 1723 y.  OS REF: TQ-55597,48567. LAT: 51.215113 - LONG: 0.226441 EASTINGS: 555597 - NORTHINGS: 148567
",2025-07-30 10:55:57.0000000,George.Murray@networkrail.co.uk,,Rings Hill Signal Supply-5236002,,,,,-172610967,0,0,278,1723,3,113658,522000,113671,XTD,,Southern,Kent,Orpington,280,51.21511,0.226441,09-10-2025 09:02:24
6550,,6133008,Holme Lode CCTV Crossing (89),Holme,Peterborough,Cambridgeshire,,United Kingdom,PE7 3,,,1117,0,0,670,20/10/2014,Yes - Siemens AMR Phase 2,"843031 IMDM, Hitchin, Indirect",,,0,0,0,0,70,"Site Location - South from Peterbtough on A1 for 7.5km  left onto B660 through Holme to rail crossing (3km) North on an unclassified road 1km right to the crossing.
Site Access - RKB221 or P key required.
Site Usage Notes - No other usages. RT",2025-03-04 17:29:58.0000000,Drew.Gallagher,,Holme Lode CCTV Crossing (89)-6133008,,,,,1411129408,0,0,278,40,7,843031,0,118617,ECM1,,Eastern,East Coast,Peterborough,0,0,0,09-10-2025 09:02:27
3379,,W2352114,SB - Girvan (Water),fed from FSR s station supply,Vicarton Street,Girvan,,,KA26 0QF,,,1121,0,45,680,,,Yes,,,0,0,0,0,0,"Site Location - A77(T) <southbound> on entering Girvan pass under rail over road bridge and TL immediately thru  UB onto station access road and 130m to gate at rear of station building
Site Access - direct from station/SB access road",2025-03-04 17:32:59.0000000,Drew.Gallagher,,Girvan signal box-2352114,,,,,-1658009923,0,0,278,400,0,0,0,861031,STR2,,Scotland's Railway - Scotland,Operations,OM Glasgow,280,0,0,09-10-2025 09:02:18
2463,,2340626,Crewe MDU and Salop Goods S/Box (Gas) Oncharge,Unipart Rail Gresty Road,Crewe,Cheshire,,,CW2 6EA,,,1120,0,0,679,,," ",,18/06/2019 TSB,0,0,0,0,158,"Site Usage - Salop Goods Signal Box  meter 3106581S agreement UNI-NR 316  0910
                      Crewe MDU Depot meter 4822045S Agreement UNI-NR 316  0910",2025-03-04 17:32:12.0000000,Drew.Gallagher,,Crewe National Railway Supplies Depot (Gas)-2340626,,,,,616875993,0,0,278,1550,1,0,0,0,LEC5,,LNW,Liverpool,,280,0,0,09-10-2025 09:02:16
7283,,7494023,Wickford Motorised Switch,Castledon Road bridge,Wickford,Essex,,,CM11 1LP,,,1117,0,0,670,12/11/2014,Yes - Siemens AMR Phase 2,"821031 IMDM, Romford, Indirect",,,0,0,0,0,28,"Site Location - On  Castledon Road  just  before railway bridge on right hand side down the bank.
Site Access - LT205 key required
Site Usage Notes - Motorised isolation switch
Good access, might need to dig to open enough for install",2025-03-04 17:29:53.0000000,Drew.Gallagher,,Wickford Motorised Switch-7494023,,,,,1285864442,0,0,278,97,0,821031,522000,821031,SSV,,Eastern,Anglia,Romford,0,0,0,09-10-2025 09:02:27
6231,,5677140,LC - Chartham Hatch AHB,Hatch Lane,Chartham,Canterbury,Kent,,CT4 7LW,,,1122,0,0,0,07/11/2014,Yes - Siemens AMR Phase 2,"113658 IMDM, Ashford, Indirect",,,0,0,0,0,58,"Site Location - From Chartham Station Approach Road go right up hill to A28 junction main road cross over into Hatch Lane follow lane up to Level Crossing.
Site Access - No lock
Site Usage Notes - Superloc Cab Secure Radio and Crossing Keepers Hut.",2025-07-30 10:55:32.0000000,George.Murray@networkrail.co.uk,,Chartham Hatch AHB Level Crossing-5677140,,,,,-783241227,0,0,278,1430,7,113658,0,113671,FDM," ",Southern,Kent,Ashford,280,0,0,09-10-2025 09:02:24
12116,*,7405695,Taunton MDU (Gas),Plais Street,Taunton,Somerset,,,TA2 7PR,,,1092,0,0,0,,,,,,0,0,0,0,162,Site Location - M5 Jct 25 take A358 towards Taunton.At 3rd roundabout turn right over railway turn left at roundabout follow to station.turn left immediately before station continue through car park  past allotments to small car park in front of 2 storey IM building.,2017-03-14 14:13:50.7130000,Andrew Vickers,,Taunton MDU (Gas)-7405695,,,,,-244225522,0,0,0,1733,0,0,0,0,MLN1,,Western,Plymouth,Exeter-Taunton,0,0,0,09-10-2025 09:02:38
18697,,4142878,CRH - West Croydon Bay Platform 1 CRH2 (01030-S-01),West Croydon Station?,,Croydon,,,CR0 2RD,,,1122,0,0,666,,Yes - EMig Con Rail Sub Meter,Yes NTfT,,,0,0,0,0,10,,2025-07-30 10:55:17.0000000,George.Murray@networkrail.co.uk,,West Croydon Bay Platform 1 CRH2 (01030-S-01)-4142878,,,,,1664213673,0,0,278,660,14,0,0,113671,NFE,U,Southern,Sussex,Croydon,280,0,0,09-10-2025 09:02:47
22449,,,Llandudno Station APCOA Car Park,Augusta St,,Llandudno,,,LL30 2AF,,,1092,0,0,0,,,,,,0,0,0,0,0,"This can be accessed from Llandudno car park with it being located on the rear end of the car park and inside the LV enclosure.					
					
",2023-09-18 07:30:36.0000000,Clare Rich,,,,,,,-1136187316,0,0,0,0,0,0,0,710550,,,Property,,,280,0,0,09-10-2025 09:02:52
14221,,E2352370,REB - Bowland,nr Bridge SBO-080 on B710 road,Bowland,Galashiels,,Scotland,TD1 1UH,,,1121,0,68,669,,Yes - EDF,"860031 IMDM, Edinburgh, Indirect",,21/10/2015  RE,0,0,0,0,29,"Directions: A7 to road junction with B710 (signed 'Clovenfords'), fork <west> onto B710 and supply kiosk conspic on r.h.s. (inside post+wire fence) before passing under bridge SBO-080;
534 on outer gate;",2025-03-04 17:32:42.0000000,Drew.Gallagher,Utilities Scotland <UtilitiesScotland@networkrail.co.uk>,Bowland REB-2352370,,,,,-1470717862,0,0,278,1120,3,5001,0,860031,SBO," ",Scotland's Railway - Scotland,Delivery Units,Edinburgh DU,280,0,0,09-10-2025 09:02:40
4948,*,2540047,"Signal Box - Holywell Junction ",Station House,Station Road,Greenfield,Flintshire,,CH8 7EL,,,1092,0,6,683,03/12/2014,Yes - Siemens AMR Phase 2,"891031 IMDM, Shrewsbury, Indirect",,,0,0,0,0,195,"Site Location - Follow the A548 Coast Road from Flint to Prestatyn. On entering Greenfield  turn right after the Queens Head Public House into Station Road. Follow the road to the site
Site Access - Access from within the former station house       Special key kept in the signal box
Site Usage Notes - Relay  Room - Railtrack
At the end of station road through gates to the end, old stationhouse privately owned ask for assistance and they will direct you to the meter which is located in outbuilding with white door then through another wooden door, meter is located behind the door on wall in small steel unit",2019-08-21 11:42:47.0000000,Adam De Benedictis,,Holywell Junction Signal Box-2540047,,,,,1446577813,0,0,0,1660,4,891031,0,891031,CNH3,,Wales,Shrewsbury,Chester,280,53.29308,-3.208427,09-10-2025 09:02:21
6180,,5677040,TOC - Kent House PH  (LSER) (2 Ends),Kent House Station,,London,,,BR3 1JF,,,1122,0,0,0,,,No,,,0,0,0,0,7,"Site Location - At the station.
Site Access - Key is kept in the ticket office
Site Usage Notes - Incoming charge from Connex SE.Supplies Station and Railtrack London End Points Heating.Post June 99 NOT RAILTRACK SUPPLY",2025-07-31 13:00:36.0000000,George.Murray@networkrail.co.uk,,Kent House Points Heating-5677040,,,,,-172338108,0,0,278,0,5,0,0,113671,VIR,,Southern,Kent,London Bridge,280,0,0,09-10-2025 09:02:24
6778,,6615006,Seymour Junction Signal Box (Closed 2010),Erin Road,Poolsbrook,Chesterfield,Derbyshire,,S43 3JY,,,1092,0,0,667,,,Yes,,,0,0,0,0,155,"Site Location - Signal box can be seen from the Village Road.
Site Access - Key for box in basement held by signalman.
Site Usage Notes - No other usages. RT
SP Disconnection tracker 90:- see notes",2020-07-15 10:58:27.0000000,Tom Ward,,Seymour Junction Signal Box-6615006,,,,,73603196,0,0,276,159,4,0,520000,118614,BAC3,,Eastern,North & East,Sheffield,280,0,0,09-10-2025 09:02:27
8122,,E9704020,TSC (+) - Greskine - [ASP],B7076 roadside,Greskine,Moffat,,Scotland,DG10 9SW,,,1121,0,71,681,05/09/2014,Yes - Siemens AMR Phase 2,"861031 IMDM, Motherwell, Indirect",,,0,0,0,0,45,"Site Location - B7076 <southbound>; approx 1.4kms after junction with B719  Moffat  turning (at Nether Howecleugh) TR onto dirt track leading up hill to stacking area/AAP(V) and TSC (visible)  60m to access gate

Site Access - direct from B7076/dirt track access to TSC

Site Usage Notes - TSC; per WCML SPS pjt (IP SP&C pjt contractor: Linbrooke Svcs Ltd) ASP added c.may16

Follow Postcode to Farm House, Head north up Greenhillstairs, take a left over the motorway bridge, then turn left and head south on B7076 and around 1 mile down the road you should come to a layby on your right. The meter cab is to the right before the access gate.",2025-03-04 17:32:33.0000000,Drew.Gallagher,Utilities Scotland <UtilitiesScotland@networkrail.co.uk>,Greskine TSC-9704020,,,,,2130462595,0,0,278,290,8,861031,0,861031,WCM1,,Scotland's Railway - Scotland,Delivery Units,Motherwell DU,280,0,0,09-10-2025 09:02:30
9991,,2331173,Sherburn Junction GSM-R 6303,Off Common Lane,South Milford,Leeds,,,LS25 5BX,,,1117,0,0,671,,Yes - UPL,"848031 IMDM, York, Indirect",,,0,0,0,0,14,"Start from Pontefract. 
1. Head northwest on Baxtergate toward Horse Fair,328 ft  
2. Take the 1st right onto Horse Fair,0.2 mi  
3. Continue onto Broad Ln, 187 ft  
4. Turn left onto Southgate/A645,continue to follow A645,1.6 mi  
5. Turn left onto A162, 1.4 mi  
6. Exit onto Dish Hill Fly-Over/A162 toward S.Milford/Sherburn,continue to follow A162,Go through 4 roundabouts   
  4.2 mi  
7. Turn right onto Common Ln,Destination will be on the right, 0.1 mi ",2025-03-04 17:31:05.0000000,Drew.Gallagher,,Sherburn Junction GSM-R 6303-2331173,,,,,63407556,0,0,278,418,6,848031,522000,118615,NOC," ",Eastern,North & East,York,0,0,0,09-10-2025 09:02:35
13852,,4141385,NTfT - Brentford Signalling F472,Brook Lane North,,Brentford,,,TW8 0RE,,,1122,0,0,666,25/04/2014,Yes - EDF Sub Meter,Yes NTfT,,,0,0,0,0,10,Also supplied by 4141386 and 5552004,2025-07-30 10:55:38.0000000,George.Murray@networkrail.co.uk,,Brentford C1-4141385,,,,,-1525885756,0,0,278,710,3,0,0,113671,HOU,U,Southern,Wessex,Inner,280,0,0,09-10-2025 09:02:40
654,,W2217007,Shore Road Pumping Station (Water),Shore Road,Birkenhead,Merseyside,,,CH41 1EP,,,1120,0,66,679,,,Yes,Delivery Units,13/08/2020 TSB,0,0,0,0,1,"Located in a slide out chamber on the left corner of pavement outside the entrance to Pumping Station
Site Usage Notes - Pump Bearing Cooling System, Toilet",2025-03-04 17:32:13.0000000,Drew.Gallagher,,Shore Road Pumping Station-2217007,,,,,300058695,0,0,278,1298,0,0,0,852031,MIR2,,LNW,North West,Liverpool,280,0,0,09-10-2025 09:02:04
13884,*,2371024,Reading Station Brunel Arcade,Station Approach,,Reading,,,RG1 1LZ,,,1092,0,0,666,,,752102 Reading Station,,,0,0,0,0,36,,2019-06-12 14:11:22.0000000,Clare Rich,,Reading Station - Elec 3-2371024,,,,,855280364,0,0,0,4,11,4001,0,752102,MLN1,,Managed Stations,Reading Station,,280,0,0,09-10-2025 09:02:40
1089,,E2320185,Heamies Bridge GSM-R 8136 HEA,Lower Heamies Road,Norton Bridge,Stafford,,,ST21 6LL,assures.coupler.decisions,,1120,0,36,667,11/09/2014,Yes - Siemens AMR Phase 2,"858031 IMDM, Stafford, Indirect",Delivery Units,22/10/2025 TSB,0,0,0,0,139,"Site Access - Access off the Eccleshall Rd by the farm and follow the road for Hermies Farm down to the railway
At the end of station road turn left onto B5026 and follow road the take the first right the follow to bridge meter located on the right behind fenceline adjacent with access gate
ICell GC Modem Port 12442 fitted 22/10/2025",2025-10-22 15:41:38.0000000,Terry Bleasdale,,Heamies Bridge GSM-R-2320185,,,,,0,0,0,278,1747,6,858031,0,858031,LEC4," ",LNW,WCS,Stafford,280,0,0,23-10-2025 04:00:19
342,,1826031,Linby Road Level Crossing (Closed),Hucknall,Ashfield,Nottinghamshire,SEE RTE1826045,,NG15 8DS,,,1092,0,0,671,,No - De-scoped,No,,,0,0,0,0,132,"Site Location - From crossing through gate adjacent to barrier from B6011 turn into Linby Rd  crossing 1/2 mile.
Site Access - RC 27 & 221 for gate
Site Usage Notes - No other usage",2020-07-15 10:58:18.0000000,Tom Ward,,Linby Road Level Crossing-1826031,,,,,846407151,0,0,276,520,7,0,0,0,RAC,,Eastern,East Midlands,Derby,280,0,0,09-10-2025 09:02:04
14188,*,W7405865,Whitehaven MDU (Water),North Shore Road,,Whitehaven,,,CA28 6AX,,,1092,0,0,681,,,,,,0,0,0,0,0,,2021-03-08 13:20:55.0000000,Tom Ward,,,,,,,865555816,0,0,0,0,0,0,0,0,,,,,,280,0,0,09-10-2025 09:02:40
10176,,2331217,Horsforth Woodside GSMR 4108/FTN HOFA,"Bridge 14A, A6120 Ring Road",Horsforth,Leeds,,,LS18 4EL,,,1117,0,0,671,10/09/2012,Yes - UPL,"844031 IMDM, Leeds, Indirect",,25/2/2016  RE,0,0,0,0,3,"Site Directions: 1. Head north on Calverley St toward Portland Way,469 ft  
 2. Turn right onto Portland Way, 0.1 mi  
 3. Take the 1st left onto Woodhouse Ln/A660,Continue to follow A660,go through 1 roundabout,3.2 mi  
 4. At the roundabout, take the 1st exit onto Ring Road West Park/A6120,Continue to follow A6120
Destination will be on the left,0.9 mi  
",2025-03-04 17:31:06.0000000,Drew.Gallagher,,Bramhope Tunnel South GSM-R 4108-2331217,,,,,-1832294061,0,0,278,1335,6,844031,0,118612,LEH1," ",Eastern,North & East,Leeds,280,0,0,09-10-2025 09:02:35
8631,,2370733,GSM-R - Moor Cross Ivybridge 1042,off Tuckers Hill,Cornwood,Ivybridge,Devon,,PL21 9PH,,,1123,0,36,0,11/11/2014,Yes - Siemens AMR Phase 2,"892031 IMDM, Plymouth, Indirect",,,0,0,0,0,237,"From M5/A38
Take the exit toward Lee Mill  0.2 mi 
Sharp right toward Beech Rd  335 ft 
Take the 1st left onto Beech Rd  0.9 mi 
Turn left  0.9 mi 
Turn left  0.9 mi 
Turn left  0.2 mi 
Take the 1st left  0.2 mi 
Turn left at Tucker's Hill  0.3 mi 
Take the track on the left and continue for approximately 30m, cabinet will be on the left.
",2025-03-04 17:34:13.0000000,Drew.Gallagher,,Moor Cross Ivybridge GSM-R 1042-2370733,,,,,70234218,0,0,278,1018,6,892031,0,892031,MLN1," ",Wales & Western,Western,West,0,50.4084,-3.96739,09-10-2025 09:02:32
4636,*,2370499,Kingsland Road Depot ( NDS) - Water (Closed),Silverthorne Lane,St Philips,Bristol,,,BS2 0QJ,,,1092,0,0,676,,,Yes,,,0,0,0,0,118,"Site Location - From Temple meads main exit go to main road turn left & left into Cattle Market road  under bridge & left into Avon Street & Right into Silverthorne Lane. Follow the lane until Just before rail over road bridge  just past Spacia units.
Site Usage Notes - Payment for consumption from this supply is the responsibility of NDS. Supply intended ONLY for filling of Rail head treatment trains  and on track machines.

account number 2370499",2020-06-04 12:51:32.0000000,Clare Rich,,Kingsland Road Depot ( NDS Supply)-2370499,,,,,-343012424,0,0,276,0,0,0,0,0,MLN1,,Western,Bristol,Bristol-QAR,280,0,0,09-10-2025 09:02:21
1287,,E2320451,Coventry Principal Supply Point,Quinton Road,,Coventry,,,CV3 5FU,,,1120,0,53,667,21/06/2022,YES,"857031 IMDM, Sandwell & Dudley, Indirect",Delivery Units,26/062024 TSB,0,0,0,0,8,"Site Location - Continue along the M6 to Junct.No.3 and turn onto the A444 for Coventry. Continue onto the ring  road and follow the road signs for directions to Coventry Station. Continue into Park Rd then right into Quinton Rd. Follow the road to the access for the PSB
Site Access - Access from the pavement on Quinton Road on the left of the access gate to the former PSB.
Site Usage Notes - REB - Network Rail
200 Amp Fuses 200/5 cts
Shared with 4141042 NTfT
MEx 21/06/2022 IPort 12561",2025-03-04 17:31:23.0000000,Drew.Gallagher,,Coventry Principal Supply Point-2320451,,,,,-367822250,0,0,278,645,9,3001,0,857031,LSC2,,LNW,Central,Sandwell & Dudley,280,0,0,09-10-2025 09:02:12
3930,,2360452,SS(+) - Godmersham Substation Standby Sig Supply,Eggarton Road,Purr Wood,Godmersham,Kent,,CT4 7DX,,,1122,0,0,0,25/05/2015,Yes - Siemens AMR Phase 2,"113658 IMDM, Ashford, Indirect",,,0,0,0,0,63,"
06/08/13
Grossly overestimated, requested SPOW  refund £33 - £42k ...JKB 
Site is located on Eggarton Lane. Left turning after 16, The Street by Rail Bridge. Meter Cab is located on the left side by Fence Line. Vegetation needs to be removed",2025-07-30 10:55:59.0000000,George.Murray@networkrail.co.uk,,Godmersham Substation Standby Sig Supply-2360452,,,,,-2025972197,0,0,278,143,3,113658,0,113671,ACR,,Southern,Kent,Ashford,280,0,0,09-10-2025 09:02:19
19714,*,E2361125,Deal TPH SCADA system,Mill Road,,Deal,Kent,,CT14 9AA,,,1092,0,0,0,,,,,,0,0,0,0,90,,2016-05-13 14:44:32.3670000,Wendi Wheeler,,,,,,,1405186604,0,0,278,1407,0,0,0,0,BME2,,South East,Ashford,Faversham East Kent,280,0,0,09-10-2025 09:02:47
20185,,2361117,REB(+) - Point Heating Arch 82 Signalling REB LB195 Arch 83,Canal Approach,Deptford,London,,,SE8 5JF,,,1122,0,0,666,,Yes,,,,0,0,0,0,4,,2025-07-30 10:55:54.0000000,George.Murray@networkrail.co.uk,,,,,,,-444462060,0,0,278,311,3,6001,0,113671,XTD,,Southern,Kent,London Bridge,280,0,0,09-10-2025 09:02:47
23341,,Fuel: REAN Ipswich,REAN Ipswich,,,,,,,,,1117,0,0,0,,,,,,0,0,0,0,0,,2025-11-20 17:31:18.0000000,Wendi Wheeler,,,,,,,0,0,0,0,0,0,0,0,0,,,Eastern,Anglia,Ipswich,0,0,0,21-11-2025 04:00:37
8627,,2370732,"Points Heating + - Talerddig ",OFF the A470,Llanbrynmair,Caersws,Powys,,SY17 5JX,,,1123,0,20,683,20/08/2010,Yes - UPL,"891031 IMDM, Shrewsbury, Indirect",,,0,0,0,0,61,"1.	 Depart from Caersws Railway Station on Trefeglwys Road B4569 0.1 miles 
2.	Turn left onto Carno Road A470 5.8 miles 
3.	Continue onto A470 2.4 miles 
4.	Turn left 0.4 miles 
5.	Arrive at your destination",2025-03-04 17:34:28.0000000,Drew.Gallagher,,Talerddig GSM-R. Site 6015-2370732,,,,,-1057619499,0,0,278,484,6,891031,522000,891031,SBA2," ",Wales & Western,Wales,Shrewsbury,280,52.58096,-3.578506,09-10-2025 09:02:32
4604,,2370461,GSM-R > - Tonfanau Station (4318),Tonfenau,Tywyn,Gwynedd,,,LL36 9LP,,,1123,0,36,683,22/02/2008,Yes - SP metering (Dataserve),"891031 IMDM, Shrewsbury, Indirect",,,0,0,0,0,91,"Site Directions: From Tywyn follow the A493 through Bryncrug and take the second left.  Follow the road to Tonfanau.
Site Access:  Access from the side of the road.
Site Usage Notes - Mast & REB
Station Powered by Wind Turbine - Now disconnected
ATW Station Lighting now off our supply",2025-03-04 17:34:18.0000000,Drew.Gallagher,,Tonfanau Station GSM-R 4318A-2370461,,,,,-1252066253,0,0,278,110,6,891031,522000,891031,DJP," ",Wales & Western,Wales,Shrewsbury,280,52.61344,-4.123509,09-10-2025 09:02:21
1259,,E2320422,Ettingshall REB,Occ Road/Springs Road,Ettingshall,Wolverhampton,West Midlands,,WV4 6JL,,,1120,0,0,667,08/06/2014,Yes - Siemens AMR Phase 2,"857031 IMDM, Sandwell & Dudley, Indirect",Delivery Units,24/07/2020 TSB,0,0,0,0,11,"Located in Stainless Steel cubicle in Fenceline just pat enterance road to Tarmac.
meter is located in a large steel cab next to access gate adjacent to sign for topmix and directly over the road from hewmor products ltd",2025-03-04 17:31:39.0000000,Drew.Gallagher,,Ettingshall REB-2320422,,,,,-968235676,0,0,278,90,3,857031,0,857031,RBS2,,LNW,Central,Sandwell & Dudley,280,0,0,09-10-2025 09:02:12
21447,,2395028,Taunton HOOB - High Output Operations Base,Fairwater Freight Yard,"Silk Mills Road, Roughmoor","Taunton ",,,TA1 5AA,,,1092,0,0,676,,,,,,0,0,0,0,0,"Set up form form submitted from Alan Bullock 27/9/17

From Silk Mills Road, turn into Fairwater Freight Yard, and then turn left and follow the road to the gates.    The gates are electronic, and by using the intercom access will be granted.",2022-04-21 14:49:16.0000000,Clare Rich,,Taunton HOOB - High Output Depot,,,,,16517941,0,0,278,0,0,0,0,541023,,,Projects,HOOB,Route Services - SCO,280,0,0,09-10-2025 09:02:49
2458,,E2340620,Wilmslow North Junction Point Heating,Alveston Drive,Wilmslow,Cheshire,,,SK9 2GA,,,1120,0,20,679,21/03/2014,Yes - Siemens AMR Phase 2,"854031 IMDM, Manchester, Indirect",Delivery Units,13/09/2016 TSB,0,0,0,0,177,"Site Directions: From Manchester follow the A34 road towards Wilslow and at the roundabout for Handforth and Styl, continue and at Villas Summerfield turn into Alveston Drive.  Follow the road into the housing estate and continue to the play area opposite Calverley Close.
Site Access:   Acces from Alveston Drive opposite Calverley Close. Park on the verge by the playground and walk to the railway fence, turn left and walk along footpath for 250 metres to footbridge over the railway adjacent OLE structure M177 18A. Meter is in steel location case adjacent footbridge in railway fence.
meter located in steel cab at bthe end of the footbridge.follow the path from play park to the left and continue along footpath and footbridge is on the right had side
",2025-03-04 17:31:51.0000000,Drew.Gallagher,,Wilmslow North Junction Point Heating-2340620,,,,,-90834769,0,0,278,800,5,854031,522000,854031,CMP1,,LNW,North West,Manchester,280,0,0,09-10-2025 09:02:16
21953,,W4090006,Depot Greyfriars Road (W),Greyfriars Road,,Doncaster,South Yorkshire,United Kingdom,DN1 1QU,,,1117,0,0,0,,,,,,0,0,0,0,0,REQUIRES NEW SITE CODE GENERATING,2025-03-04 17:31:14.0000000,Drew.Gallagher,,Depot Greyfriars Road,,,,,905146524,0,0,278,0,0,0,0,118616,,,Eastern,East Coast,Doncaster,280,0,0,09-10-2025 09:02:49
8441,,BANG,Bankhall,Rear of Merseyrail Kirkdale Depot,"Marsh Street, Kirkdale",Liverpool,,,L20 2BL,,,1092,0,0,679,,Yes EdF,No,,24/03/2023 TSB,0,0,0,0,1,"Import Capacity: 12,500kVA; Export Capacity: 0kVA.
///heats.piper.manliness

",2024-03-28 14:42:16.0000000,Terry Bleasdale,,Bankhall-BANG,,,,,1241092810,0,0,278,1540,0,0,0,0,HXS3,M,Traction,Merseyside,,280,53.43601,-2.98672,09-10-2025 09:02:32
7020,,6871005,Ramsden Bellhouse TSC,Church Road,Ramsden Heath,Billericay,Essex,,CM11 1HS,,,1117,0,0,670,24/11/2014,Yes - Siemens AMR Phase 2,"821031 IMDM, Romford, Indirect",,,0,0,0,0,27,"Site Location - ?
Site Access - 3A751 and Yale type 40 key required
Site Usage Notes - No other usage
Site Location: Heading East on Church Road, first left turn after Rail Bridge 763 leads to access gate to SSP Compound. Meter cab is next to TSC Building next to track
According to google maps use postcode CM11 1PL",2025-03-04 17:29:53.0000000,Drew.Gallagher,,Ramsden Bellhouse TSC-6871005,,,,,2286038,0,0,278,23,8,821031,0,821031,SSV,,Eastern,Anglia,Romford,280,0,0,09-10-2025 09:02:27
8740,,9999860,Swanley Invensys Training School (Private Party) (G) (CLOSED 2012),Goldsel Road,Swanley,Kent,,,BR8 8BZ,,,1092,0,0,0,,,Yes,,16/10/12,0,0,0,0,17,"Meter removed 03/12/12. 
THIS IS AN INVENSYS ACCOUNT NOT NETWORK RAIL",2021-07-07 15:38:21.0000000,Tom Ward,,Swanley Invensys Training School (Private Party)-9999860,,,,,-1792083345,0,0,276,1521,0,113658,520000,113671,SBJ,,Southern,Kent,Ashford,280,0,0,09-10-2025 09:02:32
20201,*,,Walton Junction Points Heating,,,,,,,,,1092,0,0,0,,,,,,0,0,0,0,0,,2016-10-28 15:44:38.3970000,Andrew Vickers,,,,,,,-1303968264,0,0,0,0,0,0,0,0,,,,,,0,0,0,09-10-2025 09:02:49
2863,,E2350091,PH - Prestonpans (DK2),Bankton Terrace,Prestonpans,East Lothian,,Scotland,EH32 9EY,,,1121,0,20,672,08/11/2007,Yes - SP Metering (Dataserve),"860031 IMDM, Edinburgh, Indirect",,,0,0,0,0,9,"Site Location - from station car park entrance follow B1361 eastwards approx 480m and cubicle on r.h.s. set into chain link boundary fencing
Site Access - direct from B1361 roadside   dual padlocked - NR  PS1  / DNO  E
Site Usage Notes - PH via CC2 - 6 ends (43a/b  44a/b  45a/b) - total load = 24kW",2025-03-04 17:32:29.0000000,Drew.Gallagher,Utilities Scotland <UtilitiesScotland@networkrail.co.uk>,Prestonpans DK2 point heating-2350091,,,,,780930643,0,0,278,1480,5,860031,0,860031,ECM8,,Scotland's Railway - Scotland,Delivery Units,Edinburgh DU,280,0,0,09-10-2025 09:02:16
18422,,4142603,CRH - Paddock Wood Up CRH1 (03446-K-01),Paddock Wood Station,,Kent,,,TN12 6BU,,,1122,0,0,677,,Yes - EMig Con Rail Sub Meter,Yes NTfT,,,0,0,0,0,34,,2025-07-30 10:55:12.0000000,George.Murray@networkrail.co.uk,,Paddock Wood Up CRH1 (03446-K-01)-4142603,,,,,-621176938,0,0,278,1012,14,0,0,113671,XTD,U,Southern,Kent,Ashford,280,0,0,09-10-2025 09:02:44
4798,,E2384002,Golborne Junction Point Heaters,Warrington Road,Newton-Le-Willows,Warrington,Cheshire,,WA12 0JA,,,1120,0,20,679,23/05/2014,Yes - Siemens AMR Phase 2,"852031 IMDM, Liverpool, Indirect",Delivery Units,13/10/2023 TSB,0,0,0,0,0,"Site Location - Continue along the A580 East Lancashire Road to the Golborne Roundabout and turn into Warrington Road. Follow the road down into Golborne Dale to the lay-by
Site Access - From the lay-by on Warrington Rd. Cross over road to authorised pedestrian access point, turn left at top of steps and follow the authorised route to the Stainelss Steel meter cubicle adjacent to OLE structure G302/15, cubicle is set back by fenceline behind Ops point clips cabinet.
Site will require a COSS, access the track via the access point off warrington road, the cab is in the fenceline in a steel cabinet roughly 150m to the left of the access point 
",2025-03-04 17:31:45.0000000,Drew.Gallagher,,Golborne Junction Point Heaters-2384002,,,,,-1644553285,0,0,278,1150,5,852031,0,852031,CGJ5,,LNW,North West,Liverpool,280,0,0,09-10-2025 09:02:21
402,,1904017,Ashwell Signal Box and Level Crossing,Whissendine Road,Ashwell,Oakham,Leicestershire,,LE15 7LU,,,1117,0,0,667,04/10/2014,Yes - Siemens AMR Phase 2,"900031 IMDM, Bedford, Indirect",,,0,0,0,0,96,"Site Location - A606 Melton Mowbray to Oakham  turn off in Langham and follow sign to Ashwell  over crossing turm left & left again (to Whissendine) to signal box.
Site Access - key from signalman.
Site Usage Notes - SB & relay room. Rdg 1)037955 2)046474 3)048502 (27/02/01)",2025-03-04 17:30:17.0000000,Drew.Gallagher,,Ashwell Signal Box and Level Crossing-1904017,,,,,-1528139554,0,0,278,1470,9,900031,0,118618,GSM2,,Eastern,East Midlands,Derby,280,0,0,09-10-2025 09:02:04
8891,,W2381971,Liverpool Lime Street Station (water1),Gloucester Street entrance,Lime Street,Liverpool,,,L1 1JF,,,1120,0,59,679,,,Yes,Managed Stations,25/02/2019 TSB,0,0,0,0,193,"from concourse exit down steps towards Lime Street; access manhole straight ahead on pavement next to railings

Lift chamber lid closest to bollards first then the Middle lid then furthest away lid reolace in reverse order",2025-03-04 17:32:20.0000000,Drew.Gallagher,,Liverpool Lime Street stn (water1)-2381971,,,,,-1750639093,0,0,0,2,0,0,0,752809,WJL4,,LNW,North West,MS - LIV,280,0,0,09-10-2025 09:02:32
11763,,2361064,GSMR - Stanford (2339),Hillhurst Farm,off Ashford Road,Westenhanger,Kent,,CT21 4HR,,,1122,0,0,0,26/11/2014,Yes - Siemens AMR Phase 2,"113658 IMDM, Ashford, Indirect",,29/11/2017,0,0,0,0,64,"TRANSPORT: Car 
SITE DIRECTIONS: From Westenhanger Railway Station: via Platform 1 at Facing the track, turn right and walk trackside for about 400 yards towards GSM-R Mast on fence line. Meter Cab is located up on the stairs close to fence line. There is overgrown vegetation as well. 
METER LOCATION: Meter cabinet located opposite farmers field. 
SITE NOTES: Use corect walking route. 
KEYS REQUIRED: CCC2 
METER TYPE: WC 
CONTACT: John Helmer: 07920 856892
",2025-07-30 10:55:29.0000000,George.Murray@networkrail.co.uk,,Stanford GSM-R (2339)-2361064,,,,,407983814,0,0,278,440,6,113658,522000,113671,XTD," ",Southern,Kent,Ashford,280,51.0939,1.04377,09-10-2025 09:02:38
7408,,7725004,Wardley Relay Room (ex Signal Box) (Closed),Whitemare Pool,Wardley,Gateshead,Tyne & Wear,United Kingdom,NE10 8AQ,,,1092,0,0,669,,,"846031 IMDM, Newcastle, Indirect",,,0,0,0,0,19,"Site Location - Take S/S road at Whitemare pool Roundabout .Car access After Motel and Garage on left. Sig Box was under flyover.
Site Access - Meter cupboard not locked Jan 99
Site Usage Notes - No Other Users Also Point Heating    RT

Burnt down 2004.

Disconnected 11 Oct 2017.",2022-08-01 13:33:29.0000000,Bradley.France@networkrail.co.uk,,Wardley Relay Room (ex Signal Box)-7725004,,,,,-1080482944,0,0,276,1680,3,846031,522000,118613,FEP,,Eastern,East Coast,Newcastle,280,0,0,09-10-2025 09:02:30
1024,,2320078,Northampton Castle Yard GSM-R,off Spencer Bridge Road,,Northampton,,,,,,1092,0,0,0,,,No,,,0,0,0,0,66,"Mast in yard adjacent access off martins yard.
MPAN De energised in ECOES. Reg by SP in 2/2003 supply never fitted",2017-12-04 18:00:37.4330000,Terry Bleasdale,,Northampton Castle Yard GSM-R-2320078,,,,,-508194250,0,0,0,0,6,0,0,0,HNR," ",X-Deleted,Old Record,Bletchley,280,0,0,09-10-2025 09:02:04
3834,,2360347,PH - Staines Country End,Staines Station,Gresham Road,Staines,Middlesex,,TW18 2FD,,,1122,0,0,666,02/10/2014,Yes - Siemens AMR Phase 2,"880031 IMDM, Clapham, Indirect",,8th March 2015,0,0,0,0,19,"HOW TO GET THERE
Site Location - Exit Staines Station from downside platform  turn right into 
Gresham Road  continue to footbridge. 

METER LOCATION
The cabinet is in the fenceline under the footbridge steps.
Parking at station, 

NOTES
cabinet opens to ground under FB steps.
Site Access - CCC2 key for cabinet.
Site Usage Notes - Points Heating (Country End).
WHOLE CURRENT, single phase, 230v

PARKING
At station",2025-07-30 10:55:50.0000000,George.Murray@networkrail.co.uk,,Staines Country End Points Heating  2360347-2360347,,,,,2026103644,0,0,278,78,5,880031,522000,113671,RDG1,,Southern,Wessex,Inner,280,51.43224,-0.503702,09-10-2025 09:02:19
7038,,6905001,Alexandra CCTV Railway Crossing,Alexandra Street,Harwich,Essex,,,CO12 3JE,,,1117,0,0,670,05/08/2014,Yes - Siemens AMR Phase 2,"820031 IMDM, Ipswich, Indirect",,,0,0,0,0,70,"Site Location - Approach  from A406 North Circular Road exit Chingford Road - follow Northbound into Old Church Road and right into the Ridgeway follow  to Station Road.
Site Access - LT205 required for cubicle located trackside close to footbridge and sub-station
Site Usage Notes - Possible other uses - staff accommodation washer control room signal box relay room PTS meeting
Big metal cabinet located on the right side before level crossing behind house N3",2025-03-04 17:29:54.0000000,Drew.Gallagher,,Alexandra CCTV Railway Crossing-6905001,,,,,-151545672,0,0,278,38,7,820031,0,820031,MAH,,Eastern,Anglia,Ipswich,0,0,0,09-10-2025 09:02:27
7678,,8347002,Shipley Station Signalling Supply & SBG & MDU,Shipley Station,Station Road,SHIPLEY,West Yorkshire,,BD18 2JL,,,1117,0,0,671,18/01/2012,Yes - EDF Phase 1,"844031 IMDM, Leeds, Indirect",,,216,0,0,0,205,"Site Usage Notes - No other usages  RT                                 Point Heating
Operational Circuits Supplied - SIGNALLING SUPPLIES
RELAY ROOM +S&T SUPPLIES
P WAY CABINS
POINTS HEATING

Meter located in Generator Room, accessed via Station Road at ///drank.speaks.toys

Access between 08:00-15:00 via Rose Carter, Section Admin
Access outside of these hours via Shaun Wilson, Track SM

Meter Exchange 28/02/25. Old MSN: P09A24272 new MSN:E23UP05686 EDMI Atlas Mk10A

Comms fault fixed by EDF 04/08/25 - modem swap",2025-08-04 13:39:59.0000000,Thomas.blencowe@networkrail.co.uk,,Shipley Station Signalling Supply & SBG-8347002,,,,,1715033596,0,0,278,1580,9,2001,522000,118612,TJC3,,Eastern,North & East,Leeds,280,0,0,09-10-2025 09:02:30
14490,,E4141497,SSP - Barassie NTfT,Links Crescent,,Troon,,,KA10 6SS,,,1121,0,43,680,,Yes - EDF Sub Meter,Yes NTfT,,,0,0,0,0,33,Signalling also supplied by 9466001,2025-03-04 17:32:52.0000000,Drew.Gallagher,,Barassie Ssp-4141497,,,,,-336257836,0,0,278,40,3,0,0,861031,AYR4,E,Scotland's Railway - Scotland,Delivery Units,Motherwell DU,280,0,0,09-10-2025 09:02:44
3250,,E2351249,GSMR - Linlithgow Bridge (5266),nr.Lochmill House,off Mains Road,Linlithgow Bridge,Linlithgow,Scotland,EH49 7QG,,,1121,0,36,680,11/08/2008,Yes - SP Metering (Dataserve),"860031 IMDM, Edinburgh, Indirect",,,0,0,0,0,28,"Site Location - from Falkirk Road [A803] <south> onto A706 to UB43  thru UB43 and park up on shale car park on r.h.s.; walk back thru UB43 and TL onto footpath and 60m ahead
Site Access - direct from footpath off A706",2025-03-04 17:32:29.0000000,Drew.Gallagher,Utilities Scotland <UtilitiesScotland@networkrail.co.uk>,Linlithgow Bridge GSMR 5266-2351249,,,,,1827426296,0,0,278,1470,6,860031,0,860031,EGM1," ",Scotland's Railway - Scotland,Delivery Units,Edinburgh DU,280,0,0,09-10-2025 09:02:18
18665,,4142846,CRH - Tonbridge Loop (Down Slow) CRH2 (01220-K-01),Bromley South,,Kent,,,BR7 5NS,,,1122,0,0,0,,Yes - EMig Con Rail Sub Meter,Yes NTfT,,,0,0,0,0,12,,2025-07-31 13:00:17.0000000,George.Murray@networkrail.co.uk,,Tonbridge Loop (Down Slow) CRH2 (01220-K-01)-4142846,,,,,1297689156,0,0,278,440,14,0,0,113671,TLP1,U,Southern,Kent,Orpington,280,0,0,09-10-2025 09:02:44
18434,,4142615,CRH - Pluckley Up CRH1 (05023-K-01),Puckley,,Kent,,,TN27 0RX,,,1122,0,0,677,,Yes - EMig Con Rail Sub Meter,Yes NTfT,,,0,0,0,0,50,,2025-07-30 10:55:13.0000000,George.Murray@networkrail.co.uk,,Pluckley Up CRH1 (05023-K-01)-4142615,,,,,-1192528677,0,0,278,517,14,0,0,113671,XTD,U,Southern,Kent,Ashford,280,0,0,09-10-2025 09:02:44
12068,*,7405644,Truro Signal Box & Relay Room (Gas) Closed,(Off Charge FGW),,,,,TR1 3NN,,,1092,0,0,682,,,,,,0,0,0,0,300,,2020-01-03 09:37:52.0000000,Clare Rich,,Truro Signal Box & Relay Room (Gas)-7405644,,,,,-1166567308,0,0,276,1320,0,0,0,892031,MLN3,,Western,Plymouth,Plymouth-Par,280,0,0,09-10-2025 09:02:38
14157,,E2341559,Stafford South Points Heating,Rear of Tesco Store,off Newport Road,Stafford,,,ST16 2HE,,,1120,0,20,667,,Yes - EDF,"858031 IMDM, Stafford, Indirect",Delivery Units,23/07/2015 TSB,0,0,0,0,133,"Site Directions:
GRP Double-sided Cubicle in fenceline at rear of Tesco",2025-03-04 17:31:42.0000000,Drew.Gallagher,,Stafford Station South Points Heating New-2341559,,,,,1617661144,0,0,278,632,5,3002,522000,858031,LEC3," ",LNW,WCS,Stafford,280,0,0,09-10-2025 09:02:40
4829,,2390038,Birmingham Alpha Tower 8F (Closed),8th Floor (or 2nd Floor?),Suffolk Street Queensway,Birmingham,,,B1 1TT,,,1092,0,0,667,,,No,,,0,0,0,0,0,,2018-03-26 11:23:51.5900000,Andrew Vickers,,Birmingham Alpha Tower 8F-2390038,,,,,-2084555555,0,0,276,0,0,0,0,0,0,,X-Deleted,,Work Space Management,280,0,0,09-10-2025 09:02:21
12254,,W7405747,zzz - SB - Fouldubs Junction (Water),Beancross Road,,Grangemouth,,,FK3 8YL,,,1121,0,45,680,,,Yes,,,0,0,0,0,1,Site Location - SB access gate on Beancross Road at bridge GMH/5 thence 400m <north-east> along traincrew/shunter AWR path between boundary fence and signal wires/point rodding,2025-03-04 17:32:28.0000000,Drew.Gallagher,,Fouldubs Junction Signal Box (Water)-7405747,,,,,293148607,0,0,276,1120,0,0,0,0,GMH,,Scotland's Railway - Scotland,Operations,OM Central,280,0,0,09-10-2025 09:02:38
10761,,G7405198,Chester MDU Depot Stores (Gas),Hoole West Yard,Hoole Road,Chester,,,CH2 3DT,steps.evenly.horns,,1120,0,34,679,31/10/2012,Yes - Total Gas,"Yes - IMDM, Liverpool, Indirect",Delivery Units,04/09/2025 TSB,0,0,0,0,179,"Site Access - Access from Hoole Road Bridge and follow the authorised route to the access for the Stores/former OTM Shed. meter in green cubcile on LHS
AMR resyncced 24/10/2019 - Utilitec - failed again
MEx -14/11/2019 - AMR resinstalled 10/12/2019 - Utilitec
Check reading taken 05/08/20 - 143317 
Attended 26/02/2021 Utilitec NFF.

Unused due to faulty appliance. JA",2025-10-09 13:20:26.0000000,jason.ademola@networkrail.co.uk,,Chester MDU Depot (Gas)-7405198,,,,,0,0,0,278,603,1,852031,0,852031,CNH2,,LNW,North West,Liverpool,280,0,0,16-10-2025 11:58:00
1442,,2330165,Tees Yard SSP (Closed),Tees Yard,Thornaby,Stockton on Tees,,,TS17 7BN,,,1092,0,0,669,,,No,,,0,0,0,0,12,"Site Location - Off A66 Heading West at airport sign turn off on slip rd .Rt at end over A66 to rndbt. Rt then Left to Thornaby TMD. Straight on under tunnel S/B is on Left at end  across tracks.
Site Usage Notes - Standby Signalling Supply and Maintained essential services. RT",2022-07-29 15:14:24.0000000,Bradley.France@networkrail.co.uk,,Tees Yard SSP-2330165,,,,,-717496171,0,0,276,1540,3,0,0,0,TSY,,Eastern,North & East,Middlesbrough,280,0,0,09-10-2025 09:02:12
8716,,9999889,SB - Redhill,,,Redhill,,,RH1 4AW,,,1122,0,0,666,,,Yes,,,0,0,0,0,22,,2025-07-31 13:00:30.0000000,George.Murray@networkrail.co.uk,,Redhill Signal Box-9999889,,,,,-1975648484,0,0,278,1017,4,0,0,113671,RED2,,Southern,Sussex,Brighton,280,0,0,09-10-2025 09:02:32
8075,,E9614009,Compound - Beattock Summit Contractor Compound,Beattock Summit,Elvanfoot,Biggar,South lanarkshire,Scotland,ML12 6RL,,,1121,0,54,680,30/07/2009,Yes - SP Metering (Dataserve),"861031 IMDM, Motherwell, Indirect",,,0,0,0,0,49,"Site Location - A74(M) <southbound> exit J14 onto A702 thence B7076  APR  (old A74) and TL onto RR access road (radio mast conspicuous)
Site Access - direct from RR access road  - PS1 / DNO  RKS265-1
Site Usage Notes - sep15 - tempy use by contractor for compound lighting/security (RR/sig/PH/NRN supplies derived from nearby 3ph supply - E2352274 refers))",2025-03-04 17:32:31.0000000,Drew.Gallagher,Utilities Scotland <UtilitiesScotland@networkrail.co.uk>,Beattock Summit contractor compound-9614009,,,,,-280707423,0,0,278,1340,9,5001,0,861031,WCM1," ",Scotland's Railway - Scotland,Delivery Units,Motherwell DU,280,0,0,09-10-2025 09:02:30
22163,,E2341745,Manchester Piccadilly Station (elec5) MSCP & EV Chargers,SheffieldStreet,,Manchester,,,M60 7RT,,,1120,0,0,0,23/09/2021,Yes SMS,,,31/01/2022 TSB,0,0,0,0,188,"meter locare in main distribution big green GRP Cabinet (middle of the 3 cabinets)
Oriigianal MPAN 1650000055190 Disconencted in ecoes in error by ENWL New MPAN created.  Meter fitted 23/09/2021, ENWL energising 28/09/21 pm
Access Key is W2957",2025-03-04 17:32:04.0000000,Drew.Gallagher,,Manchester Piccadilly stn (elec5) MSCP & EV Chargers,,,,,-458061128,0,0,278,1400,0,0,0,752259,CMP2,,LNW,North West,MS - MAN,280,0,0,09-10-2025 09:02:49
2492,,E2340673,Tuebrook MDU Depot Siding Lights (COT GBRF),Leigh Road,Wavertree Technology Park,Liverpool,,,L7 9PA,,,1092,0,0,679,08/11/2011,Yes - EDF Phase 1,"852031 IMDM, Liverpool, Indirect",MDU,04/01/2017 TSB,0,0,0,0,191,"Site Location - From Liverpool continue along Wavertree Road and turn left before Picton Road Bridge for Wavertree Technology Park. Follow the road and then turn right for the Depot Approach  co tinue down to the Depot access
Site Access - Access through the main gate and the cabinets are immediately on the right meter located in first cabinet neasrest the gate 
Site Usage Notes - 8 No. Tower Lighting - Portakabin  Sub-meter No. 20-80 -  E.W.S

COT GBRF",2022-05-13 09:06:25.0000000,Terry Bleasdale,,Tuebrook MDU Depot Siding Lights-2340673,,,,,-1743539983,0,0,279,1747,10,852031,522000,852031,WJL4,,X-Deleted,Old record,Liverpool,280,0,0,09-10-2025 09:02:16
8741,,9999919,Templehirst Junction Depot (Closed),Templehirst,Selby,North Yorkshire,,,YO8 8QN,,,1092,0,0,674,,,No,,,0,0,0,0,169,,2022-07-29 15:14:24.0000000,Bradley.France@networkrail.co.uk,,Templehirst Junction Depot-9999919,,,,,347410153,0,0,276,350,0,0,0,0,ECM2,,Eastern,East Coast,Darlington,280,0,0,09-10-2025 09:02:32
22796,,INV14904,UNIT 4 WORKSHOP HIGHLAND HOUSE INVERNESS," ",Inverness,Inverness,x,,IV1 1RY,,,1126,0,0,0,,,,,,0,0,0,0,0,,2025-03-12 12:24:18.0000000,Grace.Emmence,,,,,,,1589293667,0,0,994,0,0,0,0,705210,,,Scotland Commercial Property,Scotland,Retail/storage space,0,0,0,09-10-2025 09:02:52
17943,,4142124,CRH - Buckland J c n/East Dover Down CRH2 (09801-K-02),Buckland,,Dover,,,CT16 2NJ,,,1122,0,0,0,,Yes - EMig Con Rail Sub Meter,Yes NTfT,,,0,0,0,0,98,,2025-07-31 13:00:10.0000000,George.Murray@networkrail.co.uk,,Buckland J c nEast Dover Down CRH2 (09801-K-02)-4142124,,,,,-402662347,0,0,278,33,14,0,0,113671,BME2,U,Southern,Kent,Ashford,280,0,0,09-10-2025 09:02:44
22443,*,,Muir of Ord,,,,,,,,,1092,0,0,0,,,,,,0,0,0,0,0,,2023-08-30 06:33:26.0000000,Graeme Roberts,,,,,,,771834958,0,0,0,0,0,0,0,0,,,,,,0,0,0,09-10-2025 09:02:52
4063,,2360654,Eastleigh Signal Locking Fitters Accom GAS,Campbell Road,,Eastleigh,Hampshire,,SO50 5QU,,,1122,0,0,678,,,Yes,,26th June 2018,0,0,0,0,73,"HOW TO GET THERE
Exit Eastleigh Station turn left into Southampton Road.  Go past 2 roundabouts but on the second one turn left into Campbell Road Bridge.  Proceed and the Locking Fitters is further down on the right.
Site Location - First building on RHS after crossing railway bridge from Eastliegh Station to start of Cambell Road

METER LOCATION
Meter in boiler room

NOTES


PARKING
Campbell Road st the Locking Fitters",2025-03-04 17:33:49.0000000,Drew.Gallagher,,Eastleigh Signal Locking Fitters Accomodation (Gas-2360654,,,,,2025595105,0,0,278,1539,3,881031,0,113671,BML1,,Southern,Wessex,Outer,280,50.96284,-1.351354,09-10-2025 09:02:19
9608,,2370792,GSM-R - South Causeland 6535,South Causeland Station,Trewidland,East Looe,Cornwall,,PL14 4RW,,,1123,0,36,0,14/11/2011,Yes - UPL,"892031 IMDM, Plymouth, Indirect",,,0,0,0,0,3,"Start from Looe Station.
Follow Station Road (A387) for 1.89 miles at junction with B3254. Bear left onto this raod and follow for 2.07 miles, once passed through area of Duloe, bear right following B3254 and then take the first turn right and follow country lane for 0.93 miles. At end of the road, turn left, follow for 0.07 miles. Causeland Station is on right side, meter right of station.",2025-03-04 17:34:16.0000000,Drew.Gallagher,,South Causeland 6535 - GSM-R-2370792,,,,,-1552623257,0,0,278,1258,6,892031,522000,892031,LOO," ",Wales & Western,Western,West,0,50.40546,-4.466458,09-10-2025 09:02:35
8676,,7405832,Depot - Dartford MDU Depot (E&P) (VACANT A/C CLOSED BY RETAILER),Station Approach,Dartford,Kent,,,DA1 1BP,,,1092,0,0,0,,,Yes,,,0,0,0,0,17,"P99A02186 appended is Bexley Heath water meter... JKB 24/07/15

Vacant buiding account closed by Business Stream and charges of £141,953.84 refunded to 2014..... JKB 31/10/24",2025-07-31 13:00:19.0000000,George.Murray@networkrail.co.uk,,Dartford MDU Depot (E&P)-7405832,,,,,-1397149154,0,0,278,148,0,0,0,113671,HDR,,Southern,Kent,London Bridge,280,0,0,09-10-2025 09:02:32
22496,,E2331705,School Street,School Street,Castleford,"Wakefield ","West Yorkshire ",United Kingdom,WF10 2FD,,,1117,0,0,0,,,,,,0,0,0,0,20,,2025-05-20 09:28:02.0000000,Wendi Wheeler,,,,,,,750313038,0,0,278,521,0,0,0,118612,NOC,,Eastern,North & East,Leeds,280,0,0,09-10-2025 09:02:52
685,,E2262009,Southport Portland Street Level Crosssing,Portland Street,Southport,Merseyside,,,PR8 1HN,,,1120,0,8,679," 08/12/2022 - 07/07/2010",Yes - SMS - SP metering (Dataserve),"852031 IMDM, Liverpool, Indirect",Delivery Units,08/12/2022 TSB,0,0,0,0,17,"Site Location - From Chapel Street Station  Southport  turn left into London St. Continue and turn left into Lord St.  follow the road and turn left into Portland St.. Continue to the level crossing..
Site Access - Access through the wicket gate
Site Usage Notes - Telecommunications - Global Crossing
MEx 08/12/2022",2025-03-04 17:31:26.0000000,Drew.Gallagher,,Portland Street Level Crosssing-2262009,,,,,2079870638,0,0,278,1737,7,852031,0,852031,HXS3,,LNW,North West,Liverpool,280,0,0,09-10-2025 09:02:04
12230,,O7405723,zzz - MDU - Motherwell Crosshill (Ex Signal Centre) (Oil),Crosshill Street,,Motherwell,,,ML1 1RU,,,1121,0,34,680,,,,,,0,0,0,0,88,Site Location - from roundabout Windmillhill St/Brandon St turn east onto Crosshill Street; follow 130m (Tata Dalziel Works ahead) and TL immediately before road over rail bridge (opposite Bingo hall) into depot ; Sig.Centre at north end of compound on r.h.s.,2025-03-04 17:32:59.0000000,Drew.Gallagher,,Motherwell Sig.Centre & offices (Gas)-7405723,,,,,-157842133,0,0,994,1710,0,0,0,0,WCM2," ",Scotland's Railway - Scotland,Delivery Units,Motherwell DU,280,0,0,09-10-2025 09:02:38
23187,,ZGG02206,6 & 8 MOSQUE AVENUE," ",Glasgow,Glasgow,x,,G5 9A,,,1126,0,0,0,,,,,,0,0,0,0,0,,2025-03-12 12:24:13.0000000,Grace.Emmence,,,,,,,739391701,0,0,1113,0,0,0,0,705220,,,Scotland Commercial Property,Glasgow," ",0,0,0,09-10-2025 09:02:54
10860,,E2351373,GSMR - Drumgrange (6560),Dalmellington Road,Patna,Ayr,,Scotland,KA6 7JE,,,1121,0,36,680,18/04/2013,Yes - UPL,"861031 IMDM, Motherwell, Indirect",,,0,0,0,0,51,,2025-03-04 17:32:41.0000000,Drew.Gallagher,Utilities Scotland <UtilitiesScotland@networkrail.co.uk>,Drumgrange GSMR 6560-2351373,,,,,1693440440,0,0,278,1710,6,5001,0,861031,WAT," ",Scotland's Railway - Scotland,Delivery Units,Motherwell DU,280,0,0,09-10-2025 09:02:38
6297,*,5856019,Signalling Supply Point - Pontypridd B,Pontypridd,,Mid Glamorgan,,,,,,1092,0,0,0,,,No,,,0,0,0,0,13,"Site Location - ?
Site Access - Not Known
Site Usage Notes - No other usage.",2017-04-12 14:11:15.0930000,Adam De Benedictis,,Pontypridd Signals Supply-5856019,,,,,-1971688746,0,0,0,0,0,0,0,0,CAM,,Wales,Cardiff,Cardiff-Aber,280,0,0,09-10-2025 09:02:24
11727,*,7405543,Portsmouth & Southsea SB (Gas) CLOSED,Signal box compound,Canal Walk,Portsmouth,Hampshire,,PO1 1LG,,,1092,0,0,678,,,Yes,,3rd October 2017,0,0,0,0,44,"HOW TO GET THERE
Exit Portsmouth & Southsea station turn right then take an immediate right into Station St.
Proceed and turn 2nd  right into East Surrey St.  Turn right into Upper Arundel St.
Go to the end and turn left into Railway View and the next right into Canal Walk.
The compound gates are on the right not far along.
Once inside the gates turn sharp left.

METER LOCATION
The gas meter is located between the sig box and the wall of the compound, in a cabinet.

NOTES
As @ 6/4/2017 it is switched off with a final read of 068879, same on 3/10/2017
37 key for compound

PARKING
In compound",2025-08-26 10:59:45.0000000,George.Murray@networkrail.co.uk,,Portsmouth & Southsea Signal Box (Gas)-7405543,,,,,-2055323020,0,0,276,612,4,882031,0,113671,PAS,,Southern,Wessex,Outer,280,50.79798,-1.084963,09-10-2025 09:02:38
4012,,2360590,Woking HQ (Water) CLOSED   (DBS),Downside Yard,,,,,,,,1092,0,0,0,,,Yes,,9th March 2018,0,0,0,0,24,"Site Location - On entering HQ go straight through building- and out Fire exit.  It is in a small pit by the fire esc. At the rear of the building
Site Access - HQ compound. Sub meter #99272334
Site Usage Notes - HQ office.  The sub meter is fed from a DBS supply, main meter in pavement at mouth of access road to HQ/Aggregates yard

i/c from DBS

The HQ is now gone.
FINAL reads on 9 Mar 2018 - 23209

DBS charge NR for water for Woking HQ via a sub meter.  The HQ has now gone.  I attach a photo of the reads – this is FINAL.  DBS should not be charging us any more for water here and so you will need to close the account with them.  The electricity we charge DBS for on this site is still ongoing – their cabins are still in use.  I’ll get some reads for them in due course.",2021-07-07 15:38:27.0000000,Tom Ward,,Woking HQ (Water)-2360590,,,,,620001420,0,0,276,920,0,0,0,113671,BML1,,Southern,Wessex,Inner,280,0,0,09-10-2025 09:02:19
21544,,E2341676,Brereton AT Feeder Substation,Power Station Road,,Rugeley,,,WS15 1PU,,,1120,0,52,667,07/02/2018,Yes SMS,,Delivery Units,07/01/2019 TSB,0,0,0,0,122,Drive through power station to railway substation,2025-03-04 17:31:43.0000000,Drew.Gallagher,,Brereton AT Feeder Substation,,,,,645492842,0,0,278,476,0,0,0,858031,LEC2,,LNW,WCS,Stafford,280,0,0,09-10-2025 09:02:49
607,,2139032,Moorthorpe MDU Depot (Water),Barnsley Road,South Kirkby,Pontefract,,,WF9 3AT,,,1117,0,0,671,,,Yes,,,0,0,0,0,11,,2025-03-04 17:31:01.0000000,Drew.Gallagher,,Moorthorpe MDU Depot-2139032,,,,,-1148239563,0,0,0,760,0,0,0,118614,SMJ2,,Eastern,North & East,Sheffield,280,0,0,09-10-2025 09:02:04
21687,,2360163,SS - Albany Park SSP,Valentine Avenue,"Saint Mary's Bexley,",Bexley,Kent,,DA5 3HF,,,1122,0,0,0,,,,,15/05/2019,0,0,0,0,13,"TRANSPORT: Car 
SITE DIRECTIONS: From Albany Park Station booking hall turn right into Steynton Avenue  follow to end and turn right into Valentine Avenue continue to footbridge over railway.
 
METER LOCATION: Meter cabinet opposite No:44 
SITE NOTES: 03/05/19_site was disconnected and installed in another cabinet. Disconnection (Cert No:274969) reconnected at 10:30 same day (Connection Cert No:0039200).
Signalling also supplied by 4141210 and 4141211 NTfT 
KEYS REQUIRED: CCC2 
METER TYPE: WC 
CONTACT:  
MAP REFS: ELR_ HDR- 13 m. 17 y.  
OS REF: TQ-48120,72932. 
LAT: 51.436032 - LONG: 0.129581 
EASTINGS: 548120 - NORTHINGS: 172932
",2025-07-30 10:55:57.0000000,George.Murray@networkrail.co.uk,,Albany Park SSP,,,,,1365634062,0,0,278,17,3,0,0,113671,HDR,,Southern,Kent,London Bridge,280,51.43603,0.129581,09-10-2025 09:02:49
349,,1826049,Netherfield Signal Box (Closed),Netherfield & Colwick Station,Chaworth Road,Colwick,Nottingham,,NG4 2FZ,,,1092,0,0,671,,No - De-scoped,"901031 IMDM, Derby, Indirect",,,0,0,0,0,125,"Site Location - off A612 at Carlton to Colwick. Follow access road off bridge and park opposite signal box.
Site Access -  KEY from signalman
Site Usage Notes - Also feeds Relay Room and other Signalling Apparatus  & PLATFORM LIGHTS.
Siemens survey 27/3/14 - The signal box is due to be demolished imminently, and the DU suggestion is that the supply will be redundant. 

Supply de-energised 18 Mar 2018",2020-07-15 10:58:21.0000000,Tom Ward,,Netherfield Signal Box-1826049,,,,,1907449146,0,0,276,370,4,901031,0,118619,NOG1,,Eastern,East Midlands,Derby,280,0,0,09-10-2025 09:02:04
6831,,6615159,Pinxton Sleights Signal Box and LX (De-En),Alexander Terrace,Pinxton,Nottinghamshire,,,NG16 6PL,,,1117,0,0,671,,,"901031 IMDM, Derby, Indirect",,,0,0,0,0,134,"Site Location - From  J28 of M1 take B6019. after 200m turn left into Pinxton Lane. after 1 mile turn right into Alexander Terrace. crossing is 200m away.
Site Access - lock is broken
Site Usage Notes - No other usage
De-Energised 18/7/14
",2025-03-04 17:30:20.0000000,Drew.Gallagher,,Pinxton  Sleights Signal Box and Level Crossing-6615159,,,,,223225148,0,0,276,1660,9,901031,0,118619,PBS1,,Eastern,East Midlands,Derby,280,0,0,09-10-2025 09:02:27
11926,,7405569,Spalding Signal Box (Gas) (Closed),Winsover Road,Spalding,Linconshire,,,PE11 1HA,,,1092,0,0,671,,,Yes,,,0,0,0,0,44,Site Location - From Spalding Station TR <south> on A151 to r.h. corner and level crossing 230m ahead; signal box on r.h.s. over crossing (access from B1356  Park Road ),2022-07-29 15:14:23.0000000,Bradley.France@networkrail.co.uk,,Spalding Signal Box (Gas)-7405569,,,,,1331754606,0,0,276,290,4,901031,520000,118619,SPD1,,Eastern,East Midlands,Lincoln,280,0,0,09-10-2025 09:02:38
970,,2320024,Oakham Points Heating,Station Approach,Station Road,Oakham,Rutland,,LE15 6QW,,,1117,0,0,667,21/04/2012,Yes - EDF Phase 1,"900031 IMDM, Bedford, Indirect",,,0,0,0,0,93,"Site Location - M6 - A14 - A6003 to Oakham. A606 to Melton Mowbray - over crossing and pull into yard past station.
Site Access - park in contractors  yard and cross tracks to  kiosk.also access from yard past station buildings.
Site Usage Notes - Rdg  Low22321 Norm64783 (4/6/03).",2025-03-04 17:30:22.0000000,Drew.Gallagher,,Oakham Points Heating-2320024,,,,,1956998948,0,0,278,0,5,900031,0,118618,GSM2,,Eastern,East Midlands,Derby,0,0,0,09-10-2025 09:02:04
2347,,E2340470,Crewe Potteries ITSL,"The Sidings behind AO Omega Wharehouse ",off Weston Road,Crewe,,,CW1 6BW,diamond.possible.fools,,1120,0,0,679,24/09/2014,Yes - Siemens AMR Phase 2,"852031 IMDM, Liverpool, Indirect",Delivery Units,19/11/2025 TSB,0,0,0,0,8,"Site Access - Access from the AO Warehouse Gatehouse and sign in. then follow the authorised one way route to the rear of the warehouse cubicle is in fenceline adjacent track access gate.
CT200/5 fused ar 160 Amp
ICell GC Modem and HG ariel IP 10.100.50.51 Port 14654 fitted 19/11/2025
",2025-11-19 14:40:32.0000000,Terry Bleasdale,,Crewe Potteries T.S.L.-2340470,,,,,0,0,0,278,440,8,852031,0,852031,KCS1,,LNW,North West,Manchester,280,0,0,20-11-2025 04:00:27
22109,,W3134871,Atherstone Welfare Unit (Water),Minions Close,,Atherstone,,,CV9 2BD,,,1120,0,58,0,,,,Delivery Units,08/04/2021 TSB,0,0,0,0,102,"Water Grid Ref: SP 30533 97682
Eastings,Northings:430533, 297682

ELR
LEC2 (102m 206yd)     (102m 9ch)      (164km 341m)
     Distance to:(45m)     (48yd)
     RUGBY T V JNC - STAFFORD SOUTH

located at top RHS of access trackway in pavemnent at end of Minions close ",2025-03-04 17:32:16.0000000,Drew.Gallagher,,Atherstone Welfare Unit (Water)\New Database Record Atherstone Welfare Unit (Water).doc,,,,,1996698527,0,0,278,206,0,0,0,858031,LEC2,,LNW,WCS,Stafford,280,0,0,09-10-2025 09:02:49
9068,,2341161,Baguley Bridge GSM-R (4431) (Closed),Network Rail,Feeder Pillar,Timpson Road,Roundthorn Industiral Estate,Manchester,M23 1HR,,,1092,0,0,679,17/01/2011,Yes - UPL Dumb meter,No,,,0,0,0,0,31,"1. Head south on Wellfield Rd toward Rawpool Gardens  
2. Turn left at Royal Oak Rd  
3. Turn right at Hall Ln  
4. Take the 1st right onto Floatshall Rd  
5. Turn right at Glebelands Rd  
6. Slight right at Roundthorn Ct 92FT
SP disconnection tracker 271:- Open",2021-01-19 10:39:21.0000000,Terry Bleasdale,,Baguley Bridge GSM-R (4431)-2341161,,,,,-15334098,0,0,276,1279,0,0,0,0,WJP1," ",X-Deleted,Old record,Manchester,280,0,0,09-10-2025 09:02:32
9720,,2331129,Shildon Tunnel North GSM-R 4246,Network Rail Railway Signals,Shildon Tunnel North,Adj High Street,Eldon Lane,Bishop Auckland,DL14 8TD,,,1117,0,0,0,09/12/2011,Yes - UPL,"846031 IMDM, Newcastle, Indirect",,,0,0,0,0,9,"Start from Bishop Auckland:
1. Head north on Cockton Hill Rd toward S View,436 ft  
2. At the roundabout, take the 1st exit onto Bob Hardisty Dr,492 ft  
3. At the roundabout, take the 2nd exit and stay on Bob Hardisty Dr, 0.3 mi  
4. At Princes St, take the 3rd exit onto Prince's St/A689,Continue to follow A689,0.1 mi  
5. Continue onto S Church Rd/A6072,0.7 mi  
6. At A6072, take the 2nd exit onto S Church Rd/B6282,Continue to follow B6282,0.3 mi  
7. Turn left onto Main St/B6282,Continue to follow B6282,0.4 mi  
8. Turn left onto High St, Destination will be on the right, 0.4 mi  
",2025-03-04 17:30:41.0000000,Drew.Gallagher,,Shildon Tunnel North GSM-R 4246-2331129,,,,,-1780869951,0,0,278,1654,6,846031,522000,118613,DAE2," ",Eastern,North & East,Middlesbrough,0,0,0,09-10-2025 09:02:35
5107,,E2860003,Slade Lane Junction Relay Room,Slade Lane,Longsight,Manchester,,,M13 0GQ,,,1120,0,38,679,08/08/2017,YES SMS,"854031 IMDM, Manchester, Indirect",Delivery Units,14/02/2024 TSB,0,0,0,0,186,"Site Usage Notes -  Relay Room -  Telemmunications Room, Welfare cabin and Stores containers
off slade lane turn into yard through steel gate 16 key required follow the yard the meter location is straight ahead brick switchroom gate round the back appears to be open with no lock
MEx 08/08/2017",2025-03-04 17:31:44.0000000,Drew.Gallagher,,Slade Lane Junction Relay Room-2860003,,,,,-1835124867,0,0,278,737,3,3002,522000,854031,CMP2,,LNW,North West,Manchester,280,0,0,09-10-2025 09:02:21
8681,,9999868,Dover Priory MDU (G),Dover Priory Yard,Priory Hill,Dover,Kent,,CT17 9SE,,,1122,0,0,0,,,Yes,,14/03/2018,0,0,0,0,77,"TRANSPORT: Train & Walk. 
SITE DIRECTIONS: From Dover Priory Station right up steps to FOLKESTONE ROAD then right into ST JOHNS ROAD and Goods Yard entrance is on your left.

METER LOCATION: Meter located in brick cubicle just inside compound on the left. SITE NOTES:  
KEYS REQUIRED: ABLOY. 
METER TYPE: N/A
",2025-03-04 17:33:13.0000000,Drew.Gallagher,,Dover Priory MDU (Gas)-9999868,,,,,725407120,0,0,278,594,1,113658,0,113671,FDM,,Southern,Kent,Ashford,280,51.12515,1.304384,09-10-2025 09:02:32
1066,,E2320139,South Kenton GSM-R 8038,Windermere Grove,South Kenton,Harrow,,,HA9 8RB,,,1120,0,36,666,27/11/2014,Yes - Siemens AMR Phase 2,"859031 IMDM, London Euston, Indirect",Delivery Units,11/06/2015 TSB,0,0,0,0,9,1.big metal cabinet behind Windermere pub and opposite station,2025-03-04 17:31:18.0000000,Drew.Gallagher,,South Kenton GSM-R-2320139,,,,,731316884,0,0,278,880,6,3003,522000,859031,LEC1," ",LNW,WCS,Euston,280,0,0,09-10-2025 09:02:11
3597,,2360094,TP Hut(+) - Weymouth PH & TP Hut,Alexandra Bridge Box,Ranelagh Road,Weymouth,Dorset,,DT4 7JF,,,1122,0,0,0,10/11/2014,Yes - Siemens AMR Phase 2,"881031 IMDM, Eastleigh, Indirect",,,0,0,0,0,168,"Site Location - Exit Weymouth Station by side entrance.Turn left down Ranelagh Road.At end by Heron Court flats where steps and slope go up hill.
Site Access - CCC2 key.
Site Usage Notes - Points Heating (5sets)  Telephone Exchange  Walkway lighting  Jubilee Sidings lighting (2.5kw)  TP Hut and P/Way cabin.

WHOLE CURRENT, three phase, 400v",2025-07-30 10:56:05.0000000,George.Murray@networkrail.co.uk,,Weymouth Points Heating & TPH-2360094,,,,,-1894222401,0,0,278,878,9,881031,522000,113671,BML3,,Southern,Wessex,Outer,280,0,0,09-10-2025 09:02:18
1156,,2320312,Kettering Station Junction PH,Northfield Avenue,Kettering,NortHampshire,,,NN16 8TB,,,1117,0,0,667,13/10/2011,Yes - EDF Phase 1,"900031 IMDM, Bedford, Indirect",,,0,0,0,0,72,,2025-03-04 17:30:24.0000000,Drew.Gallagher,,Kettering Station Junction PH-2320312,,,,,-810020095,0,0,278,400,5,900031,0,118618,SPC3,,Eastern,East Midlands,Bedford,0,0,0,09-10-2025 09:02:12
8266,,X9997055,zzz - NRN - Knockewart - old record -,North Hill Wireless Station,off B870 Dalry Road,Ardrossan,,,KA22 7NU,,,1121,0,37,680,,,No,,,0,0,0,0,0,"
Site Access - from Ardrossan <north> on B780 'Dalry Road', past Busbie Muir Reservoir (on l.h.s.) c.800m and TL 'Knockewart Farm' access road; follow past farm and continue c.1km up hill to mast site
Site Usage Notes - old record - NRN system switched off end December 2015 (per Asst RCE advice 4may16)
",2025-03-04 17:33:01.0000000,Drew.Gallagher,,Knockewart NRN-9997055,,,,,-1537744081,0,0,276,0,0,0,0,0,," ",Scotland's Railway - Scotland,Delivery Units,Motherwell DU,280,0,0,09-10-2025 09:02:30
21327,*,2390087,Red Lodge Business Park (Gas Unit 1+2),Red Lodge Business Park,Warleys Lane,Weston-Super-Mare,,,BS24 7TN,,,1092,0,0,676,,,,,,0,0,0,0,0,Transfered from WPM P1 2017,2019-07-18 11:25:56.0000000,Clare Rich,,Red Lodge Business Park (Gas),,,,,-316942127,0,0,276,0,0,0,0,708220,LWA,,Western,Work Place Management,,280,0,0,09-10-2025 09:02:49
9187,,E2341181,Rowley Regis GSM-R 6071,"off Station Road ",Rowley Regis,West Midlands,,,B65 0LJ,,,1120,0,36,667,09/03/2011,Yes - UPL,"856031 IMDM, Saltley, Indirect",Delivery Units,11/05/2017 TSB,0,0,0,0,136,"Cubcile in fenceline by roundaboput at start of station car park ",2025-08-21 07:59:43.0000000,Terry Bleasdale,,Rowley Regis GSM-R site 6071a-2341181,,,,,-954776220,0,0,278,259,6,856031,522000,856031,GSJ2," ",LNW,Central,Saltley,280,0,0,09-10-2025 09:02:32
22456,*,E2331685,E2331685,,,,,,,,,1092,0,0,0,,,,,,0,0,0,0,0,,2023-10-04 11:55:04.0000000,Bradley.France@networkrail.co.uk,,,,,,,-595820084,0,0,278,0,0,0,0,0,,,,,,280,0,0,09-10-2025 09:02:52
4197,,2360879,PH - Swanley Station,Station Approach,Swanley,Sevenoaks,Kent,,BR8 8BZ,,,1122,0,0,0,10/05/2012,Yes - EDF Phase 1,"113658 IMDM, Orpington, Indirect",,,0,0,0,0,17,,2025-07-30 10:55:50.0000000,George.Murray@networkrail.co.uk,,Swanley Station Point Heating-2360879,,,,,921727053,0,0,278,845,5,113658,522000,113671,VIR,,Southern,Kent,Orpington,280,0,0,09-10-2025 09:02:19
961,,E2320014,Hatch End REB,Uxbridge Road,Harrow,Buckinghamshire,,,HA5 4UT,,,1120,0,0,666,05/11/2014,Yes - Siemens AMR Phase 2,"859031 IMDM, London Euston, Indirect",Delivery Units,22/01/2020 TSB,0,0,0,0,13,"Site Location - Continue along the M1 to Juction No4 and turn onto the A41(T) road south. Follow the road and turn onto the A410 and continue to the rail over bridge No49 located just before Hatch End Station
Site Access - Access from Hatch End Station and walk back across the bridge to the track acccess gate cubicle is right Hands side of track access gate
SIM Swop Nov 2019 SMS 
MEx 22/01/2020
",2025-03-04 17:31:18.0000000,Drew.Gallagher,,Hatch End REB-2320014,,,,,2073177698,0,0,278,244,3,3002,0,859031,LEC1,,LNW,WCS,Euston,280,0,0,09-10-2025 09:02:04
3754,,2360258,PH - Sutton CE,Bridge Road,Sutton,Surrey,,,SM2 6NF,,,1122,0,0,666,12/10/2011,Yes - EDF Phase 1,"113658 IMDM, Croydon, Indirect",,19/06/2019,0,0,0,0,15,"TRANSPORT: Car 
SITE DIRECTIONS: From Sutton Station right into Brighton Road  turn left 
at traffic lights into Grove Road then left into Bridge Road continue to road bridge. 
METER LOCATION: Meter cabinet is located just before the bridge. 
SITE NOTES:  
KEYS REQUIRED: CCC2 
METER TYPE: WC 
CONTACT:  
MAP REFS: ELR_ BTH2- 15 m. 76 y.  
OS REF: TQ-25849,63801. 
LAT: 51.359348 - LONG: -0.193873 
EASTINGS: 525849 - NORTHINGS: 163801
",2025-07-30 10:55:50.0000000,George.Murray@networkrail.co.uk,,Sutton Points Heating Country End-2360258,,,,,1831438691,0,0,278,76,5,113658,522000,113671,BTH2,,Southern,Sussex,Croydon,280,51.35935,-0.193873,09-10-2025 09:02:19
21553,,E2331532,Tinsley South TSC,Tinsley South Junction,Sheffield Road,Tinsley,,,S9 2YL,,,1117,0,0,671,,,,,,0,0,0,0,2,"Access to site is via Sheffield Road

Please contact Raymond Fowler to make necessary arrangements.

To be housed within the DNO cubicle positioned within the existing fenceline.",2025-03-04 17:31:08.0000000,Drew.Gallagher,,Tinsley South TSC,,,,,362461275,0,0,278,594,0,0,0,118614,WME,,Eastern,North & East,Sheffield,280,0,0,09-10-2025 09:02:49
4481,,2370326,Level Crossing + - Avonmouth Station,Avonmouth Station,Gloucester Road,Avonmouth,Bristol,,BS11 9AA,,,1123,0,8,676,21/08/2014,Yes - Siemens AMR Phase 2,"890031 IMDM, Bristol, Indirect",,,0,0,0,0,9,"
Site Access - BRW key
Meter cabinet on Avonmouth Station platform 1 next to bike shed, ",2025-03-04 17:34:20.0000000,Drew.Gallagher,,Avonmouth Station Crossing REB-2370326,,,,,1265556771,0,0,278,193,3,890031,0,890031,CNX,,Wales & Western,Western,Central,280,51.50013,-2.699366,09-10-2025 09:02:21
5294,,3172006,Points Heating - Slough West No 2,Salt Hill Park,Salt Hill Way,Slough,,,SL1 3TS,,,1123,0,20,666,,,"893031 IMDM, Reading, Indirect",,31/07/2023,0,0,0,0,19,"Site Location - From A4 Bath Road  take A355 north then turn 2nd right into Salt Hill Way. Go to end of road to house number 66A on LHS and walk about 50m down foot path to lineside fence. Cabinet is on left hand side, adjacent to official Network Rail track access point.
Site Access - XJR186 key to gate BRW key on cabinet.
Site Usage Notes - No other usage.  Meter reading         23/10/02 :- 1) 000983  20 000822.",2025-03-04 17:34:26.0000000,Drew.Gallagher,,Slough West Points Heating No 2-3172006,,,,,139135606,0,0,278,157,5,9001,522000,893031,MLN1,,Wales & Western,Western,East,280,51.51483,-0.6062897,09-10-2025 09:02:21
18244,,4142425,CRH - High Brooms Up CRH1 (03253-K-01),High Brooms,,Kent,,,TN2 3DR,,,1122,0,0,677,,Yes - EMig Con Rail Sub Meter,Yes NTfT,,,0,0,0,0,32,,2025-07-30 10:55:09.0000000,George.Murray@networkrail.co.uk,,High Brooms Up CRH1 (03253-K-01)-4142425,,,,,2051872664,0,0,278,1166,14,0,0,113671,TTH,U,Southern,Kent,Orpington,280,0,0,09-10-2025 09:02:44
421,,1947039,Syston Relay Room (Closed),Off Melton Road,Syston,Leicester,,,LE7 2,,,1092,0,0,667,,,No,,,0,0,0,0,103,"Site Location - From Leicester on A607 turn left opposite Midland Public House go through station car park  continue along trackside to relay room.
Site Access - RC - 27
Site Usage Notes - Also feeds Points Heating",2020-07-15 10:58:31.0000000,Tom Ward,,Syston Relay Room-1947039,,,,,-132905233,0,0,276,1540,0,0,0,118619,SPC5,,Eastern,East Midlands,Derby,280,0,0,09-10-2025 09:02:04
6977,,6707001,Mexborough SBG & Relay Room,Mexborough Station,Station Road,Mexborough,South Yorkshire,,S64 9AQ,,,1117,0,0,671,12/06/2014,Yes - Siemens AMR Phase 2,"847031 IMDM, Sheffield, Indirect",,,0,0,0,0,15,"Site Location - A630 Road  Doncaster - Rotherham for Mexbro follow to station which is well signed.
Site Access - None
Site Usage Notes - Signalling Supply RT                                 Point Heating (Railtrack)      RT                        Relay Room RT",2025-03-04 17:30:55.0000000,Drew.Gallagher,,Mexborough SBG & Relay Room-6707001,,,,,1557302433,0,0,278,1560,9,2002,0,118614,PED5,,Eastern,North & East,Sheffield,0,0,0,09-10-2025 09:02:27
17899,,4142080,CRH - Bat and Ball Dn CRH2 (02563-K-01),Sevenoaks,,Kent,,,TN14 5AP,,,1122,0,0,677,,Yes - EMig Con Rail Sub Meter,Yes NTfT,,,0,0,0,0,25,,2025-07-30 10:55:03.0000000,George.Murray@networkrail.co.uk,,Bat and Ball Dn CRH2 (02563-K-01)-4142080,,,,,-2144687953,0,0,278,1386,14,0,0,113671,OJS,U,Southern,Kent,Orpington,280,0,0,09-10-2025 09:02:44
8225,,E9997003,RR (+) - Cowlairs [former SC]/Power House - [MDU],off Hawthorn Street,,Glasgow,,Scotland,G22 6BQ,,,1121,0,38,680,,Yes,"860031 IMDM, Edinburgh, Indirect",,,0,0,0,0,1,"Site Location - AAP(P) on Hawthorn Street immediately west of UB119; AWR leads up to sleeper crossing over  West Curve  then follow pathway round to old brick building on left hand side
Site Access - AWR from Hawthorn St over Sleeper Crossing at top of stairs - phone signal(wo)man on entry to p/hse
Site Usage Notes - Signalling Centre/RR + walkway lighting (3no.@70W)  points heating (CC  x )  MDU(PWay) cabins on down side",2025-03-04 17:32:41.0000000,Drew.Gallagher,Utilities Scotland <UtilitiesScotland@networkrail.co.uk>,Cowlairs Signalling CentrePower House-9997003,,,,,1945338863,0,0,278,1560,3,5001,0,860031,EGM1,,Scotland's Railway - Scotland,Delivery Units,Edinburgh DU,280,0,0,09-10-2025 09:02:30
2632,,E2340864,Clifton Station CCTV (CLOSED),Rake Lane,Cliffton,Manchester,,,M27 8LT,,,1092,0,0,679,19/05/2014,Yes - Siemens AMR Phase 2,"854031 IMDM, Manchester, Indirect",,16/04/2020 TSB,0,0,0,0,4,"meter located in GRP cubicle at bottom of Up Platform approach road set into fenceline.
Feeds approx 10 CCTV cameras located alongside the Up Bolton Line
meter is located in steel cab on the left through steel gates at bottom of the access track adjacent to clifton station

D_UH Form Submitted 13/05/2019
De energised 04/06/2019
Disconnected (ENWL emergency call out ref 40758905) - 16/04/2020",2021-02-02 08:57:26.0000000,Terry Bleasdale,,Clifton Station CCTV-2340864,,,,,2115826503,0,0,276,1312,6,854031,0,0,MVE1,,X-Deleted,Old record,Manchester,280,0,0,09-10-2025 09:02:16
22562,,E9998020,Cot Station - East Linton Station Carpark  EVC ( Cot to East Lothian Council ),Andrew Meikle Grove,"East Linton ",Lothian,Scotland,Scotland,EH40 3EL,,,1121,0,55,672,,,,,,0,0,0,0,0,This account was set up at the request of Scotrail. it  has now been set up for them and trasferred to East Lothian Council.,2025-05-08 16:32:04.0000000,Wendi Wheeler,Utilities Scotland <UtilitiesScotland@networkrail.co.uk>,,,,,,-1759961874,0,0,278,0,0,0,0,860031,,,Scotland's Railway - Scotland,Managed Stations,Edinburgh DU,280,0,0,09-10-2025 09:02:52
7395,,7680014,Choppington AHB Crossing,Station Road,Choppington,Northumberland,,,NE62 5TH,,,1117,0,0,669,,No,No,,26/5/2016  RE,0,0,0,0,17,"Site Location - from roundabout B1331/A193/A1068 in Bedlington  <north> on A1068  Choppington Road  for approx 1.5kms to level crossing
Site Access - direct from roadside       dual locked: MMA-C / NE  H
Site Usage Notes - No other usages RT
meter is located in a metal cabinet left hand side of rail crossing.",2025-03-04 17:30:39.0000000,Drew.Gallagher,,Choppington AHB Crossing-7680014,,,,,250020970,0,0,278,130,7,0,0,118613,EJM,,Eastern,North & East,Middlesbrough,280,0,0,09-10-2025 09:02:30
800,,2310119,Walpole MGH Level Crossing (orphan),Southrepps Road,Antingham,North Walsham,,,NR28 0QW,,,1117,0,0,670,,,No,,,0,0,0,0,18,Site Usage Notes - Disconnected 1/7/02,2025-03-04 17:29:55.0000000,Drew.Gallagher,,Walpole MGH Level Crossing-2310119,,,,,-2115223147,0,0,0,67,7,0,0,820031,WHC1,,Eastern,Anglia,Ipswich,280,0,0,09-10-2025 09:02:04
18556,,4142737,CRH - Sittingbourne Down Main CRH1 (04465-K-01),Sittingbourne Station,,Kent,,,ME10 3DW,,,1122,0,0,0,,Yes - EMig Con Rail Sub Meter,Yes NTfT,,,0,0,0,0,44,,2025-07-31 13:00:16.0000000,George.Murray@networkrail.co.uk,,Sittingbourne Down Main CRH1 (04465-K-01)-4142737,,,,,1277504023,0,0,278,1446.5,14,0,0,113671,VIR,U,Southern,Kent,Ashford,280,0,0,09-10-2025 09:02:44
4514,,2370362,"FTN - Gowerton ",Gowerton Station Car Park,Station Road,Gowerton,,,SA4 3AJ,,,1123,0,50,676,15/09/2014,Yes - Siemens AMR Phase 2,"894031 IMDM, Cardiff, Indirect",,,0,0,0,0,219,"Site Access - RKB221
site is located at the far end of the station car park in a small steel cubicle in the fenceline",2025-03-04 17:34:07.0000000,Drew.Gallagher,,Gowerton FTN-2370362,,,,,-1597717008,0,0,278,840,6,894031,0,894031,SWM2," ",Wales & Western,Wales,Cardiff,280,51.64839,-4.034971,09-10-2025 09:02:21
2145,,E2340215,"Kingmoor Yard AHD & MHD, Tower Ltg & DB Cargo",ENWL Substation,Cargo Beck,Kingmoor,Carlisle,Cumbria,CA6 4BB,defected.stove.alleges,,1120,0,52,681," 27/10/2016",Yes SMS,"851031 IMDM, Carlisle, Indirect",Delivery Units,03/07/2025 TSB,0,0,0,0,3,"Site Access - Access from the approach road to Kingmoor Yard into the ENWL 
Site Usage Notes - Yard Lighting - Network Rail.                                                    Accomod. - Training School - Story Rail     Yard Lighting - Shunters Accommod. -DBS
Gate code 1525

MEx 27/10/2016 4 meters

ICell GC modem swaps 03/07/2025
Meter 051 - Port 24849
Meter 052 - Port 24848
Meter 097 - Port 24862
Meter 098 - Port 24853


DB Cargo contact Phil Tait - 07801906280
DB sub meters x2 fitted 26/07/2023
E20UP05031 - Miantenance Shed
E22UP05438 - Shunters/traincrew",2025-11-04 16:06:37.0000000,Terry Bleasdale,,Kingmoor Yard-2340215,,,,,0,0,0,278,209,10,3003,0,851031,WCM1,,LNW,North West,Workplace - TFM,280,0,0,05-11-2025 04:00:16
22115,,W7406340,Bicester Welfare Unit (Water),Gavray Drive,,Bicester,,,OX26 6XP,,,1120,0,58,0,,,,Delivery Units,10/06/2021 TSB,0,0,0,0,18,"meter between the pedestrian and vehicle gates in grass verge about 1 metre infront of fence
Cabin access code 5324",2025-03-04 17:32:16.0000000,Drew.Gallagher,,Bicester Welfare Unit (Water),,,,,-2012578574,0,0,278,1660,0,0,0,856031,OXD,,LNW,Central,Saltley,280,0,0,09-10-2025 09:02:49
21988,,4141585,Stechford PSP NTfT (ums),Station Road,Stechford,Birmingham,,,B33 9AG,,,1120,0,0,0,,,,,NTfT UMS,0,0,0,0,107,,2026-01-22 13:14:14.0000000,Terry Bleasdale,,,,,,,0,0,0,278,110,0,0,0,857031,RBS1,H,LNW,Central,Sandwell & Dudley,280,0,0,23-01-2026 04:00:39
8607,,4249519,PH - Oxted (Barrow Green Road),Network Rail Bridge 517,Barrow Green Road,Oxted,Surrey,,RH8  0RA,,,1122,0,0,666,22/10/2014,Yes - Siemens AMR Phase 2,"852031 IMDM, Liverpool, Indirect",,,0,0,0,0,20,"Exit Oxted station (upside) turn right and proceed until the end of Station Aproach. 
Turn left into Bluehose Lane.
Take the next right turn into Barrow Green Road
Proceed under the railway bridge and the cabinet will be situated on the left passed the bridge.
This meter supplies points heating only.",2025-07-30 10:55:49.0000000,George.Murray@networkrail.co.uk,,Oxted (Barrow Green Road) Points Heating 4249519-4249519,,,,,-1223533685,0,0,278,198,5,852031,0,113671,SCU1,,Southern,Sussex,Croydon,280,0,0,09-10-2025 09:02:32
8591,,2330999,Wombwell Station GSM-R SITE 4064,Off Hemingfield Road,Wombwell,Sheffield,,,S73 0LJ,,,1117,0,0,671,24/10/2014,Yes - Siemens AMR Phase 2,"847031 IMDM, Sheffield, Indirect",,,0,0,0,0,170,"From Barnsley:
1. Head north on Market Hill toward Shambles St  279 ft 
2. Continue onto Shambles St  0.2 mi 
3. At the roundabout, take the 2nd exit onto W Way/A628  0.4 mi 
4. At the roundabout, take the 3rd exit onto A61/Sheffield Rd 
Continue to follow A61  1.3 mi 
5. Turn left at Bank End Rd  0.1 mi 
6. Slight right at High St  0.4 mi 
7. Continue onto Station Rd  0.7 mi 
8. Turn left at Wentworth Rd  0.2 mi 
9. Continue onto Dovecliffe Rd  1.4 mi 
10. Continue onto Hemingfield Rd  0.2 mi
Meter cabinet is on the left immediately after crossing the bridge.
site is adjacent to the bridge on hemmingfirld road , in a steel cab in the fenceline ",2025-03-04 17:31:04.0000000,Drew.Gallagher,,Wombwell Station GSM-R SITE 4064-2330999,,,,,-835204777,0,0,278,465,6,847031,522000,118614,SHB," ",Eastern,North & East,Sheffield,0,0,0,09-10-2025 09:02:32
8483,,TEWG,Tunbridge Wells,UKPN-SPN Substation,Addison Road,Tunbridge Wells,,,TN2 3GG,,,1092,0,0,677,,,No,,,0,0,0,0,33,"Import Capacity: 20,000kVA; Export Capacity: 0kVA.
///socket.appeal.trial
",2024-03-14 12:13:16.0000000,Alan Bullock,,Tunbridge Wells-TEWG,,,,,47837749,0,0,278,240,0,0,0,0,TTH,U,Traction,Southern,,280,51.14568,0.27473,09-10-2025 09:02:32
7652,*,8263011,Bootham Junction,Wigginton Road York,,YORK WATERWORKS INVESTIGATING,,,,,,1117,0,0,0,,,No,,,0,0,0,0,0,"Site Access - Not Known
Site Usage Notes - No Other Usage ?York Waterworks asked to investigate this site 02/05/97Asked again 16/06/98",2025-12-18 14:54:13.0000000,Wendi Wheeler,,Bootham Junction-8263011,,,,,0,0,0,276,0,0,0,0,0,0,,X-Deleted,xNorth Eastern,Knottingley,280,0,0,19-12-2025 04:01:20
5797,,5099001,PH - Chislehurst (CLOSED),91 Lower Camden,Chislehurst,Kent,,,BR7 5JD,,,1092,0,0,0,,,No,,,0,0,0,0,10,"Site Location - Exit Chislehurst Station left into Station  Approach at end cross main road into Lower Camden continue 650m to access road to left of No 91.
Site Access - CCC2 key for cabinet.
Site Usage Notes - Points Heating no other usages. 26-4-00 Points Heating resited on new supply no equipment at present connected to this meter BB confirm meter can be removed. Disconnected 31/3/05

NOT IN ECOES AS @ 17 May 2021
""TRANSPORT:  SITE DIRECTIONS: From Site Location - Exit Chislehurst Station left into Station  Approach at end cross main road into Lower Camden continue 650m to access road to left of No 91.
Site Access - CCC2 key for cabinet.
Site Usage Notes - Points Heating no other usages. 26-4-00 Points Heating resited on new supply no equipment at present connected to this meter BB confirm meter can be removed. Disconnected 31/3/05 METER LOCATION:  SITE NOTES: No record showing in Ecoes. KEYS REQUIRED:  METER TYPE:  CONTACT:  MAP REFS: ELR_ XTD- 10 m. 1530 y.  OS REF: -,. LAT:  - LONG:  EASTINGS:  - NORTHINGS: ""
",2025-07-31 13:00:26.0000000,George.Murray@networkrail.co.uk,,Chislehurst Points Heating-5099001,,,,,844303438,0,0,276,1530,5,0,0,0,XTD,,Southern,Kent,Orpington,280,0,0,09-10-2025 09:02:24
6584,,6202003,Bulcote AHB Level Crossing (Closed),Old Main Road,Bulcote,Nottinghamshire,,,NG14 5,,,1092,0,0,671,,,No,,,0,0,0,0,6,"Site Location - From  A612  turn  right  into old Main Road  from  Roadway walk behind barrier.                  Off A612 past Burton Joyce (opposite )
Site Access - BCAC2+bolt!
Site Usage Notes - No other usage (+ relay room ? )     meter reading (14/9/99) L14495 W15050 N15049.  Disconnected 30/4/08",2020-07-15 10:58:03.0000000,Tom Ward,,Bulcote AHB Level Crossing-6202003,,,,,-2030151893,0,0,276,220,7,0,0,0,NOB1,,Eastern,East Midlands,Derby,280,0,0,09-10-2025 09:02:27
6009,,5423001,PH - Peckham Rye,Lyndhurst Way,Peckham,London,,,SE15 4PT,,,1122,0,0,666,15/03/2011,Yes - EDF Phase 1,"113658 IMDM, Orpington, Indirect",,28/09/2018,0,0,0,0,3,"TRANSPORT: Train & Walk 
SITE DIRECTIONS: From Peckham Rye Station left into Rye Lane.   
2nd left into High Shore Road and 2nd right into Lyndhurst Way. Go towards bridge and access gate is under the rail bridge on the right.
 
METER LOCATION: Meter Cabinet is Opposite Bellenden Road Busines Park 
SITE NOTES:  
KEYS REQUIRED: CCC2 & ABLOY 
METER TYPE: WC 
CONTACT: 
",2025-07-30 10:55:49.0000000,George.Murray@networkrail.co.uk,,Peckham Rye Points Heating-5423001,,,,,231878522,0,0,278,1035,5,113658,0,113671,BTH1,,Southern,Kent,London Bridge,280,51.46888,0.073715,09-10-2025 09:02:24
23090,,GLC89609,14 MIDLAND STREET ARCH 92 (PART)," ",Glasgow,Glasgow,x,,G1 4PP,,,1126,0,0,0,,,,,,0,0,0,0,0,,2025-03-12 12:24:10.0000000,Grace.Emmence,,,,,,,217429451,0,0,1112,0,0,0,0,705220,,,Scotland Commercial Property,Glasgow," ",0,0,0,09-10-2025 09:02:52
3126,,E2351060,GSMR - Netherhouse (6010A),Cuilhill Road,Bargeddie,Baillieston,Glasgow,Scotland,G69 6UP,,,1121,0,36,680,22/08/2014,Yes - Siemens AMR Phase 2,"863031 IMDM, Glasgow, Indirect",,28/8/17  RE,0,0,0,0,6,"Site Location - A89  Coatbridge Road  (Bargeddie) turn north onto A752 Gartcosh Road/Cuihill Road  follow through road underline bridge and kiosk on r.h.s. verge
Site Access - direct from A752 pavement/verge",2025-03-04 17:32:31.0000000,Drew.Gallagher,Utilities Scotland <UtilitiesScotland@networkrail.co.uk>,Netherhouse GSM-R 6010A-2351060,,,,,1053006523,0,0,278,870,6,863031,0,863031,NEM2," ",Scotland's Railway - Scotland,Delivery Units,Glasgow DU,280,0,0,09-10-2025 09:02:16
149,,1268015,Aston by Stone Relay Room (Disconnected),Uttoxeter Road  (5/12/02),Aston By Stone,Stone,Staffordshire,,ST15 0,,,1092,0,0,667,,,Yes,,,0,0,0,0,0,"Site Location - Turn  off  A51 at sign for Stone pleasure drive  follow road until B5027  follow to crossing. Park on side of road and walk back to crossing.
Site Access - RKB 222
Site Usage Notes - No other usage
SP disconnection tracker 203:- see notes",2018-03-26 11:29:11.2600000,Andrew Vickers,,Aston by Stone Relay Room (Disconnected)-1268015,,,,,357508023,0,0,276,0,0,0,0,0,0,,X-Deleted,Old record,Stafford,280,0,0,09-10-2025 09:02:04
10348,,2331254,Lenton North Pts Htg & Relay Room,Grove Road,,Nottingham,,,NG7 1HF,,,1117,0,0,671,07/11/2012,Yes - EDF,"901031 IMDM, Derby, Indirect",,,0,0,0,0,124,"Site Directions: Cabinet is located on a pedestrian walkway leading from the junction of Grove Road and Hungerton Street.
This is to be a single sided cabinet to be accessed by supplier and NR from the public walkway due to lack of access from the railway side.
Parking space is available at the end of Grove Road.
The supply meter will be installed in the DNO cabinet on the public side of the fence line
Meter housing is double sided DNO cabinet set in the NR boundary fence.",2025-03-04 17:30:29.0000000,Drew.Gallagher,,Lenton North Pts Htg & Relay Room-2331254,,,,,1178109719,0,0,278,1386,9,901031,0,118619,MJT1,,Eastern,East Midlands,Derby,0,0,0,09-10-2025 09:02:35
22682,,2361166,TP Hut - Merrals Shaw,Roman Way,Rochester,,,,ME2 2JX,,,1092,0,0,0,,,,,,0,0,0,0,31,"This site access is via Roman Way access gate at bridge structure No. 130, Post Code: ME2 2JX. CCC2 lock.",2025-07-30 10:56:03.0000000,George.Murray@networkrail.co.uk,,,,,,,405196081,0,0,0,860,0,0,0,113671,,,Southern,Kent,Ashford,280,0,0,09-10-2025 09:02:52
8783,,9999950,Miscellaneous - Camberley Bearer Network Supply - CLOSED,The Close  Frimley,Camberley,Surrey,,,GU16 7HQ,,,1092,0,0,666,,,No,,,0,0,0,0,0,"Temp site- DO NOT PAY DISCONNECTION
THIS WAS DISCONNECTED ON 1/5/2009 - ADVISED BY SPOW

LAST BILL OCTOBER  2009

MPAN NOT IN ECOES AS @ 20/6/20",2025-07-31 13:00:24.0000000,George.Murray@networkrail.co.uk,,Camberley Bearer Network Supply - CLOSED-9999950,,,,,726192773,0,0,276,0,0,0,0,0,,,Southern,Wessex,Inner,280,0,0,09-10-2025 09:02:32
7075,,7043004,Teversham AHB Railway Crossing,teversham Road,Fulbourn,Cambridgeshire,,,CB1 5EB,,,1117,0,0,670,16/07/2014,Yes - Siemens AMR Phase 2,"822031 IMDM, Tottenham, Indirect",,,0,0,0,0,3,"Site Location - Approach  from  Cambridge on the A1303 - 
follow signs to and through Tevensham
Follow Tevensham Road to level crossing.
Site Access - Steel cabinet trackside within crossing",2025-03-04 17:29:57.0000000,Drew.Gallagher,,Teversham AHB Railway Crossing-7043004,,,,,-981289299,0,0,278,973,7,822031,522000,822031,CCH,,Eastern,Anglia,Tottenham,0,0,0,09-10-2025 09:02:27
5394,,3524002,Signalling Supply Point - Ponts Mill,St. Blazey,,Cornwall,,,PL24 2RR,,,1123,0,5,0,,No - Unmetered,No,,,0,0,0,0,283,"Site Location - On A390 from Lostwithiel to St. Austell after passing Penpillick take right turn to Ponts Mill.
Site Access - None.
Site Usage Notes - No other usage. UM Inventory Ref:- 40360230
Unmetered electrical supply",2025-03-04 17:34:38.0000000,Drew.Gallagher,,Ponts Mill Signals Supply-3524002,,,,,-1790237963,0,0,278,330,0,0,0,892031,NEW,,Wales & Western,Western,West,280,50.3681,-4.711195,09-10-2025 09:02:24
1949,,2330920,Ryton GSM-R 6412A,Peth Lane,(Off) Haugh Lane,Ryton,,,NE40 3PD,,,1117,0,0,669,02/07/2014,Yes - Siemens AMR Phase 2,"846031 IMDM, Newcastle, Indirect",,,0,0,0,0,5,"Site Location - From A1 (Gateshead) take B6317 to Ryton. TRHolburn Lane / Peth Lane to Level Crossing!
meter located in metal cabinet just over crossing.",2025-03-04 17:30:40.0000000,Drew.Gallagher,,Ryton GSM-R 6412A-2330920,,,,,-532106605,0,0,278,1396,6,846031,522000,118613,NEC2," ",Eastern,North & East,Middlesbrough,0,0,0,09-10-2025 09:02:12
9756,,E2341274,Harlesden Points Heating,Acton Lane,Harlesden,London,,,NW10 7AA,,,1120,0,20,666,17/02/2012,Yes - EDF,"859031 IMDM, London Euston, Indirect",Delivery Units,20/02/2023 TSB,0,0,0,0,6,"Cubicle located behind wooden fance on rail overbridge Acton Lane, ",2025-03-04 17:31:26.0000000,Drew.Gallagher,,Harlesden Points Heating-2341274,,,,,1545587520,0,0,278,69,5,859031,0,859031,LEC1,,LNW,WCS,Euston,280,0,0,09-10-2025 09:02:35
21601,,TBA,"TOC - BlackFriars South Station ",,,,,,,,,1122,0,0,0,,,,,,0,0,0,0,0,,2025-07-31 13:00:33.0000000,George.Murray@networkrail.co.uk,,,,,,,-1308234477,0,0,0,0,0,0,0,0,,,Southern,Kent,London Bridge,280,0,0,09-10-2025 09:02:49
3298,,E2352002,MDU (+) - Dumbarton - [PH],Bankend Road (former signal box building),Dumbarton,G82 2RB,,Scotland,G82 2RB,,,1121,0,34,680,26/07/2012,Yes - EDF Phase 1,"863031 IMDM, Glasgow, Indirect",,,0,0,0,0,15,"Site Location - via Townhead Rd and AAP(V) @ UB73 or authorised walking route from Dumbarton Central station from east end of platform 1 or PWay  High Bank /garage on down side or direct access via steps up from Bankend Road
Site Access - arrange with staff at start of work (site normally unmanned during day)
Site Usage Notes - messing and locker rooms on ground floor  office (former  operating floor ) on 1st floor and  east  points heating (5 ends) via CCs  A  &  B  (CC B  - 3 ends - 370a/b & 371 pts)",2025-03-04 17:32:54.0000000,Drew.Gallagher,Utilities Scotland <UtilitiesScotland@networkrail.co.uk>,Dumbarton MD & PH (east)-2352002,,,,,-850762158,0,0,278,1661,9,863031,0,863031,NEM7,,Scotland's Railway - Scotland,Delivery Units,Glasgow DU,280,0,0,09-10-2025 09:02:18
2988,,E2350221,PH - Thornton North Junction (DPL exit),nr Lochtybank Cottage,Thornton,Kirkcaldy,,Scotland,KY1 4DE,,,1121,0,20,672,05/07/2012,Yes - EDF Phase 1,"860031 IMDM, Edinburgh, Indirect",,,0,0,0,0,31,"Site directions: B9130 'Blackwood Rd' <nth'bound>, after bridge over A92(T) 150m, TR, 270m, TL [Lochyside Cotts on l.h.s.], follow 950m and park on l.h.s. b4 brick/concrete gateway; walk 40m and AAP(P) gate on r.h.s. adj. UB104 wingwall;
Site Access - via AAP(P) to down cess at top of embankment
Site Usage Notes - PH via CC'B' - 1 end : 371 points
",2025-03-04 17:32:46.0000000,Drew.Gallagher,Utilities Scotland <UtilitiesScotland@networkrail.co.uk>,Thornton North Jn (DPL exit) PH-2350221,,,,,-2087625341,0,0,278,360,5,860031,0,860031,ECN2,,Scotland's Railway - Scotland,Delivery Units,Edinburgh DU,280,0,0,09-10-2025 09:02:16
22422,,E2310662,Colchester North MDU shared with Ede Wilkinson,Colchester North Station carpark,"off Three Crowns Road ",Colchester,Essex,,CO4 5AD,,,1117,0,0,0,,,,,,0,0,0,0,51,,2025-03-04 17:30:16.0000000,Drew.Gallagher,,,,,,,-914116726,0,0,278,1028,0,0,0,820031,"LTN1 ",,Eastern,Anglia,Ipswich,280,0,0,09-10-2025 09:02:52
7315,,7494069,Ware Signal Box,Ware Railway Station,Station Road,Amwell End,Ware Hertfordshire,,SG12 9JB,,,1117,0,0,666,,,No,,,0,0,0,0,22,"Site Location - Approach Northbound on the A10 follow the A1170 to Ware Road and follow the signs for the Station..
Site Access - Station staff hold LT 205 key
Site Usage Notes - Other usage: WAGN station lights and night storage heating. Railtrack points heating and possibly signal box.",2025-03-04 17:29:56.0000000,Drew.Gallagher,,Ware Signal Box-7494069,,,,,580046088,0,0,277,18,4,0,0,822031,HEB,,Eastern,Anglia,Tottenham,280,0,0,09-10-2025 09:02:27
1103,,2320256,Banbury Wheelchex (Closed),South of Banbury Station,off Riverside road,Banbury,Warwickshire,,OX17 3QP,,,1092,0,0,666,14/07/2014,Yes - Siemens AMR Phase 2,"856031 IMDM, Saltley, Indirect",,22/02/2016 TSB,0,0,0,0,85,"meter is located in steel cubicle set into Wheelchex compound fence.
Access via banbury station car park roadway keeping to the RHS past the GSMR mast and through gates (660padlock) drive down track to second track access gates (660 lock) drive through gates turn right and drive down wide cess to the Whellchex compound.
Site Name previously Banbury/Aynho Wheelchex - changed by Terry Bleasdale 22/03/13
21/5/14 query site redundant P Bowen making further enquiries
D-UH form submitted 08/02/29016 - physical disconnection 20/02/2016 meter removed by DNO and collected by TSB 22/02/2016",2021-01-19 10:41:28.0000000,Terry Bleasdale,,Banbury Wheelchex (Closed)-2320256,,,,,-2126622142,0,0,276,1176,10,856031,0,0,DCL,,X-Deleted,old record,Saltley,280,0,0,09-10-2025 09:02:12
19700,,7406180,East Farleigh SB (W),East Farleigh Station,East Farleigh,Kent,,,ME16 9NB,,,1092,0,0,0,,,Yes,,,0,0,0,0,42,,2021-12-06 13:50:11.0000000,Nick Rumble,,East Farleigh Signal Box (Water)-7406180,,,,,-1335668818,0,0,0,1650,4,0,0,113671,PWS1,,Southern,Kent,Operational,280,0,0,09-10-2025 09:02:47
21765,,E2331575,Finedon Road Wellingborough PSP,A510 Finedon Road,,Wellingborough,,,NN8 4AL,,,1117,0,0,0,,,,,,0,0,0,0,65,The DNO cubicle will be located in the fenceline of the gated access road off of A510 Finedon Road.,2025-03-04 17:30:32.0000000,Drew.Gallagher,,Finedon Road Wellingborough PSP,,,,,-35430240,0,0,278,1200,0,0,0,118618,SPC3,,Eastern,East Midlands,Bedford,280,0,0,09-10-2025 09:02:49
12260,,W7405753,RR - Polmadie (Water),new access road,off Polmadie Road,Glasgow,,Scotland,G5 0BA,,,1121,0,38,680,,,Yes,,,0,0,0,0,100,"Site Location - From Polmadie Road        through AAP(V) gates and RR building (on r.h.s.)
Site Access - post M74JV pjt, new access road leading off Polmadie Road (B763) near to M74 J1A interchange",2025-03-04 17:32:26.0000000,Drew.Gallagher,Utilities Scotland <UtilitiesScotland@networkrail.co.uk>,Polmadie Relay Room (Water)-7405753,,,,,-718548003,0,0,278,1170,0,0,0,861031,WCM2,,Scotland's Railway - Scotland,Delivery Units,Motherwell DU,280,0,0,09-10-2025 09:02:38
12550,,1331377,Plawsworth GSMR  D61A,Off Mill Lane / Wheatleywell Lane,Plawsworth,Chester Le Street,Sunderland,United Kingdom,DH3 4EQ,,,1117,0,0,0,,Yes - UPL,"846031 IMDM, Newcastle, Indirect",,,0,0,0,0,69,"Site Directions: Start at Chester-Le-Street Train Station
Head north on Station Road - 0.1mi
At the roundabout take the 3rd exit onto Osborne Road - 397ft
Continue onto Clarence Terrace - 0.1mi
At the roundabout take the 1st exit - 0.1mi
At the roundabout take the 3rd exit onto Durham Road - 0.4mi
Turn left to stay on Durham Road - 46ft
At the roundabout take the 3rd exit onto A167 - 0.5mi
Turn left onto Holmhill Lane - 0.9mi
Take the 2nd right onto Wheatleywell Lane -0.2mi
Turn left 0.2mi
Destination is on the left",2025-03-04 17:30:42.0000000,Drew.Gallagher,,Plawsworth GSMR  D61A-1331377,,,,,1618753740,0,0,278,1489,6,846031,0,118613,ECM5," ",Eastern,East Coast,Newcastle,0,0,0,09-10-2025 09:02:40
10592,,T4141070,Sandhills IECC no.2 NTfT,Sandhills Business Park,Sandhills Lane,Liverpool,,,L5 9ZS,,,1120,0,52,679,,Yes - EDF Sub Meter,Yes NTfT,Non-Traction from Traction,18/01/2017 TSB,0,0,0,0,34,Shared with 4141069 and 2249003,2025-03-04 17:32:06.0000000,Drew.Gallagher,,Sandhills no.2 Traction Supply-4141070,,,,,1617832748,0,0,278,90,0,0,0,852031,HXS2,M,LNW,North West,Liverpool,280,0,0,09-10-2025 09:02:35
900,,2310240,Wymondham MDU Depot (CLOSED),Ayton Road,,Wymondham,,,NR18 0QQ,,,1092,0,0,670,,,"822031 IMDM, Tottenham, Indirect",,,0,0,0,0,113,Lease terminated 31/05/11. COT to SPOW on 05/05/11,2020-07-15 10:58:52.0000000,Tom Ward,,Wymondham MDU Depot (CLOSED)-2310240,,,,,-975860912,0,0,276,1760,0,822031,522000,117602,ETN,,Eastern,Anglia,Tottenham,280,0,0,09-10-2025 09:02:04
8804,,4249062,GSMR - Radipole-1111,Network Rail Site,At Network Rail Bridge No. E30/231,Spa Road,Radipole,Weymouth,DT3 5EN,,,1122,0,0,0,16/12/2014,Yes - Siemens AMR Phase 2,"881031 IMDM, Eastleigh, Indirect",,9th October 2017,0,0,0,0,167,"HOW TO GET THERE
From Weymouth:
1. Head north on Maiden St toward Bond St  371 ft 
2. Take the 1st right onto Bond St  217 ft 
3. Turn left at The Esplanade  0.1 mi 
4. Turn left to stay on The Esplanade  157 ft 
5. Turn right to stay on The Esplanade  299 ft 
6. Turn left to stay on The Esplanade  0.1 mi 
7. At the roundabout, take the 1st exit onto King St/A353  0.2 mi 
8. At Kings Roundabout, take the 3rd exit onto Radipole Park Dr  1.1 mi 
9. Turn right at Spa Rd 

METER LOCATION
Meter cabinet will be on the right immediately after crossing the rail bridge  0.1 mi
It is adj an access gate and opens out onto the pavement.
It is opposite #16. 

NOTES
WHOLE CURRENT, three phase, 415v
Agreed capacity 15 kVA

PARKING
On pavement by bridge or further down road


",2025-07-30 10:55:29.0000000,George.Murray@networkrail.co.uk,,Radipole GSM-R Site 1111-4249062,,,,,-1771650817,0,0,278,1245,6,881031,0,113671,BML3," ",Southern,Wessex,Outer,280,50.62939,-2.462293,09-10-2025 09:02:32
6530,,6090002,Royston Station Relay Room & SSP,Kneesworth Street,Royston,Hertfordshire,,United Kingdom,SG8 5PX,,,1117,0,0,666,,,"843031 IMDM, Hitchin, Indirect",,,0,0,0,0,44,"Site Location - Royston Station  Royston
Site Access - Not Known
Site Usage Notes - Other usage: BBRML Accommodation?       train operating companies station.               Point Heating RT",2025-03-04 17:30:00.0000000,Drew.Gallagher,,Royston Station Relay Room & SSP-6090002,,,,,1387407726,0,0,278,1540,9,2001,522000,118617,SBR,,Eastern,East Coast,Kings Cross,280,0,0,09-10-2025 09:02:27
6552,,6133012,Connington North (85) CCTV Crossing,Connington Fen,Peterborough,Cambridgeshire,,United Kingdom,PE7 3QF,,,1117,0,0,670,07/08/2014,Yes - Siemens AMR Phase 2,"843031 IMDM, Hitchin, Indirect",,,0,0,0,0,68,"Site Location - South from Peterborough  on A1 for 8km  left onto unclassified road through Conington and right onto ungraded road to Conington.
Site Access - Site can also be reached along unmade railway road from Holme crossing to the North.
Site Usage Notes - No other usages. RT",2025-03-04 17:29:58.0000000,Drew.Gallagher,,Connington North (85) CCTV Crossing-6133012,,,,,-366351855,0,0,278,620,7,843031,0,118617,ECM1,,Eastern,East Coast,Peterborough,0,0,0,09-10-2025 09:02:27
3321,,E2352031,NRN - Drem Base Station,by Prora,Drem,North Berwick,East Lothian,Scotland,EH39 5LN,,,1121,0,37,672,,Yes - SP Metering (Dataserve),"860031 IMDM, Edinburgh, Indirect",,,0,0,0,0,18,"Site Location - from Drem station follow B1377 eastwards for approx 1 mile; radio mast conspicuous on verge on right hand side adjacent to underline bridge No.58
Site Access - direct from B1377    221 /  120  dual padlocked
Site Usage Notes - NRN zone 068, channel 361",2025-03-04 17:32:29.0000000,Drew.Gallagher,Utilities Scotland <UtilitiesScotland@networkrail.co.uk>,Drem NRN base station-2352031,,,,,392967750,0,0,278,1110,6,860031,0,860031,ECM8," ",Scotland's Railway - Scotland,Delivery Units,Edinburgh DU,280,0,0,09-10-2025 09:02:18
6196,,5677061,TOC - Plumstead Yard PH Station End  (LSER) (9 Ends),Plumstead Station,Plumstead Road,Greenwich,London,,SE18 7EA,,,1122,0,0,666,,,Yes,,,0,0,0,0,10,"Site Location - The station is off the A206 at Plumpstead.
Site Access - Key kept by station staff.
Site Usage Notes - Train operating company.   Also feeds Railtrack points heaters. (9 ends)",2025-07-31 13:00:37.0000000,George.Murray@networkrail.co.uk,,Plumstead Yard Points Heater Station End-5677061,,,,,-1293926313,0,0,278,12,5,0,0,0,NKL,,Southern,Kent,London Bridge,280,0,0,09-10-2025 09:02:24
12729,,2331398,Kings Cross FTNx,Off Randells Road,,Islington,,United Kingdom,N1 0AZ,,,1117,0,0,666,,Yes - EDF,"843031 IMDM, Hitchin, Indirect",,,0,0,0,0,0,"Site Directions:
Start at Kings Cross St Pancras Railway Station
Head northeast on Euston Road/A501 toward York Way/A5200/A5203 - 95ft
Take the 1st left onto York Way/ A5200/A5203 - 0.6mi
Turn right onto Randells Road - 217ft
Destination is on the left.",2025-03-04 17:30:36.0000000,Drew.Gallagher,,Kings Cross FTNx-2331398,,,,,-1102977725,0,0,278,1030,0,2001,0,118617,ECM1," ",Eastern,East Coast,Kings Cross,0,0,0,09-10-2025 09:02:40
4812,,2390008,York Prudential House 1st (Closed),1st Floor,28-40 Blossom Street,York,,,YO24 1AZ,,,1092,0,0,674,,No - De-scoped,No,,,0,0,0,0,0,,2020-07-15 14:23:44.0000000,Tom Ward,,York Prudential House 1st-2390008,,,,,1191352218,0,0,276,0,0,0,0,0,LWA,,Workplace Management,,,280,0,0,09-10-2025 09:02:21
19951,,T4141738,Lichfield SSP NTfT (ums),Burton Road,Streethay,Lichfield,,,WS13 8LN,,,1120,0,0,667,,No - Unmetered NTfT,Yes NTfT,SSP,NTfT UMS,0,0,0,0,116,Shared with 1291003?,2025-03-04 17:32:08.0000000,Drew.Gallagher,,,,,,,706578241,0,0,278,570,3,0,0,858031,LEC2,G,LNW,Stafford,,280,0,0,09-10-2025 09:02:47
8074,,E9614008,RR (+) - Lockerbie - [MDU + PH + TOC Station],Station Square,Lockerbie,Dumfries & Galloway,,Scotland,DG11 2HA,,,1121,0,63,681,19/08/2009,Yes - SP Metering (Dataserve),"861031 IMDM, Motherwell, Indirect",,,0,0,0,0,25,"Site Location - from station building south across Station Square to access road leading under the bridge and to RR building
Site Access - via AWR to RR building;  YW  padlocked
Site Usage Notes - Signalling  Relay Room including MDU S&T occupation  station building including PWay offices + platform lighting and and point heating via CC2 - 1 end 374 points (6.4kW heating load).
Signalling backed-up by 4141758 NTfT",2025-03-04 17:32:41.0000000,Drew.Gallagher,Utilities Scotland <UtilitiesScotland@networkrail.co.uk>,Lockerbie Relay Room & station-9614008,,,,,1363057436,0,0,278,1300,9,5001,0,861031,WCM1,,Scotland's Railway - Scotland,Delivery Units,Motherwell DU,280,0,0,09-10-2025 09:02:30
785,,2310098,Kelvedon : FGER off-charge @ £600/annum,,,,,,,,,1117,0,0,0,,,No,,,0,0,0,0,42,"Site Usage Notes - Point Heating  A  & REB (TAR)

Point Heating resupplied December 2017",2025-03-04 17:31:15.0000000,Drew.Gallagher,,Kelvedon  FGER off-charge @ £600annum-2310098,,,,,1490594108,0,0,0,2,0,0,0,820031,LTN1,,Eastern,Anglia,Ipswich,280,0,0,09-10-2025 09:02:04
20154,*,4141918,Ditcham Signalling2 NTfT (ums),Off New Barn Lane,Buriton,Petersfield,,,GU31 5SN,,,1092,0,0,0,,No - Unmetered NTfT,Yes NTfT,,,0,0,0,0,58,,2021-01-13 11:06:06.0000000,Rachel.Fisch,,,,,,,1483601755,0,0,0,1180,3,0,0,881031,WPH1,U,Southern,Wessex,Outer,280,0,0,09-10-2025 09:02:47
9540,,2338030,Bedford The Old Grain Store (Water),Prebend Street,The Old Grain Store,Bedford,,,MK40 1DX,,,1117,0,0,666,,,Yes,,,0,0,0,0,49,Postcode MK40 1DR no longer in  use replaced by MK40 1DX,2025-03-04 17:29:55.0000000,Drew.Gallagher,,Bedford The Old Grain Store (Water)-2338030,,,,,1114577716,0,0,276,1202,0,0,0,0,SPC1,,Eastern,East Midlands,Bedford,280,0,0,09-10-2025 09:02:35
8125,,X9714005,zzz - AR - Mossend Telecoms (Old RR),[non-postal address],opp.682 Main Street,Mossend,Bellshill,,ML4 1DZ,,,1121,0,37,680,30/10/2014,Yes - Siemens AMR Phase 2,"861031 IMDM, Motherwell, Indirect",,,0,0,0,0,91,"Site Location - A775 Main Street  Mossend to Overbridge No. 11 [opposite  Air Liquid UK  depot entrance] & turn north onto access road leading down to outer AAP(V) gates and former RR building/Mossend EGF
Site Access - via AAP(V); 534 on gate, YS padlock on security grill
Meter Location - left hand side back wall in powerhouse [entry is thru' grill/door bldg elevation facing Mossend Yd

~ supply permanently disconnected [prior to building being demolished] per MNSR project ~",2025-03-04 17:32:56.0000000,Drew.Gallagher,,Mossend Telecoms AR (old RR)-9714005,,,,,107682125,0,0,277,830,10,5001,0,861031,SCM2,,Scotland's Railway - Scotland,Delivery Units,Motherwell DU,280,0,0,09-10-2025 09:02:30
537,,2130043,Sunderland Rock Top MDU Depot (Closed),Pallion New Road,,Sunderland,,,SR4 6UA,,,1092,0,0,669,,,"846031 IMDM, Newcastle, Indirect",,,0,0,0,0,1,D-UH 14/1/15 attached,2020-07-15 14:27:51.0000000,Tom Ward,,Sunderland Rock Top MDU Depot-2130043,,,,,-562560751,0,0,0,990,1,846031,522000,118613,NEK,,TOC/Landlord,Not NR,,280,0,0,09-10-2025 09:02:04
6131,,5613002,U/M - Upper Halliford SBY-SIG,Windmill Road,Upper Halliford,Middlesex,,,TW17 8RW,,,1122,0,0,666,,,"880031 IMDM, Clapham, Indirect",,14th October 2015,0,0,0,0,17,"HOW TO GET THERE
Site Location - Upper Hallford Station walk off country end of London bound platfrom 1 and walk approx 100 metres along cess to Upper Hallford substation.

CABINET LOCATION
Cabinet is adj the sub stn wall, at a corner of the building, facing the track.  It is within the sub station compound.

NOTES
Site Usage Notes - Standby Signal Supply no other usages except cabinet domestics
Three phase, 400v
UNMETERED SUPPLY
Also supplied by 4141354 and 4141355 NTfT
THE PAYEE IS SSE
Site Access - CCC2 for cabinet
No street access - need PTS

PARKING
At station
",2025-07-30 10:56:06.0000000,George.Murray@networkrail.co.uk,,Upper Halliford Standby Signal Supply-5613002,,,,,-1425069533,0,0,278,938,3,8001,522000,113671,NMS2,,Southern,Wessex,Inner,280,51.41256,-0.431958,09-10-2025 09:02:24
9058,,E2352313,PH - Paisley Brown Street,Brown Street,,Paisley,,Scotland,PA1 2SN,,,1121,0,20,680,17/12/2010,Yes - SP Metering (Dataserve),"861031 IMDM, Motherwell, Indirect",,,0,0,0,0,7,"Site Location: Underwood Rd (B7050) <west> to r'abt at gasometer, 1st exit onto Well Street, under railway bridge and TL into Brown Street; follow c.400m and kiosk on l.h.s. verge
",2025-03-04 17:32:30.0000000,Drew.Gallagher,Utilities Scotland <UtilitiesScotland@networkrail.co.uk>,Paisley Brown Street PH-2352313,,,,,-187950725,0,0,278,270,5,861031,0,861031,AYR3,,Scotland's Railway - Scotland,Delivery Units,Motherwell DU,280,0,0,09-10-2025 09:02:32
6505,,5966047,Westenhanger Crossover,Stone Street,Westenhanger,Hythe,,,CT21 4HT,,,1119,0,0,0,22/01/2015,Yes - Siemens AMR Phase 2,No,,,0,0,0,0,0,Site Access - Mark Devereux 07920 276509,2025-03-04 17:31:16.0000000,Drew.Gallagher,,Westenhanger Crossover-5966047,,,,,-1144606142,0,0,276,0,0,0,0,0,0,,HighSpeed1,HS1 South,0,0,0,0,09-10-2025 09:02:27
12759,,E2351402,GSMR - Pinmore (6532),A714 Roadside,Pinmore,Girvan,,Scotland,KA26 0HY,,,1121,0,36,680,,Yes - UPL,"861031 IMDM, Motherwell, Indirect",,,0,0,0,0,5,,2025-03-04 17:32:52.0000000,Drew.Gallagher,Utilities Scotland <UtilitiesScotland@networkrail.co.uk>,Pinmore GSMR 6532-2351402,,,,,803139168,0,0,278,660,6,861031,0,861031,STR2," ",Scotland's Railway - Scotland,Delivery Units,Motherwell DU,280,0,0,09-10-2025 09:02:40
14225,,E2352373,REB - Tweedbank,Tweedbank Station car park,Eildon View,Tweedbank Drive,Galashiels,Scotland,TD1 3AB,,,1121,0,68,669,,Yes - EDF,"860031 IMDM, Edinburgh, Indirect",unrestricted direct from car park,12/4/2018  RE,0,0,0,0,35,location: conspic GRP kiosk to left of PAP52-RRAP gates at north end of station car park,2025-03-04 17:32:42.0000000,Drew.Gallagher,Utilities Scotland <UtilitiesScotland@networkrail.co.uk>,Tweedbank REB-2352373,,,,,-1064525652,0,0,278,590,3,5001,0,860031,SBO," ",Scotland's Railway - Scotland,Delivery Units,Edinburgh DU,280,0,0,09-10-2025 09:02:40
1887,,2330856,Pear Tree Junction Points Heating,Castings Road,/ Shaftsbury St. South,Pear Tree,Derby,,DE24 8 G,,,1117,0,0,667,,No - De-scoped,"901031 IMDM, Derby, Indirect",,,0,0,0,0,0,"Site Location - M1 North to J24. A50 (J 3). 4th exit - Swarkestone Rd (A514) towards Chellaston  Allenton. Turn left (@ Spider Bridge) Osmaston Park Rd (A5111) Turn Rt onto Portland St.  4th Rt onto Hartington St.  Rt onto Princes St.  Left onto Holcombe St.
Survey 23/09/14 - THIS METER HAS ALREADY BEEN COMPLETED",2025-03-04 17:30:26.0000000,Drew.Gallagher,,Pear Tree Junction Pt Htg-2330856,,,,,-2013132411,0,0,278,0,5,2002,0,118619,DBP1,,Eastern,East Midlands,Derby,280,0,0,09-10-2025 09:02:12
8775,,7405778,Cuddington Station (Former Supply) (De-En),Cuddington,Northwich,Cheshire,,,CW8 2TU,,,1092,0,0,679,,,No,,,0,0,0,0,0,"Follow the road directions to Cuddington and the signs for the Station
Located in a steel cabinet on the right at the bottom of the approach road to the station
Meter disconnected 29/07/2010 reading 14480
De-Energised 29/7/10
",2018-03-26 11:24:13.9630000,Andrew Vickers,,Cuddington Station (Former Supply)-7405778,,,,,-2067908227,0,0,276,0,11,0,0,0,,,X-Deleted,,,280,0,0,09-10-2025 09:02:32
19989,,4141971,NTfT - Bletchingley Tunnel Signalling (ums),From Terracotta Road,South Godstone,Godstone,,,RH9 8LJ,,,1122,0,0,666,,No - Unmetered NTfT,Yes NTfT,,,0,0,0,0,27,,2025-07-30 10:55:37.0000000,George.Murray@networkrail.co.uk,,,,,,,-1565912144,0,0,278,150,3,0,0,113671,RTT,U,Southern,Sussex,Brighton,280,0,0,09-10-2025 09:02:47
10174,,2340365,Hebden Bridge GSM-R Site 4085,Hebden Bridge Station,Station Road,Hebden Bridge,,,HX7 6JB,,,1117,0,0,671,09/05/2014,Yes - Siemens AMR Phase 2,"844031 IMDM, Leeds, Indirect",,,0,0,0,0,23,"Adjacent coal yard
at station entrance turn right through mathew sheards coal merchants yard meter is in brick building in corner of his yard contact number 07881583245 or go to station walk down track go through gate into same yard meter is in corner",2025-03-04 17:31:10.0000000,Drew.Gallagher,,Hebden Bridge GSM-R Site 4085-2340365,,,,,1211789110,0,0,278,858,6,844031,0,118612,MVN2," ",Eastern,North & East,Leeds,0,0,0,09-10-2025 09:02:35
7169,,7258003,Grove Road AOCL Railway Crossing,Grove Road,Beccles,Suffolk,,,NR34 9,,,1117,0,0,670,18/11/2014,Yes - Siemens AMR Phase 2,"820031 IMDM, Ipswich, Indirect",,,0,0,0,0,108,"Site Location - small metal cabinet on the right side before level crossing				
Site Access - LT205 key required
Site Usage Notes - No other usage",2025-03-04 17:29:55.0000000,Drew.Gallagher,,Grove Road AOCL Railway Crossing-7258003,,,,,1275211708,0,0,278,70,7,820031,0,820031,ESK,,Eastern,Anglia,Ipswich,0,0,0,09-10-2025 09:02:27
13803,,4141360,NTfT - Bedfont Road Signalling F478,Nr Bedfont Road,,Feltham,,,TW14 8EB,,,1122,0,0,666,,Yes - EDF Sub Meter,Yes NTfT,,,0,0,0,0,15,,2025-07-30 10:55:37.0000000,George.Murray@networkrail.co.uk,,Bedfont Road C1-4141359,,,,,-833218054,0,0,278,1728,3,0,0,113671,RDG1,U,Southern,Wessex,Inner,280,0,0,09-10-2025 09:02:40
7302,,7494051,Tilbury REB,No. 231&233 Dock (Adjacent To),Tilbury,Essex,,,RM18,,,1117,0,0,670,21/08/2014,Yes - Siemens AMR Phase 2,"821031 IMDM, Romford, Indirect",,,0,0,0,0,21,"Site Location - Approach on  A13  Eastbound  take the A1089 follow signs to the town centre. Site located in alleyway to overbridge.
Site Access - X 1757 Key required.
Site Usage Notes - Other usage:Relocatable equipment room.",2025-03-04 17:29:53.0000000,Drew.Gallagher,,Tilbury REB-7494051,,,,,1583713790,0,0,278,50,3,821031,522000,821031,TLL,,Eastern,Anglia,Romford,0,0,0,09-10-2025 09:02:27
4782,,2380801,Gatwick Airport Station (elec1) (CLOSED),Gatwick Airport,Crawley,West Sussex,,,RH6 0RD,,,1092,0,0,666,,,No,,,0,0,0,0,26,"Site Access - Contact Duty Station Manager
30/04/14 Station transferred to Southern Railways 2012...JKB",2018-03-26 11:28:31.2130000,Andrew Vickers,,Gatwick Airport Station (elec1) (CLOSED)-2380801,,,,,-2122350706,0,0,276,1000,0,0,0,0,VTB3,,Managed Stations,Gatwick Airport,Brighton North-Three Bridges,280,0,0,09-10-2025 09:02:21
4154,,2360812,PH - Dorchester South Junction,Dorchester South Station carpark,,Dorchester,Dorset,,DT1 2DL,,,1122,0,0,0,26/09/2014,Yes - Siemens AMR Phase 2,"881031 IMDM, Eastleigh, Indirect",,6th November 2018,0,0,0,0,135,"HOW TO GET THERE
Exit station on the London bound platform and turn left.
Head towards the car park

METER LOCATION
On a small bank at C/E of UPSIDE car park.  Close to plat ramp but just outside station confines.
Steel cabinet is in the far corner adj Railway fenceline.

PARKING
At station

NOTES
Double sided.  Front meter side opens onto car park.  The rear switch side opens onto rough ground - this iis badly overgrown and one way to access it (as @ 6/11/18) is via just off the platform ramp and up a bank - not recommended. Meter is barriered from the track. The other way is via a small gap between a fence post and the cabinet front.
May be able to get to it via the rough ground at the end of the car park to the right of the meter.
WC, three pase, 415v
CCC2 key for both sides
Points heating only
replaces 5961001 since 10/8/2008",2025-07-30 10:55:46.0000000,George.Murray@networkrail.co.uk,,Dorchester South Junction Point Heating 2360812-2360812,,,,,-2138060614,0,0,278,1661,5,881031,0,113671,BML2,,Southern,Wessex,Outer,280,50.70852,-2.438601,09-10-2025 09:02:19
18937,*,7405918,St Blazey MOMs  Relay room  Signal box (Water) moved ot ele,St Blazey Depot,St Blazey Road,St Blazey,Par,Cornwall,PL24 2GN,,,1092,0,0,0,,,Yes,,,0,0,0,0,282,,2019-11-05 10:54:28.0000000,Clare Rich,,St Blazey MOMs  Relay room  Signal box (Water)-7405918,,,,,-2131093004,0,0,276,418,0,0,0,892031,NEW,,Western,Plymouth,Plymouth-Par,280,0,0,09-10-2025 09:02:47
2194,,E2340281,Oxheys South Point Heating,Coniston Avenue,Preston,Lancashire,,,PR2 2HS,,,1120,0,20,679,22/02/2012,Yes - EDF Phase 1,"851031 IMDM, Carlisle, Indirect",Delivery Units,21/01/2015 TSB,0,0,0,0,1,"Site Location - Continue up the M6 to Junct. No.31 and turn on to the A59 Preston New Road. Follow the road and turn right on to the 5085A Blackpool Road  continue over the railway bridge and turn right into Inkerman Street and right into Coniston Avenue.
Site Access - Access from roadway at the far end of Coniston Avenue",2025-03-04 17:31:49.0000000,Drew.Gallagher,,Oxheys South Point Heating-2340281,,,,,294104825,0,0,278,880,5,851031,0,851031,CGJ6,,LNW,North West,Preston,280,0,0,09-10-2025 09:02:16
2041,,G2340070,Blackpool North No 2 Signal Box (Gas) CLOSED,Wall Street,Blackpool,Lancashire,,,FY1 2EG,,,1092,0,0,679,16/10/2012,Yes - Total Gas,"Yes - IMDM, Carlisle, Indirect",,04/09/2017 TSB,0,0,0,0,17,"Site Location - Follow the M55 to Blackpool to the A583, Follow the A583 into the Blackpool Town centre on preston New Rd, At major Junction at end of Rd. Follow the 583 on to Whitegate Drive. Follow the A583 onto Church St. Then turn right right on to Cookson St follow to the end. then turn left on to one way system round to High St. and turn left onto hight st, Turn right on to Bank St follow to end onto Wall St.
Site Access - Access is off Platform No.8 and follow the authorised walking route to the signal box
Box demolished Nov 2017

meter removed by ICM  for collection by MAM 17/09/2018
",2021-09-16 16:27:01.0000000,Terry Bleasdale,,Blackpool North No 2 Signal Box (Gas)-2340070,,,,,-399925983,0,0,276,660,4,851031,0,851031,PBN,,X-Deleted,Old record,Preston,280,0,0,09-10-2025 09:02:12
10232,,2331232,York MDU Gatehouse - Office Accommodation & Yard L,Leeman Road.,,York,,United Kingdom,YO26 4XD,,,1117,0,49,674,26/09/2012,Yes - EDF,"848031 IMDM, York, Indirect",,,0,0,0,0,0,Site Access: Open access from the road.,2025-03-04 17:30:42.0000000,Drew.Gallagher,,York MDU Gatehouse - Office Accommodation & Yard L-2331232,,,,,1210346158,0,0,278,1073,1,2002,522000,118615,HOS,,Eastern,North & East,York,280,0,0,09-10-2025 09:02:35
10656,*,2361084,Hastings MDU Depot (W),Waterworks Road,,Hastings,,,TN34 1RT,,,1092,0,0,677,,,Yes,,,0,0,0,0,82,,2021-10-26 12:46:25.0000000,Nick Rumble,,Hastings MDU Depot (Water)-2361084,,,,,424993797,0,0,0,206,0,0,0,113671,ATH,,Southern,Kent,Orpington,280,0,0,09-10-2025 09:02:38
20099,,4141863,Willesden (WD) - Elec'n Block 1 NTfT (ums),Rear of Willesden DU,,,,,NW10 4UY,,,1120,0,0,666,,No - Unmetered NTfT,Yes NTfT,Off Charge,UMS,0,0,0,0,5,,2025-03-04 17:32:22.0000000,Drew.Gallagher,,,,,,,-1648183093,0,0,0,600,0,0,0,859031,LEC1,T,LNW,Euston,,280,0,0,09-10-2025 09:02:47
1191,,E2320350,Hatch End Telecomms,Uxbridge Road,Hatch End,Buckinghamshire,,,HA5 4UT,,,1120,0,37,666,05/11/2014,Yes - Siemens AMR Phase 2,"859031 IMDM, London Euston, Indirect",Delivery Units,22/01/2020 TSB,0,0,0,0,13,"Site Location - Continue along the M1 to Juction No4 and turn onto the A41(T) road south. Follow the road and turn onto the A410 and continue to the rail over bridge No49 located just before Hatch End Station
Site Access - Access from Hatch End Station and walk back across the bridge to the track acccess gate cubicle is left hand side of track access gate",2025-03-04 17:31:19.0000000,Drew.Gallagher,,Hatch End Telecomms-2320350,,,,,-645155808,0,0,278,244,6,859031,0,859031,LEC1,,LNW,WCS,Euston,280,0,0,09-10-2025 09:02:12
3173,,E2351107,FTN - Greenhill Lower (GRNC),overbridge 55,Greenhill Road,Bonnybridge,,Scotland,FK4 2HB,,,1121,0,50,0,01/09/2014,Yes - Siemens AMR Phase 2,"860031 IMDM, Edinburgh, Indirect",from roadside verge,13/3/2018  RE,0,0,0,0,0,"Site Location - exit A80 at Castlecary arches and follow B816 eastwards through Allendale to Milnquarter ( Seabegs Road ); TR on to Greenhill Road and follow 730m to south side of road over rail bridge O/B 55
Site Access - direct from roadside verge on Greenhill Road
Site Usage Notes - T.E.H. (REB 5001 JA293)",2025-03-04 17:32:38.0000000,Drew.Gallagher,Utilities Scotland <UtilitiesScotland@networkrail.co.uk>,Greenhill Lower FTN GRNC-2351107,,,,,-183575293,0,0,278,885,6,860031,0,860031,GHL,,Scotland's Railway - Scotland,Delivery Units,Edinburgh DU,280,0,0,09-10-2025 09:02:16
9895,,E2341299,Birkenhead Park GSMR 4392 & Telecoms Room,off Duke Street,,Birkenhead,,,CH41 8BN,,,1120,0,36,679,01/03/2015,Yes - Siemens AMR Phase 2,"852031 IMDM, Liverpool, Indirect",Delivery Units,04/10/2016 TSB,0,0,0,0,3,"access from the track access gate immediatley opposite the station enterance on Duke Street and cubcile is at top of embankment				
",2025-03-04 17:31:28.0000000,Drew.Gallagher,,Birkenhead Park Telecoms Room-2341299,,,,,1535572911,0,0,278,24,6,852031,0,852031,CWK1,,LNW,North West,Liverpool,280,0,0,09-10-2025 09:02:35
22446,,2371226,Signal Box + - Gaerwen,Chapel Street,,Gaerwen,,,LL60 6DP,,,1123,0,45,0,,,,,,0,0,0,0,245,Through access gate by signal box on the right side - BR(W),2025-03-04 17:34:33.0000000,Drew.Gallagher,,,,,,,-906619707,0,0,0,119,0,0,0,891031,CNH3,,Wales & Western,Wales,Shrewsbury,280,53.21309,-4.269788,09-10-2025 09:02:52
3723,,2360226,SS(+) - Guildford SS/SSP/PH/CTS/LTG/Cable shop,Opposite Timber MercHampshire,Off Walnut Tree Close,Guildford,Surrey,,GU2 7JN,,,1122,0,0,666,08/07/2015,Yes - Siemens AMR Phase 2,"882031 IMDM, Woking, Indirect",,25th August 2015,0,0,0,0,29,"HOW TO GET THERE
Site Location - 
1.0 Exit Guildford Station left into Walnut Tree Close. 
2.0 Turn left at opposite #173 Walnut Tree Close.
3.0 Turn right towards Dewsons Building Merchants.
4.0 The access gate to Sub Station compound is on the left.

METER LOCATION
In the NWR compound

NOTES
Site Access - CCC2 key for cubicle and 37 key for gate. First cubicle on left behind gate.
Site Usage Notes - Signal Supply and Points Heating CC2 & CC3,   cubicle domestic supply, CTS
REC supply (in sub stn),  the old cable shop, L/E CTS, drivers walkway lighting.
CT METERING
Three phase, 415v
Signalling also supplied by 4141464 and 4141465 NTfT

PARKING
Just outside of compound; limited
",2025-07-30 10:55:59.0000000,George.Murray@networkrail.co.uk,,Guildford Sub StationSig Supplypts htg-2360226,,,,,1908715295,0,0,278,982,9,8001,0,113671,NGL,,Southern,Wessex,Inner,280,51.24165,-0.58237,09-10-2025 09:02:19
1482,,2330230,Woodwalton Panchex Site,Green Lane Bridge 160,off New Road,Woodwalton,Huntingdon,United Kingdom,PE28 5YT,,,1117,0,0,670,07/08/2014,Yes - Siemens AMR Phase 2,"843031 IMDM, Hitchin, Indirect",,,0,0,0,0,65,"Site Location - South on A1 from Norman Cross. At 9 kilometres left on B1090 for 3 kilometres. Left again to Wood Walton  left under bridge and North 0.5 kilometres to next bridge on left.
Site Access - Not locked Sep 99
Site Usage Notes - Pantograph monitoring Equipment only RT
",2025-03-04 17:29:58.0000000,Drew.Gallagher,,Woodwalton Panchex Site-2330230,,,,,1179065792,0,0,278,440,10,843031,522000,118617,ECM1,,Eastern,East Coast,Peterborough,280,0,0,09-10-2025 09:02:12
1808,,2330687,Clay Cross North Point Heating (Closed),Ankerbold Road,Tupton,Chesterfield,Derbyshire,,S42 6BX,,,1092,0,0,667,,,No,,,0,0,0,0,142,,2020-07-15 10:58:05.0000000,Tom Ward,,Clay Cross North Point Heating-2330687,,,,,65193758,0,0,276,460,5,0,0,0,SPC9,,Eastern,East Midlands,Derby,280,0,0,09-10-2025 09:02:12
9681,,2370797,GSM-R - Lamphey (6364),Network Rail Cabinet 6364,Freshwater East Road,Lamphey,Pembroke,Pembs,SA71 5NN,,,1123,0,36,683,04/01/2012,Yes - UPL,"894031 IMDM, Cardiff, Indirect",,,0,0,0,0,282,"Start from Pembroke: 
1. Head northwest on Lower Lamphey Rd/A4139, 89 ft  
2. At the roundabout, take the 3rd exit onto Station Rd/A4139,continue to follow A4139,1.7 mi  
3. Turn right to stay on A4139, Destination will be on the right, 0.1 miles just pasted bridge.
",2025-03-04 17:34:12.0000000,Drew.Gallagher,,Lamphey GSM-R 6364-2370797,,,,,-866561774,0,0,278,1005,6,894031,0,894031,PEM," ",Wales & Western,Wales,Cardiff,280,51.66685,-4.871765,09-10-2025 09:02:35
18497,,4142678,CRH - Riddlesdown Up Road CRH2 (01329-S-03),Riddlesdown,,Surrey,,,CR8 1HR,,,1122,0,0,666,,Yes - EMig Con Rail Sub Meter,Yes NTfT,,,0,0,0,0,13,,2025-07-30 10:55:13.0000000,George.Murray@networkrail.co.uk,,Riddlesdown Up Road CRH2 (01329-S-03)-4142678,,,,,1157675321,0,0,278,638,14,0,0,113671,SCU1,U,Southern,Sussex,Croydon,280,0,0,09-10-2025 09:02:44
13732,*,4141288,Hampton Court Junction Signalling2 F407 NTfT,Claygate Lane,,Thames Ditton,,,KT7 0DL,,,1092,0,0,666,,Yes - EDF Sub Meter,Yes NTfT,,,0,0,0,0,13,,2021-01-13 09:18:21.0000000,Rachel.Fisch,,Hampton Court C1-4141288,,,,,1139524218,0,0,0,840,3,0,0,880031,BML1,U,Southern,Wessex,Inner,280,0,0,09-10-2025 09:02:40
19811,,4141589,Parkeston Quay SSP NTfT (ums),Harwich International station London End,Parkeston,Harwich,,,CO12 4SR,,,1117,0,0,670,,No - Unmetered NTfT,Yes NTfT,,,0,0,0,0,68,,2025-03-04 17:31:12.0000000,Drew.Gallagher,,,,,,,-401389592,0,0,0,1391,3,0,0,821031,MAH,P,Eastern,Anglia,Romford,280,0,0,09-10-2025 09:02:47
4513,,2370361,Points Heating - Southcote Junction,Southcote Farm Lane,Southcote,Reading,,,RG30 3DY,,,1123,0,20,666,23/05/2012,Yes - EDF Phase 1,"893031 IMDM, Reading, Indirect",,,0,0,0,0,37,"Site Location - M4 jct12 take A4 towards Reading after about 3 miles turn right into Circuit Lane  left at roundabout into Southcote lane  2nd right into Southcote farm lane to railway. On embankment on LHS just before bridge
Site Access - No 5 key on gate. BRW on Cabinet
Site Usage Notes - 2x point ends (15kVA each)  2x point ends (5kVA each) and Relay Room (approx 10kVA).  Meter reading 19/05/2008:-  0164774",2025-03-04 17:34:26.0000000,Drew.Gallagher,,Southcote Junction Points Heating-2370361,,,,,2138276337,0,0,278,1593,5,893031,522000,893031,BHL,,Wales & Western,Western,East,0,51.44128,-0.9978031,09-10-2025 09:02:21
5936,,5268008,PH - Brighton Dicas House (CLOSED) 07-10-11,New England Road,Brighton,East Sussex,,,BN1 3TU,,,1092,0,0,0,,,No,,07/10/11,0,0,0,0,0,"Site Location - Out of Brighton Station down Trafalgar Street   3rd left into 
Whitecross Street.   Follow on to New England Street  left at roundabout into 
New England and 
under viaduct  left into yard.
Site Access - Key available from bridge examiners office
Site Usage Notes - other usage:  AMEC Stores AMEC Rail.  Pts Htg replaced 
by E2360481.  Supply transferred to EDF for another customer 31/1/08
Old meter no. was L8408286, then P0020854  Account not in use.",2025-07-31 13:00:26.0000000,George.Murray@networkrail.co.uk,,Brighton Dicas House Point Heating - CLOSED-5268008,,,,,-1350940674,0,0,276,360,0,0,0,113671,BTL,,Southern,Sussex,Brighton,280,0,0,09-10-2025 09:02:24
22367,*,,ECA,,,,,,,,,1092,0,0,0,,,,,,0,0,0,0,0,,2023-02-16 13:50:24.0000000,debbie.hill@ecabusinessenergy.com,,,,,,,1396859342,0,0,0,0,0,0,0,0,,,,,,280,0,0,09-10-2025 09:02:52
18559,,4142740,CRH - Sittingbourne Down Main CRH2 (04465-K-02),Sittingbourne Station,,Kent,,,ME10 3DW,,,1122,0,0,0,,Yes - EMig Con Rail Sub Meter,Yes NTfT,,,0,0,0,0,44,,2025-07-30 10:55:14.0000000,George.Murray@networkrail.co.uk,,Sittingbourne Down Main CRH2 (04465-K-02)-4142740,,,,,-1922414183,0,0,278,1446.5,14,0,0,113671,VIR,U,Southern,Kent,Ashford,280,0,0,09-10-2025 09:02:44
9816,,2370825,GSM-R - Manorowen (3351),Network Rail cabinet 3351,Manorwen Bridge,Nr Cnwc y Sandy,Manorwen,Fishguard,SA65 9QE,,,1123,0,36,683,21/02/2012,Yes - UPL,"894031 IMDM, Cardiff, Indirect",,,0,0,0,0,285,"Site Directions: Start from Haverfordwest Station…. 
1. Head north on A487 leading onto A40, at roundabout take the 3rd exit staying on A40 
 2. At the next roundabout take 2nd exit staying on A40, go straight over next roundabout and follow A40 for 12 miles
3. Stay left and turn left at junction onto A4219 for 1.2 miles
4. Destination on the left before bridge
",2025-03-04 17:34:13.0000000,Drew.Gallagher,,Manorowen GSM-R 3351-2370825,,,,,-2000866000,0,0,278,1524,6,894031,0,894031,FSH," ",Wales & Western,Wales,Cardiff,280,51.98116,-5.007433,09-10-2025 09:02:35
7137,,7200001,Brandon Signal Box & TPWS (CLOSED),Railway Crossing,Station Road,Brandon,Suffolk,,IP27 0BH,,,1092,0,0,670,20/06/2011,Yes - EDF Phase 1,"822031 IMDM, Tottenham, Indirect",,,0,0,0,0,86,"Site Location - Go to  Brandon and follow the signs for the station.
Site Access - 3A751 key required
Site Usage Notes - Platform and station lighting  Not-Railtrack. Railtrack signal box
Signalbox closed by resignalling project and due demolition,
Record closed, water deleted. 28/06/13 JKB
Requested GA accept account 03/07/13 JKB 
COT submitted 03/07/13 JKB ",2020-07-15 10:58:38.0000000,Tom Ward,,Brandon Signal Box & TPWS (CLOSED)-7200001,,,,,177840421,0,0,276,25,0,822031,0,822031,ETN,,Eastern,Anglia,Tottenham,280,0,0,09-10-2025 09:02:27
11002,*,7405312,Manchester 111 Piccadilly (Gas 1 Closed 2010),7th Floor,111 Piccadilly,Manchester,,,M1 2HY,,,1092,0,0,679,,,,,,0,0,0,0,0,,2023-12-06 13:00:32.0000000,jason.ademola@networkrail.co.uk,,Manchester 111 Piccadilly (Gas 1)-7405312,,,,,-1223175770,0,0,0,0,0,0,0,0,LWA,,X-Deleted,Old Record,Work Place Management,280,0,0,09-10-2025 09:02:38
13644,*,4141200,Lime Street - Switchroom 126(E) Lighting 4,Platform Tunnel Lighting 4,,,,,,,,1092,0,0,0,,Yes - EDF Sub Sub Meter,"Yes - IMDM, Liverpool, Indirect",,,0,0,0,0,0,,2017-10-02 10:24:55.6300000,Andrew Vickers,,Lime Street - Switchroom 126(E) Platform Tunnel Li-4141200,,,,,1627611112,0,0,0,0,0,0,0,852031,,,London North Western,Liverpool,,280,0,0,09-10-2025 09:02:40
8454,,ALTG,Alton,SSE Substation,Mill Lane,Alton,,,GU34 2QG,,,1092,0,0,0,,,No,,,0,0,0,0,0,"Import Capacity: 9,500kVA; Export Capacity: 0kVA.
///marker.waiters.goodbyes

",2024-03-08 16:52:23.0000000,Alan Bullock,,Alton-ALTG,,,,,1619260688,0,0,0,0,0,0,0,0,LWA,U,Traction,Southern,,280,51.15262,-0.96192,09-10-2025 09:02:32
2397,,E2340524,New Mills South Junction Signal Box,Marsh Lane,New Mills,High Peak,,,SK22 4PP,,,1120,0,35,667,24/03/2014,Yes - Siemens AMR Phase 2,"854031 IMDM, Manchester, Indirect",Signalbox,28/07/2022 TSB,0,0,0,0,172,"Site Location - Follow the A6 Road to Furness Vale and turn left into Station Road. Continue into Marsh Lane and follow the road to Nerw Mills Signal Box which is located on the left hand side of the road
Site Access - Access from the roadway andlocated in steel cubiucle at top of walkway
Site Usage Notes - Point  Heating  - 6 Point Ends  - 4KW   -   Footpath Lights  - Network Rail
meters located in steel cab opposite the signal box trough white wooden gate to right hand side at bottom of the steps next to yellow grit bin

SIM Swap 30/04/2018",2025-03-04 17:31:49.0000000,Drew.Gallagher,,New Mills South Junction Signal Box-2340524,,,,,-102296046,0,0,278,350,4,854031,0,854031,TTA1,,LNW,North West,Manchester,280,0,0,09-10-2025 09:02:16
9400,,2310367,Bush Hill Park GSM-R site (6344),Wendy Close,Enfield,Middlesex,,,EN1 1HR,,,1117,0,0,666,06/05/2010,Yes - UPL,"822031 IMDM, Tottenham, Indirect",,,0,0,0,0,9,"From Bush Hill Park Railway Station right on First Avenue, immediate left onto Trinity Avenue then first right onto Wendy Close to kiosk at end.",2025-03-04 17:30:11.0000000,Drew.Gallagher,,Bush Hill Park GSM-R site (6344)-2310367,,,,,101757246,0,0,278,1334,6,822031,0,822031,ENT," ",Eastern,Anglia,Tottenham,0,0,0,09-10-2025 09:02:32
7989,,9467016,Immingham Reception Sidings Signal Box,Off Manby Road - OBSOLETE,Immingham,Lincolnshire,,,DN40 3RE,,,1117,0,0,671,,,No,,,0,0,0,0,104,"Site Location - On outskirts of Immingham at roundabout  turn for town centre.  Road to Reception Sidings marked.
Site Access - Key for basement with Signalman.
Site Usage Notes - Possible other uses: Sub-meter from Docks Board RT",2025-03-04 17:31:12.0000000,Drew.Gallagher,,Immingham Reception Sidings Signal Box-9467016,,,,,1738207404,0,0,0,686,4,0,0,118614,BRI2,,Eastern,North & East,Sheffield,280,0,0,09-10-2025 09:02:30
13735,*,4141291,South Croydon Signalling B NTfT,Moreton Road,,Croydon,,,CR2 7DH,,,1092,0,0,666,,Yes - EDF Sub Meter,Yes NTfT,,,0,0,0,0,11,,2021-01-13 10:31:00.0000000,Rachel.Fisch,,South Croydon Supply 2-4141291,,,,,1485641814,0,0,0,880,3,0,0,113658,SCU1,U,Southern,Sussex,Croydon,280,0,0,09-10-2025 09:02:40
842,,2310165,Shenfield Station Staff Accom.,Hutton Road,,Shenfield,,,CM15 8JD,,,1117,0,0,670,29/10/2014,Yes - Siemens AMR Phase 2,"821031 IMDM, Romford, Indirect",,,0,0,0,0,0,"1.Site is located on Hutton Road adjacent to rail Bridge, opposite Esso Garrage				
",2025-03-04 17:30:05.0000000,Drew.Gallagher,,Shenfield Station Staff Accom.-2310165,,,,,1803939158,0,0,278,0,1,1001,522000,821031,LTN1,,Eastern,Anglia,Romford,0,0,0,09-10-2025 09:02:04
3278,,E2351291,GSMR - Longforgan (5438A),off Station Road,Longforgan,Dundee,,Scotland,DD2 5HT,,,1121,0,36,672,31/10/2014,Yes - Siemens AMR Phase 2,"862031 IMDM, Perth, Indirect",,,0,0,0,0,5,"Site Location - from A85(T) exit into Longforgan village; at T-junction in village turn south onto Station Road and follow unclassified road approx 1.6km to level crossing; SB on r.h.s b4 LX  GSM-R site is some 300m away to the left
Site Access - to be surveyed",2025-03-04 17:32:35.0000000,Drew.Gallagher,Utilities Scotland <UtilitiesScotland@networkrail.co.uk>,Longforgan GSM-R 5438A-2351291,,,,,831741150,0,0,278,900,6,862031,0,862031,SCM5," ",Scotland's Railway - Scotland,Delivery Units,Perth DU,280,0,0,09-10-2025 09:02:18
5349,,3134993,Level Crossing - Puxton & Worle Gate Box,Station Road,St. Georges,Weston-super-Mare,Avon,,BS22 7XL,,,1123,0,8,676,09/05/2012,Yes - EDF Phase 1,"890031 IMDM, Bristol, Indirect",,29/04/2025,27.3,0,0,0,133,"Located at the level crossing on Station Road in St. Georges, Weston Super Mare.

What3words - sparrows.feed.wiggling

Electricity meter is on the operating floor.
Water meter is in the road beneath the crossing barrier.
Gas meter is external to the building in a white box (disused).

Site Usage Notes - No other usage.  Meter reading    22/08/2006 417417",2025-05-13 10:00:09.0000000,Rhys Samuel,,Puxton & Worle Level Crossing Gate Box-3391006,,,,,-946257729,0,0,278,1738,7,890031,0,892031,MLN1,,Wales & Western,Western,West,280,51.36221,-2.898778,09-10-2025 09:02:24
5461,,3674051,"Points Heating - Maindee West Junction ",Tregare Street,Newport,Gwent,South Wales,,NP19 7AP,,,1123,0,20,676,01/08/2014,Yes - Siemens AMR Phase 2,"894031 IMDM, Cardiff, Indirect",,,0,0,0,0,158,"Site Location - M4 jct 25 take A4595 towards Newport.Bare right into Church Road under two rail over road bridges and turn right into EAST USK ROAD. Go under rail over road bridge and supply is immediately on RHS
Site Access - Clip lock on gate BRW key on cabinet
Site Usage Notes - No other usage.",2025-03-04 17:34:25.0000000,Drew.Gallagher,,Maindee West Junction Points Heating-3674051,,,,,1976703621,0,0,278,352,5,7001,0,894031,SWM2,,Wales & Western,Wales,Cardiff,280,51.59209,-2.990402,09-10-2025 09:02:24
22356,,,Kings Lynn SSP & Point Heating,,,,,,,,,1092,0,0,0,,,,,,0,0,0,0,0,,2023-02-13 11:04:48.0000000,John Brown,,,,,,,899194884,0,0,0,0,0,0,0,0,,,,,,0,0,0,09-10-2025 09:02:52
1181,,2320339,Bestwood Park Junction point heating (Closed),off Hucknall Road,,Nottingham,,,NG6 8,,,1092,0,0,671,,,No,,,0,0,0,0,130,,2020-07-15 10:58:01.0000000,Tom Ward,,Bestwood Park Junction point heating-2320339,,,,,85355361,0,0,276,140,5,0,0,0,RAC,,Eastern,East Midlands,Derby,280,0,0,09-10-2025 09:02:12
10758,*,7405195,Sittingbourne SB (site B) (G),Sittingbourne Station,Sittingbourne,Kent,,,ME10 3DN,,,1092,0,0,0,22/10/2012,Yes - Total Gas,Yes,,,0,0,0,0,44,,2021-07-14 12:46:28.0000000,Nick Rumble,,Sittingbourne Signal Box (site B) (Gas)-7405195,,,,,1015044139,0,0,0,1582,4,113658,520000,113671,VIR,,Southern,Kent,Ashford,280,0,0,09-10-2025 09:02:38
7357,,7494123,Norwich Crown Point Depot,7.5% Anglia Railways account,,,,,,,,1117,0,0,0,,,No,,,0,0,0,0,123,Site Usage Notes - 7.5% Off-charge from Anglia Railways,2025-03-04 17:30:02.0000000,Drew.Gallagher,,Norwich Crown Point Depot-7494123,,,,,1353768955,0,0,0,36,1,0,0,820031,LTN2,,Eastern,Anglia,Ipswich,280,0,0,09-10-2025 09:02:27
7410,,7725012,Clara Vale level crossing,Stannerford Road,Clara Vale,Ryton,Tyne And Wear,,NE40 3SU,,,1117,0,0,669,16/05/2014,Yes - Siemens AMR Phase 2,"846031 IMDM, Newcastle, Indirect",,,0,0,0,0,7,"Site Location - A695 to Crawcrook  T<north> onto Fell View Rd and approx 600m to xrds with B6317; straight over onto Crawcrook Rd <signed  Clara Vale/Wylam >  530m & TR onto Stanerford Rd  1.3kms to T-junc & ahead onto lane & 200m downhill to level crossing
Site Access - direct from  verge  before level crossing
Site Usage Notes - No other usages RT
pull into car park meter in metal cabinet just in front of crossing next to white access gate",2025-03-04 17:30:46.0000000,Drew.Gallagher,,Clara Vale level crossing-7725012,,,,,-975164052,0,0,278,880,7,846031,0,118613,NEC2,,Eastern,North & East,Middlesbrough,0,0,0,09-10-2025 09:02:30
9990,,2341333,GSM-R - Pont Y Pant Station (6502),Off A470,Pont Y Pant,Dolwyddelan,,,LL25 0PJ,,,1123,0,36,683,10/10/2012,Yes - UPL,"891031 IMDM, Shrewsbury, Indirect",,02/04/2024,0,0,0,0,19,"Cabinet located down access lane behind white wooden gate adjacent to station building/car parking area (not lineside). Latch for gate is top right of gate and awkward to get to.

Key - BRW
",2025-03-04 17:34:15.0000000,Drew.Gallagher,,Pont Y Pant Station GSM-R (6502)-2341333,,,,,816478450,0,0,278,614,6,891031,0,891031,LJT1," ",Wales & Western,Wales,Shrewsbury,280,53.06524,-3.862461,09-10-2025 09:02:35
3225,,E2351163,PH - Lochridge Junction,nr. UB89 Cattle Creep,Wardhead Park,Stewarton,Kilmarnock,Scotland,KA3 5LH,,,1121,0,20,680,06/10/2009,Yes - SP Metering (Dataserve),"861031 IMDM, Motherwell, Indirect",,,0,0,0,0,19,"directions: access from AAP(P) @ lay-by nr.A735 UB then 700m<south> along cess
Site Access - lineside from AAP(P) only **ACCESS FROM FIELD NOT PERMITTED**
Site Usage Notes - 1 end - No.4 points (SGV switch) 9.6kW htg load     [note: 110v supply for TLC derived ex 650v feeder via LOC 19/32, not ex PH supply]",2025-03-04 17:32:30.0000000,Drew.Gallagher,Utilities Scotland <UtilitiesScotland@networkrail.co.uk>,Lochridge Junction Point Heating-2351163,,,,,-575855948,0,0,278,500,5,861031,0,861031,GBK,,Scotland's Railway - Scotland,Delivery Units,Motherwell DU,280,0,0,09-10-2025 09:02:18
22965,,GLC03201,89 UNION STREET SHOP PREMISES," ",Glasgow,Glasgow,x,,G1 3TA,,,1126,0,0,0,,,,,,0,0,0,0,0,,2025-03-12 12:24:13.0000000,Grace.Emmence,,,,,,,-124809231,0,0,1112,0,0,0,0,705220,,,Scotland Commercial Property,Glasgow," ",0,0,0,09-10-2025 09:02:52
1574,,2330331,Town Drive Road Level Crossing (Closed),Town Drive Road,Quadring,Spalding,Linconshire,,PE11 4,,,1092,0,0,671,,,"901031 IMDM, Derby, Indirect",,,0,0,0,0,51,"Site Location - From Spalding A16 turn left onto A152  at Quadring turn left at crossroads onto Town Drive.
Site Access - LT 205
Site Usage Notes - No other usage
metre located in metal box on the track side of the fence at quadring lc

Disconnected 2015 (see images and form)",2022-07-29 15:14:25.0000000,Bradley.France@networkrail.co.uk,,Town Drive Road Level Crossing-2330331,,,,,968354669,0,0,276,210,7,901031,522000,118619,SPD1,,Eastern,East Midlands,Lincoln,280,0,0,09-10-2025 09:02:12
5399,*,3526002,Penzance Station Messroom - Now with GWR to pay,Wharf Road,Penzance,Cornwall,,,TR18 2LT,,,1092,0,0,682,,,Yes,,,0,0,0,0,326,"Site Location - Penzance Station is located in centre of town  in East Terrace.
Site Access - None.
Site Usage Notes - FGW Trains Messroom   Meter (cubic feet) reading 25/07/02 :- 150174.  09/09/2008:-95537",2019-06-12 10:33:41.0000000,Clare Rich,,Penzance Station Messroom-3526002,,,,,-373964012,0,0,276,1100,11,892031,0,892031,MLN4,,Western,Plymouth,Plymouth-Par,280,0,0,09-10-2025 09:02:24
23158,,RUT09601,FLAT 1/2 445 EGLINTON STREET," ",Glasgow,Glasgow,x,,G73 1DS,,,1126,0,0,0,,,,,,0,0,0,0,0,,2025-03-12 12:24:16.0000000,Grace.Emmence,,,,,,,1665778532,0,0,1113,0,0,0,0,705220,,,Scotland Commercial Property,Glasgow," ",0,0,0,09-10-2025 09:02:52
3139,,E2351073,GSMR - Bargeddie Station (5123A),Langmuir Road,Bargeddie,Ballieston,Glasgow,Scotland,G69 7RN,,,1121,0,36,680,22/08/2014,Yes - Siemens AMR Phase 2,"861031 IMDM, Motherwell, Indirect",,,0,0,0,0,5,"Site Location - A8(T) to  Bargeddie  exit and turn north onto A752; from roundabout/access to  Showcase  complex follow approx 400m to road over rail bridge (Bargeddie Station access ramps on l.h.s.)
Site Access - direct from Langmuir Road  -  221 + triangular keys reqd
Site Usage Notes - SMA group 3 mast/REB - 15kVA requested per e-uh
East side of bridge. Better postcode is G69 7TS
Survey 17/06/14 - Meter saying A,C failure but needs ignoring as it is a 3 phase meter on single phase supply and it still works.",2025-03-04 17:32:32.0000000,Drew.Gallagher,Utilities Scotland <UtilitiesScotland@networkrail.co.uk>,Bargeddie Station GSM-R 5123A-2351073,,,,,405340616,0,0,278,180,6,861031,0,861031,RCB," ",Scotland's Railway - Scotland,Delivery Units,Motherwell DU,280,0,0,09-10-2025 09:02:16
14099,,4141488,NTfT - Falmer Signalling,Trackside Field,Falmer,Lewes,,,BN1 9PB,,,1122,0,0,0,16/07/2014,Yes - EDF Sub Meter,Yes NTfT,,,0,0,0,0,4,Backed-up by 5337002,2025-07-30 10:55:39.0000000,George.Murray@networkrail.co.uk,,Falmer S1-4141488,,,,,655205360,0,0,278,438,3,0,0,113671,BTL,U,Southern,Sussex,Brighton,280,0,0,09-10-2025 09:02:40
516,,2130021,Scarborough MDU Depot (Closed),Westborough,,Scarborough,,,YO11 1TN,,,1092,0,0,674,,No,Yes,,,0,0,0,0,41,,2022-07-29 15:14:24.0000000,Bradley.France@networkrail.co.uk,,Scarborough MDU Depot-2130021,,,,,861141187,0,0,276,1640,1,848031,520000,118615,YMS,,Eastern,North & East,York,280,0,0,09-10-2025 09:02:04
19534,,7406033,Burton Agnes Level Crosssing (Water),Station House / Cottage,Burton Agnes,Driffield,North Humberside,,YO25 4NL,,,1117,0,0,671,,,Yes,,,0,0,0,0,0,,2025-03-04 17:30:13.0000000,Drew.Gallagher,,Burton Agnes Level Crosssing (Water)-7406033,,,,,-279296906,0,0,0,0,0,0,0,118615,,,Eastern,North & East,York,0,0,0,09-10-2025 09:02:47
1235,,E2320396,Watford Tunnel South GSMR 8518,Acme Road,Watford,London,,,WD24 5HR,,,1120,0,36,666,16/12/2014,Yes - Siemens AMR Phase 2,"859031 IMDM, London Euston, Indirect",Delivery Units,15/03/2022 TSB,0,0,0,0,18,"Through commercial units at end of acme road enter through track access gate staineless steel cubicle is about 10 metres to teh RHS
Site is located at the end of Industrial Estate on Acme Road. Access gate is on fence line at the rear of Industrial Estate. R E B cabin meter is located opposite unit 13 opposite yellow cabin just the after Industrial Estate",2025-03-04 17:31:19.0000000,Drew.Gallagher,,Watford Tunnel South TCS-2320396,,,,,1694560716,0,0,278,240,6,3003,522000,859031,LEC1," ",LNW,WCS,Euston,280,0,0,09-10-2025 09:02:12
19612,,W7406112,Mickle Trafford Signal Box (Water),Station Road,Mickle Trafford,Chester,Cheshire,,CH2 4EH,,,1120,0,35,679,,,Yes,Delivery Units,01/07/2020 TSB,0,0,0,0,2,"Located in a tubular inspection chamber at ground between the gate and the wing wall of bridge No217 just infront RHS of GSMR DNO Cabinet

MEx 01/07/2020 final reading 1078",2025-03-04 17:32:15.0000000,Drew.Gallagher,,Mickle Trafford Signal Box (Water)-7406112,,,,,-394406729,0,0,278,1412,0,0,0,852031,CHW1," ",LNW,North West,Liverpool,280,0,0,09-10-2025 09:02:47
20037,*,4141814,Ashurst Signalling2 NTfT (ums),Trackside Field,Ashurst,Southampton,,,SO40 7AR,,,1092,0,0,678,,No - Unmetered NTfT,Yes NTfT,,,0,0,0,0,85,Meter K13A005748 but no comms,2021-01-13 10:58:18.0000000,Rachel.Fisch,,,,,,,1492412855,0,0,0,1725,3,0,0,881031,BML2,U,Southern,Wessex,Outer,280,0,0,09-10-2025 09:02:47
4349,,2370174,"Level Crossing - Cemmaes Road ",Cemmaes Road,Machynlleth,Powys,,,SY20 8LX,,,1123,0,8,683,22/02/2012,Yes - EDF Phase 1,"891031 IMDM, Shrewsbury, Indirect",,,0,0,0,0,70,"Site Location - From Newtown follow the A470 road and at the roundabout on the approach to Cemmaes Road turn right over the railway bridge and immediately left down the Harrow Road. Continue to the access gate to the main compound.
Site Access - Through yth main gate and walk to the top left hand corner of the compound.
Site Usage Notes - No other usage.  Meter reading         19/09/01 :- 51953.",2025-03-04 17:34:18.0000000,Drew.Gallagher,,Cemmaes Road Radio Base-2370174,,,,,1441681711,0,0,278,113,6,891031,0,891031,SBA2,,Wales & Western,Wales,Shrewsbury,280,52.62528,-3.742384,09-10-2025 09:02:21
1514,,2330270,Holton-le-Moor Signal Box,A46,Holton-le-Moor,Linconshire,,,LN7 6AH,,,1117,0,0,671,13/06/2014,Yes - Siemens AMR Phase 2,"847031 IMDM, Sheffield, Indirect",,,0,0,0,0,21,"Site Location - From Market Rasen take the A46 to Grimsby Road which goes over the building
Site Access - Key from signalman. Meter located far wall in basement of signal box
Site Usage Notes - Also feeds relay room and other siganalling apparatus.",2025-03-04 17:31:00.0000000,Drew.Gallagher,,Holton-le-Moor Signal Box-2330270,,,,,270234683,0,0,278,240,4,847031,0,118614,NOB3,,Eastern,North & East,Sheffield,0,0,0,09-10-2025 09:02:12
22689,,W4090005,Hornsey St. Compound - Harrison House (Water),Hornsey St. Compound,Hornsey Street,London,Greater London,United Kingdom,N7 8GA,,,1092,0,0,0,,,,,,0,0,0,0,1,,2024-11-13 15:01:21.0000000,Bradley.France@networkrail.co.uk,,,,,,,855192888,0,0,278,760,0,0,0,118617,ECM1,,Eastern,East Coast,Kings Cross,0,0,0,09-10-2025 09:02:52
2040,,2340067,Euxton Junction Signalling Supply Point (Closed),Pack Saddle Bridge,Euxton,Chorley,Lancashire,,PR7 0XX,,,1092,0,0,679,,,No,,,0,0,0,0,0,"Site Location - Continue North along the A49 Road through Euxton and turn right before pack Saddle Bridge into track access point for the T.S.C.
Site Access - Access through the the main gate near Pack Saddle bridge and continue beyond the relay room
Site Usage Notes - Signalling Supply Point  - Point Heaters - Network Rail Telecommunications - Global Crossing
SP Disconnection tracker 81:- see notes",2018-03-26 11:28:25.0270000,Andrew Vickers,,Euxton Junction Signalling Supply Point (Closed)-2340067,,,,,-995948395,0,0,276,0,0,0,0,0,0,,X-Deleted,Old Record,Preston,280,0,0,09-10-2025 09:02:12
5727,,5004016,CC - Ashford IECC Power SB,Essella Road,,Ashford,Kent,,TN23 1EZ,,"7405320, 7405322, 7405321",1122,0,0,677,,,"113658 IMDM, Ashford, Indirect",,03/10/2019,0,0,0,0,56,"TRANSPORT: Train & Walk 
SITE DIRECTIONS: From ASHFORD INTERNATION: Exit station on KENT SIDE the end of Essela Road take the road that goes towards the footbridge over the Canterbury lines. Follow road to the end IECC at end of road. Buzz for access to the IECC.
Site Access - Key No 25 to kiosk available from Signal Box Shift Manager (BBRM on first floor).
Site Usage Notes - Power Signal Box.S&T Accom (Balfour Beatty). Meter No P92A20090 = read x 10. Check meter P92A20085 = read x 10.
Also supplied by 4141606 and 4141607 NTfT 
METER LOCATION: Cabint is in SB compound. 
SITE NOTES: Site Usage Notes - Power Signal Box.S&T Accom (Balfour Beatty). Meter No P92A20090 = read x 10. Check meter P92A20085 = read x 10.
Also supplied by 4141606 and 4141607 NTfT KEYS REQUIRED: CCC2 
METER TYPE: CT 
CONTACT: IECC. The number is 07967668503 
MAP REFS: ELR_ XTD- 56 m. 569 y.  
OS REF: TR-01494,42138. 
LAT: 51.143041 - LONG: 0.87919 
EASTINGS: 601494 - NORTHINGS: 142138
",2025-07-30 10:51:25.0000000,George.Murray@networkrail.co.uk,,Ashford IECC Power Signal Box-5004016,,,,,-1832219221,0,0,278,569,2,6001,0,113671,XTD,,Southern,Kent,Operational,280,51.14304,0.87919,09-10-2025 09:02:24
4129,,2360782,SS - Fratton SS HH site,Milton Lane,off Fratton Way,"Fratton, Portsmouth",Hants,Hampshire,PO1 5AY,,,1122,0,0,678,18th October 2018,,"882031 IMDM, Woking, Indirect",,18th October 2018,0,0,0,0,43,"HOW TO GET THERE
1.0  Exit Fratton Station and turn left into Goldsmith Ave. 
2.0  Follow ahead and turn left at the next roundabout into Fratton Way.
3.0  Follow ahead (going over one roundaboutto stay on Fratton Way)
4.0 There is an alleyway on the left approx 320m from the junction with Goldsmith Ave.
5.0  Follow the alley and you will come to the sub stn. 

METER LOCATION
Cabinet is in the fenceline on the left.

NOTES
CT METERING
Three phase, 415v
Also supplied by 4141476 and 4141477 NTfT
This is a Half Hourly site.  The meter number is P07A20729 as at 5 Dec 2012.
CCC2 key for cabinet, High St access.  The rear of this double sided cabinet opens out on to an area adjacent the sub station compound.  it is accessed via a double gate in the loading area of the nearby B&Q (37 key).

PARKING
In several car parks of nearby food outlets or retail units e.g. B&Q.  Will not be able to take a vehicle up this wide alley",2025-07-30 10:55:57.0000000,George.Murray@networkrail.co.uk,,Fratton Substation HH site-2360782,,,,,-1226517240,0,0,278,948,3,8001,0,113671,WPH2,,Southern,Wessex,Outer,280,50.79923,-1.068712,09-10-2025 09:02:19
7520,,8025003,Balne Level Crossing (287) Gate Box (Closed),Highgate,Balne,Goole,North Humberside,United Kingdom,DN14 0ER,,,1092,0,0,671,24/10/2011,Yes - EDF Phase 1,"842031 IMDM, Doncaster, Indirect",,,0,0,0,0,165,"Site Location - Off  A19 Doncaster Selby Road  follow signs to Snaith then Balne. Off Thorntree Lane to Highgate.
Site Access - Signal box is attended all the time.
Site Usage Notes - No other usages.
D-UH sent 24/3/15 - demolished",2022-08-01 13:33:17.0000000,Bradley.France@networkrail.co.uk,,Balne Level Crossing (287) Gate Box-8025003,,,,,-1587191944,0,0,276,1610,7,842031,0,118616,ECM2,,Eastern,East Coast,Doncaster,280,0,0,09-10-2025 09:02:30
6165,,5677009,TP Hut - Brixton,Ferndale Road,Brixton,London,,,SW9 8AA,,,1122,0,0,666,22/03/2011,Yes - EDF Phase 1,"113658 IMDM, Orpington, Indirect",,31/08/2018,0,0,0,0,3,"TRANSPORT: Train & Walk 
SITE DIRECTIONS: From Brixton Station: on downside and turn left cross Brixton Road into Ferndale Road bear left and track access  gate and steps on right by rail bridge. METER LOCATION: Meter located just inside gated fence line 
SITE NOTES:  
KEYS REQUIRED: CCC2 & ABLOY 
METER TYPE: WC 
CONTACT: 
",2025-07-30 10:56:01.0000000,George.Murray@networkrail.co.uk,,Brixton TP Hut-5677009,,,,,1094327909,0,0,278,0,10,113658,0,113671,VIR,,Southern,Kent,Orpington,280,51.46386,0.117206,09-10-2025 09:02:24
13569,*,4141125,Chartham South Signalling2 F1068 NTfT,Shalmsford Street,Chartham,Canterbury,,,CT4 7RN,,,1092,0,0,0,,Yes - EDF Sub Meter,Yes NTfT,,,0,0,0,0,66,Also supplied by 4141124 NTfT and 2360454,2021-01-13 09:08:43.0000000,Rachel.Fisch,,Chartham South Supply 2-4141125,,,,,-1791063232,0,0,0,719,3,0,0,113658,ACR,U,Southern,Kent,Ashford,280,0,0,09-10-2025 09:02:40
1570,,2330327,Water Drove Crossing (94) Gate Box (Closed),Gubboles Drove,Surfleet,Pinchbeck,Linconshire,,PE11 4AU,,,1092,0,0,671,,,"901031 IMDM, Derby, Indirect",,,0,0,0,0,48,"Site Location - From the B1356 at Pinchbeck take Stockhouse Lane  after 3/4 mile turn left onto Gubboles Drive
Site Access - Crossing keeper to be in attendance
Site Usage Notes - No other usage
metre located at side of cabin in fibre glass box key needed triangle",2022-07-29 15:14:26.0000000,Bradley.France@networkrail.co.uk,,Water Drove Crossing (94) Gate Box-2330327,,,,,436879155,0,0,276,220,7,901031,522000,118619,SPD1,,Eastern,East Midlands,Lincoln,280,0,0,09-10-2025 09:02:12
8651,,2331012,Swainspark GSM-R Site 6111,Network Rail Site off Park Road,Swainspark,Derbyshire,,,DE12 6JX,,,1117,0,0,667,20/10/2010,Yes - UPL,"901031 IMDM, Derby, Indirect",,,0,0,0,0,121,"From Derby:
1. Head west on Albert St toward Corn Market  0.2 mi 
2. Continue onto Wardwick  0.1 mi 
3. Continue onto Friar Gate  0.4 mi 
4. Continue onto Ashbourne Rd/A52  0.6 mi 
5. At the roundabout, take the 1st exit onto Kingsway/A38 heading to Ring Rd/The S/M1/Birmingham/Burton-Upon-Trent/Uttoxeter/A516/Nottingham/A50 
Continue to follow A38
Go through 1 roundabout  7.8 mi 
6. Exit onto Derby Rd/A5121 toward Burton (North) 
Go through 1 roundabout  1.5 mi 
7. At the roundabout, take the 2nd exit onto Hawkins Ln/B5018  0.4 mi 
8. Turn left at Wharf Rd  0.2 mi 
9. Turn right at Wetmore Rd  0.4 mi 
10. Continue onto A511  0.3 mi 
11. Turn right at Stapenhill Rd/A444  0.8 mi 
12. At A5189, take the 1st exit onto St Peters St/A444 
Continue to follow A444
Go through 3 roundabouts  4.2 mi 
13. At the roundabout, take the 1st exit onto Park Rd 
Cabinet will be on the right after approximately  0.5 mi 
",2025-03-04 17:30:27.0000000,Drew.Gallagher,,Swainspark GSM-R Site 6111-2331012,,,,,-1604561497,0,0,278,1121,6,901031,522000,118619,KSL," ",Eastern,East Midlands,Derby,0,0,0,09-10-2025 09:02:32
6079,,5544001,PH - Alton Holybourne Oil Sidings,Holybourne Oil Terminal,Alton,Hampshire,,,GU34 4NP,,,1122,0,0,0,02/06/2015,Yes - Siemens AMR Phase 2,"882031 IMDM, Woking, Indirect",,,0,0,0,0,47,"Site Location - Exit Alton Station approach road right onto  A32 towards 
Bentley left at roundabout onto A31 past oil refinery right at first slip road to oil 
refinery entrance continue to end of road down footpath to track access gate 
follow path behind Sub Station.
Site Access - BR37 key for access gate CCC2 key for meter cabinet.
Site Usage Notes - Points Heating Relay Room and Sub Station. Bearer Network 
REB(BRT RACAL) on sub meter (no number).
Meter located in a fibreglass cab trackside.drive upto the oil refinery upto the steel gate that is next to the entrances for the offices. Walk past the steel gate to the railway access gate walk down the grass track to the railway. Go throught he next gate and walk round the back of the substation then walk along the fenceline and the cab should be clearly visable along the fenceline approx 40 meters from substation. Will need a coss.
PLEASE BE AWARE THIRD RAIL  (CONDUCTOR RAIL) IS IN OPERATION ON THIS TRACK. Note in cab saying unshrouded terminals behind panels??

WHOLE CURRENT, single phase, 230v",2025-07-30 10:55:45.0000000,George.Murray@networkrail.co.uk,,Alton Holybourne Oil Sidings Points Heating-5544001,,,,,582508146,0,0,278,614,5,882031,0,113671,PAA2,,Southern,Wessex,Inner,280,0,0,09-10-2025 09:02:24
8858,,W2380652,Euston Station (water2) west basement,Euston Road,,London,,,NW1 2RT,,,1120,0,59,666,,,Yes,Managed Stations,11/09/2023 TSB,0,0,0,0,0,"Meters - Main-(94W023510) & Bypass-(94A543073) Located in room MR2 East Sprinkler Passageway - Keys 72 and 70 required
Meter21775582 Located in room PR21 on Plat 1 - Key 24
Meter (10)319015253 in pavement on Eversholt Street by Dry Riser inlet box

Meters - Main -(110098259 ) & bypass (60356910) MR3 (West trucking way) have been removed - supply now fed from Eversholt Street meter above
Meters - Main-(97W004482) & Bypass-(02A200433) exchnged July2022
Meter 21803881 exchanged on 9/11/2023 



   

",2025-11-12 13:47:41.0000000,Terry Bleasdale,,Euston stn (water2) west basement-2380652,,,,,0,0,0,278,2,0,0,0,752309,LEC1,,LNW,WCS,MS - EUS,280,0,0,13-11-2025 04:00:26
4093,,2360708,PH - Ebbsfleet Junction,Adjacent 96 Springhead Road,,Northfleet,Kent,,DA11 9FD,,,1122,0,0,0,23/05/2012,Yes - EDF Phase 1,"113658 IMDM, London Bridge, Indirect",,05/06/2017,0,0,0,0,22,"TRANSPORT: Train & Walk 
SITE DIRECTIONS: From Northfleet Station: Take Station Road up to the High street (B2175)  turn right continue for approximately 10 minutes  until you reach THE HILL NORTHFLEET proceed along this road until you come to SPRINGHEAD ROAD on your right continue until you reach the bridge. 
METER LOCATION: Meter located adjacent to No:96. 
SITE NOTES: Requeste by JB for Disconnection? 
KEYS REQUIRED: CCC2 
METER TYPE: WC 
CONTACT: 
",2025-07-30 10:55:46.0000000,George.Murray@networkrail.co.uk,,Ebbsfleet Junction Point Heating-2360708,,,,,569556989,0,0,278,940,5,6001,0,113671,HDR,,Southern,Kent,London Bridge,280,51.43894,0.336257,09-10-2025 09:02:19
7157,,7226001,Claydon Relay Room,Railway Crossing,Gipping Road,Great Blakenham,Suffolk,,IP6 0JB,,,1117,0,0,670,08/12/2014,Yes - Siemens AMR Phase 2,"820031 IMDM, Ipswich, Indirect",,,0,0,0,0,73,"Site Location - Station  Road  Claydon  Suffolk.
Site Access - Authorised key holder access
Site Usage Notes - No other usage",2025-03-04 17:29:58.0000000,Drew.Gallagher,,Claydon Relay Room-7226001,,,,,-1957218105,0,0,278,47,3,820031,0,820031,LTN1,,Eastern,Anglia,Ipswich,0,0,0,09-10-2025 09:02:27
13689,*,4141245,Shoreham Signalling B NTfT,Station Car Park off Buckingham Road,Station Approach,Shoreham-By-Sea,,,BN43 5WX,,,1092,0,0,0,,Yes - EDF Sub Meter,Yes NTfT,,,0,0,0,0,5,,2020-12-11 13:26:09.0000000,Rachel.Fisch,,Shoreham By Sea C2-4141245,,,,,2145386761,0,0,0,1426,3,0,0,113658,BLI1,U,Southern,Sussex,Brighton,280,0,0,09-10-2025 09:02:40
23359,,Fuel: RNTE SODM N&E,RNTE SODM LNE/EM,,,,,,,,,1117,0,0,0,,,,,,0,0,0,0,0,,2025-11-20 17:31:19.0000000,Wendi Wheeler,,,,,,,0,0,0,0,0,0,0,0,0,,,Eastern,North & East,Unknown,0,0,0,21-11-2025 04:00:37
2156,,E2340231,Cheadle Hulme Point Heating,Lorna Road,Cheadle Hulme,Stockport,Cheshire,,SK8 5BJ,,,1120,0,20,679,24/03/2014,Yes - Siemens AMR Phase 2,"854031 IMDM, Manchester, Indirect",Delivery Units,04/07/2019 TSB,0,0,0,0,180,"Site Location - From Stockport continue along Adswood Rd towards Cheadle Hulme and turn into Ladybridge Rd. Follow the road and turn into Lorna Rd. Continue to the top end of the road
Site Access - Access from the footpath at the end of Lorna Road
meter is located in a steel cab at the top of the ginnel between number 36 and 34 Lorna road.",2025-03-04 17:31:48.0000000,Drew.Gallagher,,Cheadle Hulme Point Heating-2340231,,,,,-1335311180,0,0,278,1393,5,854031,0,854031,CMP1,,LNW,North West,Manchester,280,0,0,09-10-2025 09:02:16
118,,E1218008,Bushbury Junction Relay Room & Pts Htg,off Bushbury Lane,,Wolverhampton,,,WV10 8JS,,,1120,0,38,667,06/06/2014,Yes - Siemens AMR Phase 2,"857031 IMDM, Sandwell & Dudley, Indirect",Delivery Units,13/03/2024 TSB,0,0,0,0,15,"Access from gates on bridge on Bushbury Lane key 17
Site Usage Notes - Also feeds Points Heating                                 
meter is located in a brick cubicle next to stantion number bs.15.26 approx 10 meters from bridge. Access through the gate on bushbury lane at end off bridge
100 amp fuses",2025-03-04 17:31:37.0000000,Drew.Gallagher,,Bushbury Junction Relay Room-1218008,,,,,-484940044,0,0,278,816,3,3003,0,857031,RBS3,,LNW,Central,Sandwell & Dudley,280,0,0,09-10-2025 09:02:04
7616,,8185010,Lebberston Road Crossing Keepers Hut,Lingholme Lane,Lebberston,SCARBOROUGH,North Yorkshire,,YO11 3PG,,,1117,0,0,674,16/04/2014,Yes - Siemens AMR Phase 2,"848031 IMDM, York, Indirect",,,0,0,0,0,46,"Site Location - Take A165 road from Scarboro  past Cayton Holiday Camp to roundabout take B1261 road first turn left to Lebberston pass Ox Inn then bear right down Lingholme Lane
Site Access - Over level crossing and opposite Crossing Keepers House
Site Usage Notes - Crossing Keepers Hut and Crossing Light       RT
park outside access see n/r crossing keeper for key 895 meter located in stainless steel cabinet in fenceline on right hand side",2025-03-04 17:30:48.0000000,Drew.Gallagher,,Lebberston Road Crossing Keepers Hut-8185010,,,,,1107757605,0,0,278,1580,7,848031,0,118615,HBS,,Eastern,North & East,York,0,0,0,09-10-2025 09:02:30
1686,,2330468,Elsham AHB Crossing & Telecom REB,Barton Road,Elsham Bridge,Brigg,Lincolnshire,,DN20 OLS,,,1117,0,0,671,01/10/2014,Yes - Siemens AMR Phase 2,"847031 IMDM, Sheffield, Indirect",,,0,0,0,0,31,Meter is located in a steel kiosk in the fence line across from signal box,2025-03-04 17:30:52.0000000,Drew.Gallagher,,Elsham AHB Crossing & Telecom REB-2330468,,,,,46560434,0,0,278,730,9,847031,0,118614,DOW,,Eastern,North & East,Sheffield,0,0,0,09-10-2025 09:02:12
18499,,4142680,CRH - Robertsbridge Down CRH2 (04955-K-01),Robertsbridge Station,,Kent,,,TN32 5DQ,,,1122,0,0,677,,Yes - EMig Con Rail Sub Meter,Yes NTfT,,,0,0,0,0,49,,2025-07-31 13:00:16.0000000,George.Murray@networkrail.co.uk,,Robertsbridge Down CRH2 (04955-K-01)-4142680,,,,,-1543641923,0,0,278,1210,14,0,0,113671,TTH,U,Southern,Kent,Orpington,280,0,0,09-10-2025 09:02:44
9825,,4249188,GSMR - Bracknell West-2402,Network Rail Fenceline,Cycle Track Opposite No. 14 Downmill Road,Bracknell West,Off Berkshire Way,Bracknell,RG12 1GH,,,1122,0,0,666,24/02/2012,Yes - UPL,"880031 IMDM, Clapham, Indirect",,,0,0,0,0,33,"Site Directions:Start from Bracknell:
 1. Head southwest on Skimped Hill Ln, Go through 1 roundabout,0.3 mi  
 2. Turn left onto A329,348 ft  
 3. At the roundabout, take the 4th exit and stay on A329, 0.2 mi  
 4. Turn left onto Easthampstead Rd, 0.2 mi  
 5. Take the 2nd left onto Western Rd, 0.2 mi  
 6. Take the 1st left onto Downmill Rd, Destination will be on the left, 0.1 Mi.  
 7. Go up the cycle track opposite No. 14 Downmill road.  It is located in the fenceline at the point where the cycle track turns a sharp right

WHOLE CURRENT, single phase, 230v
Agreed capacity 15 kVA
",2025-07-30 10:55:23.0000000,George.Murray@networkrail.co.uk,,Bracknell West GSM-R site 2402-4249188,,,,,-944535568,0,0,278,82,6,880031,0,113671,RDG1," ",Southern,Wessex,Inner,280,0,0,09-10-2025 09:02:35
701,,2310006,Enfield Lock CCTV railway Crossing,Ordanance Road,Enfield,Middlesex,,,EN3  6HA,,,1117,0,0,666,,,No,,,0,0,0,0,11,Site Usage Notes - Barrier and Subway Pump supply,2025-04-01 11:04:57.0000000,matt.titley@networkrail.co.uk,,Enfield Lock CCTV railway Crossing-2310006,,,,,-1276962488,0,0,276,70,7,0,0,822031,BGK,,Eastern,Anglia,Tottenham,280,0,0,09-10-2025 09:02:04
4793,*,2382701,Paddington stn (elec2),Centre X E Block,Macmillan House basement,Paddington Station,London,,W2 1HQ,,,1092,0,0,666,,,752109 Paddington   Non Qual Ex,,,0,0,0,0,0,,2019-07-18 09:36:15.0000000,Clare Rich,,Paddington stn (elec2)-2382701,,,,,-855882185,0,0,276,0,0,4001,0,752109,MLN1,,Managed Stations,Paddington,,280,0,0,09-10-2025 09:02:21
3389,,X2352131,MDU - Inverness (S&T SDM) (Water),unit 10 Highland House,20 Longman Road,Inverness,,Scotland,IV1 1RY,,,1121,0,34,0,,,Yes,,,0,0,0,0,117,Site Usage Notes - S&T design offices,2025-03-04 17:32:25.0000000,Drew.Gallagher,Utilities Scotland <UtilitiesScotland@networkrail.co.uk>,Inverness - MDU (S&T SDM)-2352131,,,,,-503570157,0,0,278,1560,0,0,0,862031,RSW,,Scotland's Railway - Scotland,Delivery Units,Perth DU,280,0,0,09-10-2025 09:02:18
12497,,7405467,Hessay Level Crossing (Water),New Road,Hessay,York,,,YO26 8WY,,,1117,0,0,674,,,Yes,,,0,0,0,0,5,Site Location - From A59 approximately 4km West of York Ring Road  take road south to Hessay - 200m..,2025-03-04 17:31:14.0000000,Drew.Gallagher,,Hessay Level Crossing (Water)-7405467,,,,,983673459,0,0,0,240,0,0,0,118615,HAY1,,Eastern,North & East,York,0,0,0,09-10-2025 09:02:40
9256,,2310396,Wickford Station GSM-R (2145),Mersea Crescent,Wickford,Essex,,,SS11 8YJ,,,1117,0,0,670,15/10/2010,Yes - UPL,"821031 IMDM, Romford, Indirect",,,0,0,0,0,30,"from Wickford  Railway Station: From Station Approach turn right onto Station Avenue. Right again onto High Street then left onto London Road, A129.
At the roundabout, take the second exit onto Radwinter Avenue then left onto Salcott Crescent at the roundabout, take the first exit onto Mersea Crescent
",2025-03-04 17:30:07.0000000,Drew.Gallagher,,Wickford Station GSM-R (2145)-2310396,,,,,-1266264104,0,0,278,349,6,821031,522000,821031,SSV," ",Eastern,Anglia,Romford,0,0,0,09-10-2025 09:02:32
14558,,4141565,Radlett SSP NTfT,Theobold Street,,Radlett,,,WD7 7EU,,,1117,0,0,666,,Yes - EDF Sub Meter,Yes NTfT,,,0,0,0,0,14,Supply shared with 2330909,2025-03-04 17:31:10.0000000,Drew.Gallagher,,Radlett SSP NTfT-4141565,,,,,-124101383,0,0,0,1635,3,0,0,118618,SPC1,N,Eastern,East Midlands,Bedford,280,0,0,09-10-2025 09:02:44
5343,,3333023,Telecoms + - Swindon,Bristol Street,In Car Park (Old Signal Box B),Swindon,Wiltshire,,SN1 5ET,,,1123,0,0,676,31/10/2014,Yes - Siemens AMR Phase 2,"895031 IMDM, Swindon, Indirect",,,0,0,0,0,77,"Site Location - M4 Jct 16 take A3102 to Swindon. At 2nd roundabout turn right to Swindon. At 1st mini roundabout go left. Straight over next mini roundabout. Pass pedestrian lights. Left at next lights 1st left 1st right 1st left and Car park entrance is on RHS
Site Access - BRW Key on cabinet
Site Usage Notes - No other usage.                                                                                           Reading 26/09/2007 547512kwh",2025-03-04 17:34:41.0000000,Drew.Gallagher,,Swindon B IECC Signal Box-3333023,,,,,1999960389,0,0,278,1320,4,9001,522000,890031,MLN1,,Wales & Western,Western,Central,280,51.56189,-1.792643,09-10-2025 09:02:24
4454,,2370296,"Maintenance Delivery Unit - + Llandrindod Wells ",Llandrindod Wells Station,Waterloo Road,Llandrindod Wells,,,LD1 5BE,,x,1123,0,10,683,19/06/2014,Yes - Siemens AMR Phase 2,"891031 IMDM, Shrewsbury, Indirect",,,0,0,0,0,31,"Site Usage Notes - There are 2 supplies  one paid by NR (ex Carillion) and one paid by TOC S03D06157.
Meter is located in the station building on platform 2 its in a cupboard in the nr office. See nr staff to locate meter",2025-03-04 17:34:22.0000000,Drew.Gallagher,,Llandrindod Wells MDU-2370296,,,,,1845084479,0,0,278,1606,1,891031,0,891031,CWL2,,Wales & Western,Wales,Shrewsbury,280,52.24238,-3.379468,09-10-2025 09:02:21
18616,,4142797,CRH - Sturry Up CRH1 (07247-K-01),Sturry,,Kent,,,CT2 0ND,,,1122,0,0,0,,Yes - EMig Con Rail Sub Meter,Yes NTfT,,,0,0,0,0,72,,2025-07-31 13:00:17.0000000,George.Murray@networkrail.co.uk,,Sturry Up CRH1 (07247-K-01)-4142797,,,,,-960066067,0,0,278,1045,14,0,0,113671,ACR,U,Southern,Kent,Ashford,280,0,0,09-10-2025 09:02:44
22590,,Test 0002,TEST - Managed Station Tenants - Birmingham New Street BHM,,,,,,,,,1093,0,0,0,,,,,,0,0,0,0,0,,2024-05-16 13:22:58.0000000,Jonathan.Alborzpour@networkrail.co.uk,,,,,,,-715972695,0,0,0,0,0,0,0,0,,,North West and Central,,,0,0,0,09-10-2025 09:02:52
5266,,3149001,RR(+) - Reading Kennet RR and PH,Kennet,,Reading,Berkshire,,RG1 3EA,,,1122,0,0,666,29/09/2014,Yes - Siemens AMR Phase 2,"882031 IMDM, Woking, Indirect",,,0,0,0,0,67,"Site Location - Exit Reading Station to shopping centre  left into Kings Road to canal  down steps  follow towpath about 1 mile past lock under railway bridge
Site Access - None.
Site Usage Notes - Relay Room and Points Heating

WHOLE CURRENT, single phase, 230v",2025-07-30 10:55:55.0000000,George.Murray@networkrail.co.uk,,Reading Kennet Relay Room and Points Heating-3149001,,,,,-1594138727,0,0,278,1675,9,882031,0,113671,RDG2,,Southern,Wessex,Inner,280,0,0,09-10-2025 09:02:21
8709,,W7405075,Oxenholme Station (Water),Oxenholme Road,Oxenholme,Kendal,,,LA9 7HF,,,1120,0,58,681,,,Yes,Delivery Units,30/01/2025 TSB,0,0,0,0,19,"The site is a water only site and the meter suppling the site is at the top of the apporch road oppsite the car park entrance in square 6x6 plastic lid chamber near stone wall  
This site feeds the  station and the flats that from part of the station buildings and part of the Willan site as well.
meter has remote reader fitted",2025-03-04 17:32:15.0000000,Drew.Gallagher,,Oxenholme Station-7405075,,,,,-173652532,0,0,278,147,0,0,0,851031,CGJ7,,LNW,North West,Carlisle,280,0,0,09-10-2025 09:02:32
2431,,E2340579,Northwich ex MDU Depot & GSMR 4377,Manchester Road,Northwich,Cheshire,,,CW9 5ND,grain.thin.effort,,1120,0,34,679,10/08/2011,Yes - EDF Phase 1,"852031 IMDM, Liverpool, Indirect",Delivery Units,06/01/2026 TSB,0,0,0,0,20,"Site Location - Enter Northwich Town Centre and follow the road signs for direction to the station. Continue down Manchester Road to the T Junction and turn right into the Emperors Court Chinese Restaurant Car Park. Continue through the car park to the depot access.
Site Access - Access through the main gate and continue to the far end of the brick accommodation
new telecoms suppy intalled 29/03/2021 and ols supply fed from here disconencted
MEx 16/06/2022
Building demlished and supply moved to new GRP cabinet by OH pole at back of yard neqar MCDonalds sign
ASL Delta Plus modem IP 192.168.8.15 Port 43512 fitted 06/01/2026 fitted ",2026-01-06 14:26:48.0000000,Terry Bleasdale,,Northwich MDU Depot-2340579,,,,,0,0,0,278,716,1,852031,0,852031,CDM2," ",LNW,North West,Liverpool,280,0,0,07-01-2026 04:00:26
19473,,7405971,Treeton Relay Room & Signalling Supply (Water),Mill Lane,Treeton,Rotherham,South Yorkshire,,S60 5PL,,,1117,0,0,671,,,Yes,,,0,0,0,0,0,,2025-03-04 17:31:03.0000000,Drew.Gallagher,,Treeton Relay Room & Signalling Supply (Water)-7405971,,,,,-1224345366,0,0,0,0,0,0,0,118614,,,Eastern,North & East,Sheffield,0,0,0,09-10-2025 09:02:47
21957,,E7406301,"Coventry RDC Unit 2 ",Unit 2 Vespa Point Prologis Park,Central Boulevard,"Coventry ",,,CV6 4QJ,,,1120,0,0,0,,YES,,,26/06/2024 TSB,0,0,0,0,0,"CT meter chamnber located inside warehouse stores building 
CT ratio 500/5
Modem Swap Port 44387 and high gain ariel fitted 26/06/2024 ",2025-11-17 14:20:18.0000000,Terry Bleasdale,,Coventry RDC Unit 2  - 7406301,,,,,0,0,0,278,0,0,0,0,618783,LWA,,Route Services,RDC,Workplace - TFM,280,0,432796,18-11-2025 04:00:16
5144,,E2967002,Clayton Bridge Level Crossing (CLOSED),Berry Brow,Clayton Bridge,Manchester,,,M40 1QR,,,1092,0,8,679,19/05/2014,Yes - Siemens AMR Phase 2,"854031 IMDM, Manchester, Indirect",Delivery Units,04/05/2022 TSB,0,0,0,0,3,"Site Usage Notes - R.E.B.  -  
site is located in the fenceline adjacent to clayton bridge level crossing, parking available on road or side streets
Denergised SMS 04/05/2022 
DNO Phusical Disconnection",2024-12-12 14:59:47.0000000,Terry Bleasdale,,Clayton Bridge Level Crossing (site B)-2967002,,,,,-1075487336,0,0,276,482,7,854031,0,854031,MVL1,,X-Deleted,Old record,Manchester,280,0,0,09-10-2025 09:02:21
194,,1364002,Wolverton Feeder Station (CLOSED),Monks Way,Wolverton,Buckinghamshire,,,MK13 9AP,,,1092,0,0,666,,No - De-scoped,"850031 IMDM, Bletchley, Indirect",,20/12/2018 TSB,0,0,0,0,51,"Site Location - Drive through Wolverton towards Milton Keynes  get  to  Bancroft roundabout H3 Monks way  feeder station is down drive before railway bridge.
Site Access - Inform control when entering building.
Site Usage Notes - No other usage      authorised MD 40kva

Emergerncy disconenction by WPD followign theft of earth bars and damage to main supply cable 21/05/2018
De energised bt WPD 21/05/2018 reads sent to N[power/SMS
D-UH forn submitted 29/05/2018
wpd disconnection ref 3085209  01604 875559  
Physical Disconnection 20/12/2018

",2021-01-20 13:10:23.0000000,Terry Bleasdale,,Wolverton Feeder Station-1364002,,,,,657019621,0,0,276,392,9,850031,522000,0,LEC1,,X-Deleted,old record,Bletchley,280,0,0,09-10-2025 09:02:04
2189,,E2340275,Bradwall Road REB No 49 PSP,Bradwell Road,Sandbach,Cheshire,,,CW11 1RG,,,1120,0,53,679,09/11/2011,Yes - EDF Phase 1,"854031 IMDM, Manchester, Indirect",Delivery Units,20/11/2024 TSB,0,0,0,0,164,"Site Location - Continue along the M6 to Junction No.17 and turn onto the A534 Road for Sandbach. Follow the road into Sandbach town centre and turn onto Bradwall Road. Continue and follow the road  over the rail overbridge and turn left into the approach road
Site Access - Access from Bradwall Road and turn left into the approach road to the P.S.P
Site Usage Notes - R.E.B. - Network Rail
Shared with 4141051 NTfT
CT 400/5
SIM Swap 07/01/2019
MEx20/11/2024",2025-03-04 17:31:29.0000000,Drew.Gallagher,,Bradwall Road REB No 49 PSP-2340275,,,,,983537661,0,0,278,77,3,3002,0,854031,CMP1,,LNW,North West,Manchester,280,0,0,09-10-2025 09:02:16
18226,,4142407,CRH - Haywards Heath Up Loop CRH1 (03751-S-02),Haywards Heath Station,,Sussex,,,RH16 1QW,,,1122,0,0,0,,Yes - EMig Con Rail Sub Meter,Yes NTfT,,,0,0,0,0,37,,2025-07-31 13:00:13.0000000,George.Murray@networkrail.co.uk,,Haywards Heath Up Loop CRH1 (03751-S-02)-4142407,,,,,1335368566,0,0,278,1122,14,0,0,113671,VTB3,U,Southern,Sussex,Brighton,280,0,0,09-10-2025 09:02:44
18275,,4142456,CRH - Horsham Platform 3 Down Main CRH1 (03765-S-02),Horsham Station,,Sussex,,,RH12 1RD,,,1122,0,0,0,,Yes - EMig Con Rail Sub Meter,Yes NTfT,,,0,0,0,0,37,,2025-07-30 10:55:10.0000000,George.Murray@networkrail.co.uk,,Horsham Platform 3 Down Main CRH1 (03765-S-02)-4142456,,,,,-424116001,0,0,278,1430,14,0,0,113671,TBH1,U,Southern,Sussex,Brighton,280,0,0,09-10-2025 09:02:44
2028,,E2340050,Bidston Points Heating & REB,Bidston Station Approach,Birkenhead,Merseyside,,,CH41 7AZ,,,1120,0,20,679,15/11/2011,Yes - EDF Phase 1,"852031 IMDM, Liverpool, Indirect",Delivery Units,20/12/2023 TSB,0,0,0,0,4,"Site Location - Continue along the M53 to Junct. No.1 and turn onto the A554 Road and then follow the road signs for directions to Bidston Station
Site Access - From Bidston Station walk on the up side of the track towards the motorway bridge. 2 cubicles beofe bridge meter is in second cubicle
MEX 20/12/2023",2025-03-04 17:31:28.0000000,Drew.Gallagher,,Bidston Station & Points Heating-2340050,,,,,282149135,0,0,278,1445,9,852031,0,852031,CWK3,,LNW,North West,Liverpool,280,0,0,09-10-2025 09:02:12
426,,1947045,Victoria Road Point Heating,Victoria Road,Ellistown,Leicestershire,,,LE67 1FH,,,1117,0,0,667,02/11/2011,Yes - EDF Phase 1,"901031 IMDM, Derby, Indirect",,,0,0,0,0,109,"Site Location - B585 from Coalville through Ellistown and take first left into Victoria Road.Old railway entrance on left opposite houses park in blocked entrance at roadside.(
Site Access - 9B - PH
Site Usage Notes - No other usage",2025-03-04 17:30:21.0000000,Drew.Gallagher,,Victoria Road Point Heating-1947045,,,,,881782513,0,0,278,1510,5,901031,522000,118619,KSL,,Eastern,East Midlands,Derby,0,0,0,09-10-2025 09:02:04
21401,,2331502,Kirkby Land End Jnc Pts Heating,"Footbridge 23B,The Glass Factory, Off End Lane",Victoria Road,Kirkby In Ashfield,,,NG17 8BQ,,,1117,0,0,671,,,,,,0,0,0,0,139,"450645, 354892, 450080, 356084

Footbridge23B
The Glass Factory
Off Lane End
Kirkby in Ashfield
Nottinghamshire
NG17 8BQ
Access Key RC27",2025-03-04 17:30:31.0000000,Drew.Gallagher,,Kirkby Land End Jnc Pts Heating 2331502,,,,,1276967998,0,0,278,829,0,0,0,118619,PBS1,,Eastern,East Midlands,Derby,280,0,0,09-10-2025 09:02:49
1306,,G2327016,Stourbridge Junction MDU (Gas),Station Car Park,Chawn Hill,Stourbridge,,,DY9 7JD,,,1120,0,34,679,31/10/2012,Yes - Total Gas,Yes,Delivery Units,24/07/2019 TSB,0,0,0,0,142,"Site Location - Continue along the M6 to Junct No.13 and turn onto the A449 Road for Wolverhampton and continue on the A449 to Stourbridge. Follow the road  to  Old Swinford then follow the road signs for directions to Stourbridge Junction Station
Site Access - Access from Brook Road and follow the approach road to the car park. Located opposite the MDU Office
Site Usage Notes - only MPRN 74047404 is Network Rail

MPRN 9702202 MSN M016A2023901A6 was TOC and has been disconencted 			",2025-03-04 17:32:11.0000000,Drew.Gallagher,,Stourbridge Junction MDU (Gas)-2327016,,,,,584857838,0,0,278,578,1,856031,520000,856031,OWW,,LNW,Central,Saltley,280,0,0,09-10-2025 09:02:12
10706,,7405157,Kings Cross Gas (PSB) (Gas),London Kings Cross PSB,York Road,London,,United Kingdom,N1 9AP,,,1117,0,0,666,16/07/2012,Yes - Total Gas,Yes,,,0,0,0,0,0,"Entrance to Signal Box is on York Way; PSB compound gates are 70m beyond down cobbled roadway - use intercom on gate to contact PSB for gate release.
keys to gas meter room with occupier.
Meter in boiler room to rear of PSB",2025-03-04 17:30:33.0000000,Drew.Gallagher,,Kings Cross Gas (PSB) (Gas)-7405157,,,,,-1147454534,0,0,0,2,4,843031,0,118617,ECM1,,Eastern,East Coast,Kings Cross,280,0,0,09-10-2025 09:02:38
6705,,6466006,Bonsall Lane Crossing Gate Box (welfare facility),Blyton,Gainsborough,Lincolnshire,,,DN21 3PB,,,1117,0,0,671,,,"847031 IMDM, Sheffield, Indirect",,,0,0,0,0,80,"Site Location - From Blyton take B1205 Kirton Lindsey Road. 1/2 mile on C road to Aisby  400 yards to crossing.
Site Access - Signal box is only opened as required  key is with signal box manager.
Site Usage Notes - No Other Usage RT",2025-03-04 17:30:36.0000000,Drew.Gallagher,,Bonsall Lane Crossing Gate Box-6466006,,,,,1276881811,0,0,278,510,7,847031,0,118614,MAC3,,Eastern,North & East,Sheffield,280,0,0,09-10-2025 09:02:27
10614,,7405101,Littlehampton SB (G) (CLOSED) 25-04-18,Gloucester Road,,Littlehampton,West Sussex,,BN17 7BS,,,1092,0,0,0,05/02/2013,Yes - Total Gas,Yes,,08/06/2018,0,0,0,0,61,"TRANSPORT: Train & Walk 
SITE DIRECTIONS: From From Littlehampton Station into the HIGH STREET then 1st left into ALBERT ROAD then left into GLOUCESTER ROAD and signal box is appoximatly 300 yards on your left.
 
METER LOCATION: Meter located in brick cabinet next to signal box. 
SITE NOTES: Gas supply is no longer being used as signal box is now all elecric.but meter is still in situ. 
KEYS REQUIRED: CCC2 & ABLOY 
METER TYPE: N/A 
CONTACT: 

",2021-07-07 15:38:04.0000000,Tom Ward,,Littlehampton Signal Box (Gas)-7405101,,,,,345359099,0,0,276,1523,4,113658,0,113671,BLI2,,Southern,Sussex,Operational,280,50.8113,0.549446,09-10-2025 09:02:35
10066,,2341347,GSM-R - Rhosneiger (4328),Nr Ty Croes Level Crossing,Ty Croes,Rhosneiger,Holyhead,,LL63 5HX,,,1123,0,36,683,14/06/2012,Yes - UPL,"891031 IMDM, Shrewsbury, Indirect",,21/01/2026,0,0,0,0,254,"Located at level crossing at Ty Croes signal box/station.

W3W - fail.whiplash.lighter

Key - BRW",2026-01-22 08:10:35.0000000,Rhys Samuel,,Rhosneiger GSM-R 4328-2341347,,,,,-1664413124,0,0,278,676,6,891031,0,891031,CNH3," ",Wales & Western,Wales,Shrewsbury,280,53.22248,-4.473866,23-01-2026 04:00:39
14406,,4249265,PH - Weston (Micheldever),Network Rail Bridge,Lane from Church St to Weston Colley,Micheldever,Hants,,SO21 3AH,,,1122,0,0,678,,Yes - EDF,"881031 IMDM, Eastleigh, Indirect",,,0,0,0,0,60,"HOW TO GET THERE
Exit Micheldever station on the Bournemouth bound side and turn right into Church St.  Proceed.					
Proceed but do not go as far as Micheldever village.  Turn right at the sign post for Weston Colley 3/4mi.		
The sign post is opposite Jasmine Cottage. Proceed down the lane to the rail bridge.	

METER LOCATION				
The big cabinet is to the left behind double Railway access gate on the right just before the bridge.  Bridge EI/161.

PARKING
There is a hard standing close to the access gate and the rail bridge, narrow lane		

NOTES			
It feeds points 8011 A&B and 8012 A&B
WHOLE CURRENT, three phase, 400v
Agreed capacity 99 kVA

PARKING 
On NWR land",2025-07-30 10:55:51.0000000,George.Murray@networkrail.co.uk,,Weston  Points Heating (Micheldever)-4249265,,,,,23062032,0,0,278,556,5,881031,522000,113671,BML1,,Southern,Wessex,Outer,280,0,0,09-10-2025 09:02:44
499,,2130002,Bedlington MDU depot (Closed),Station Street,,Bedlington,,,NE22 5UZ,,,1092,0,0,669,21/05/2014,Yes - Siemens AMR Phase 2,"846031 IMDM, Newcastle, Indirect",3rd July 2013,,0,0,0,0,15,"Site Location - A189 > A1147 and TL onto  St.Johns Rd  (signed  Bedlington Station ); follow to box road junction at level crossing ( South  signal box conspic.across rly)  straight over onto Station Street and MDU is 1st bldg on l.h.s. [access gate adjacent]
Site Access - via building entrance and storeroom area - 859 on compound gate  YW on access door
Site Usage Notes - Darlington MDUM - Hexham depot out-based staff
park in car park of mdu meter is in backroom of building under window
meter tails are bunched up will need to provide blocks and seoerate them

Disconnected 05 Oct 2018",2022-07-29 15:14:08.0000000,Bradley.France@networkrail.co.uk,,Bedlington MDU depot-2130002,,,,,149227982,0,0,276,1350,1,846031,0,118613,EJM,,Eastern,North & East,Middlesbrough,280,0,0,09-10-2025 09:02:04
1549,,2330306,Westbrook Lane Level Crossing,Westbrook Lane,Collingham,Nottinghamshire,,United Kingdom,NG23 7RE,,,1117,0,0,671,29/05/2014,Yes - Siemens AMR Phase 2,"842031 IMDM, Doncaster, Indirect",,,0,0,0,0,21,"Site Location - From Newark on the A1133 1/4 mile after the crossing at South Collingham turn right into Westbrook Lane  crossing is 200m away.
Site Access - LT 205
Site Usage Notes - NO OTHER USAGE",2025-03-04 17:30:18.0000000,Drew.Gallagher,,Westbrook Lane Level Crossing-2330306,,,,,-364968530,0,0,278,970,7,842031,522000,118616,NOB1,,Eastern,East Coast,Doncaster,0,0,0,09-10-2025 09:02:12
5274,,3149012,Signalling Relay Room + - Ufton,Ufton Lane,Ufton Nervet,Reading,,,RG7 4HG,,,1123,0,22,666,24/01/2012,Yes - EDF Phase 1,"895031 IMDM, Swindon, Indirect",,,0,0,0,0,43,"Site Location - From J12 M4 take the A4 towards Newbury. After nearly three miles take the left turn onto Ufton Lane, follow lane to level crossing, supply on the right past level crossing.
Site Access - Clip lock on gate. BRW key on cabinet
Site Usage Notes - Also supplies relay room(loc.M15) & points heating.  Meter reading                      25/11/99 :- 04704  10/05/02 :- 23705.   15/03/07:-49639
Level Crossing closed - Supply located in same place, however now through gates near railway.
",2025-03-04 17:34:36.0000000,Drew.Gallagher,,Ufton AHB Level Crossing-3149012,,,,,165755593,0,0,278,864,7,895031,522000,893031,BHL,,Wales & Western,Western,East,280,51.41468,-1.114948,09-10-2025 09:02:21
2747,,E2341003,Staveley LXing and Plantation GSM-R 4494,Kendal Road,Staveley,Kendal,Cumbria,,LA8 9JB,,,1120,0,36,681,21/10/2022 - 27/07/2009,Yes - SMS - SP metering (Dataserve),"851031 IMDM, Carlisle, Indirect",Delivery Units,21/10/2022 TSB,0,0,0,0,5,"Grey GRP cubicle on LHS of road in wooden fence approaching the barriers, to the LHS of the access gate.
MEx 21/10/2022
",2025-03-11 14:09:04.0000000,Andrew.Facer@networkrail.co.uk,,Staveley Crossing and GSM-R 4494-2341003,,,,,466871385,0,0,278,1670,6,851031,522000,851031,OXW," ",LNW,North West,Carlisle,280,0,0,09-10-2025 09:02:16
10787,,W7405224,Coventry Power Signal Box (Water),Quinton Road,Coventry,Warwickshire,,,CV1 2NJ,,,1120,0,49,667,,,Yes,Delivery Units,26/06/2024 TSB,0,0,0,0,93,"Follow the Quinton Rd Over the railway bridge and Meter acces is 20m on the right just after brow of the hill. through gate chamber on RHS
Meter read supplied to BS 13/03/2024 & 26/06/2024 
",2025-03-04 17:32:15.0000000,Drew.Gallagher,,Coventry Power Signal Box (Water)-7405224,,,,,-1710109867,0,0,278,1329,0,0,0,857031,RBS1,,LNW,Central,Sandwell & Dudley,280,0,0,09-10-2025 09:02:38
12273,,7405766,North Seaton Gate Box (Water),Newbiggin Road,Ashington,Northumberland,,,NE63 0TB,,,1117,0,0,669,,,Yes,,,0,0,0,0,1,Site Location - follow A196 north> from Stakeford and level crossing at top of hill after crossing over RiverWansbeck [or] from Ashington centre A196 <south>,2025-03-04 17:30:55.0000000,Drew.Gallagher,,North Seaton Gate Box (Water)-7405766,,,,,-306745224,0,0,0,1660,0,0,0,118613,BWC,,Eastern,North & East,Middlesbrough,0,0,0,09-10-2025 09:02:38
18421,,4142602,CRH - Paddock Wood Down CRH2 (03500-K-01),Paddock Wood Station,,Kent,,,TN12 6EX,,,1122,0,0,677,,Yes - EMig Con Rail Sub Meter,Yes NTfT,,,0,0,0,0,35,,2025-07-30 10:55:12.0000000,George.Murray@networkrail.co.uk,,Paddock Wood Down CRH2 (03500-K-01)-4142602,,,,,815418766,0,0,278,0,14,0,0,113671,XTD,U,Southern,Kent,Orpington,280,0,0,09-10-2025 09:02:44
14281,,2380142,Kings Cross Station Tenants (Gas),Euston Road,,London,,,N1 9AL,,,1092,0,0,666,,,,,,0,0,0,0,0,KGX,2020-07-15 14:17:20.0000000,Tom Ward,,Kings Cross Station Tenants (Gas)-2380142,,,,,-723218420,0,0,0,0,0,0,0,0,,,Tenants - Eastern,East Coast,Managed Station - Tenants,280,0,0,09-10-2025 09:02:40
3376,,E2352110,FT - Kirtle Water Viaduct,Kirtlebridge,,Lockerbie,,Scotland,DG11 3LZ,,,1121,0,48,681,02/05/2012,Yes - EDF Phase 1,"861031 IMDM, Motherwell, Indirect",,,0,0,0,0,15,"Site Location - from B7076<southbound> to  Kirtlebridge ; fork right at Village Inn and follow approx 180m to  field  gate access on r.h.s. (immediately before Smithy Row) thence 45m to fenceline
Site Access - direct from unclassified minor road and 45m across  stacking area
Site Usage Notes - flood telemetry kiosk",2025-03-04 17:32:46.0000000,Drew.Gallagher,Utilities Scotland <UtilitiesScotland@networkrail.co.uk>,Kirtle Water Viaduct flood telemetry-2352110,,,,,-630291485,0,0,278,1520,10,861031,0,861031,WCM1,,Scotland's Railway - Scotland,Delivery Units,Motherwell DU,280,0,0,09-10-2025 09:02:18
23271,,2371257,FTN - Crosskeys (3275),Western Terrace,Crosskeys,Newport,Newport,,NP11 7BZ,,,1123,0,37,977,,,,High Street,07/10/2025,0,0,0,0,7,"Located in fence line at bottom of grass area off Western Terrace.

What3words - drives.bloomers.unicorns

Key - BRW",2025-10-07 11:59:46.0000000,Rhys Samuel,,,,,,,0,0,0,0,484,0,0,0,894031,WVL,,Wales & Western,Wales,Cardiff,280,51.62273,-3.129031,09-10-2025 09:02:54
10260,,T4141021,Milton Malsor PSP NTfT,Collingtree Road,Milton Malsor,Northamptonshire,,,NN7 3AF,,,1120,0,53,667,,Yes - EDF Sub Meter,Yes NTfT,Non-Traction from Traction,NTfT,0,0,0,0,62,"Also supplied by 2320182
",2025-03-11 14:09:03.0000000,Andrew.Facer@networkrail.co.uk,,Milton Cottages PSP-4141021,,,,,356656954,0,0,0,1010,9,0,0,850031,HNR,T,LNW,WCS,Bletchley,280,0,0,09-10-2025 09:02:35
17953,,4142134,CRH - Camberley Up CRH2 (3469-W-01 ),Camberley,,Surrey,,,GU15 2EE,,,1122,0,0,666,,Yes - EMig Con Rail Sub Meter,Yes NTfT,,,0,0,0,0,34,,2025-07-30 10:55:04.0000000,George.Murray@networkrail.co.uk,,Camberley Up CRH2 (3469-W-01 )-4142134,,,,,-1221363437,0,0,278,1518,14,0,0,113671,AAV,U,Southern,Wessex,Inner,280,0,0,09-10-2025 09:02:44
12360,,2370981,"Points Heating - Port Talbot West ",Cramic Way,,Port Talbot,,,SA13 1RU,,,1123,0,20,676,,Yes - EDF,"894031 IMDM, Cardiff, Indirect",,,0,0,0,0,202,"From Port Talbot Station, exit car park turning right onto Oakwood Rd.  After level crossing take the 1st right onto Cramic Way, 0.2 miles.  Destination on the right in fence line.
Meter located inside new cabinet.",2025-03-04 17:34:26.0000000,Drew.Gallagher,,Port Talbot West - Points Heating-2370981,,,,,-502305539,0,0,278,1430,5,894031,0,894031,SWM2,,Wales & Western,Wales,Cardiff,280,51.59344,-3.783073,09-10-2025 09:02:40
2654,,E2340892,Leathermill Lane Principal Supply Point,Leathermill Lane,Hartshill,Nuneaton,Warwickshire,,CV10 0TA,,,1120,0,53,667,03/09/2014,Yes - Siemens AMR Phase 2,"858031 IMDM, Stafford, Indirect",Delivery Units,27/05/2015 TSB,0,0,0,0,99,"In Palisade fence on Leathermill Lane at corner of Mancetter Road by PSP access gates behind pallisade outer fence. 17 key and RC27
Shared with 4141054 NTfT
",2025-03-04 17:31:24.0000000,Drew.Gallagher,,Leathermill Lane Principal Supply Point-2340892,,,,,1429122081,0,0,278,1194,9,3002,0,858031,LEC2,,LNW,WCS,Stafford,280,0,0,09-10-2025 09:02:16
9120,,2310342,Downham Market GSM-R (3074),Ouse Bridge,Ten Mile Bank,Downham Market,Norfolk,,PE38 0EH,,,1117,0,0,670,03/10/2014,Yes - Siemens AMR Phase 2,"822031 IMDM, Tottenham, Indirect",,,0,0,0,0,83,"Heading North from Southery on A10, left at Modney Bridge towards Ten Mile Bank. Right immediately after crossing River Ouse onto Church Road and follow to Ouse Bridge.",2025-03-04 17:30:08.0000000,Drew.Gallagher,,Downham Market GSM-R (3074)-2310342,,,,,-1337034972,0,0,278,92,6,822031,0,822031,BGK," ",Eastern,Anglia,Tottenham,0,0,0,09-10-2025 09:02:32
7533,,8025021,Balne Track Section Cabin,Highgate,Balne,Goole,North Humberside,United Kingdom,DN14 0ES,,,1117,0,0,671,01/08/2014,Yes - Siemens AMR Phase 2,"842031 IMDM, Doncaster, Indirect",,,0,0,0,0,165,"Site Location - Off  A19 Doncaster Selby Road  follow signs to Snaith then Balne.
Site Access - None
Site Usage Notes - No other usages.",2025-03-04 17:30:57.0000000,Drew.Gallagher,,Balne Track Section Cabin-8025021,,,,,-1177765632,0,0,278,1610,8,842031,0,118616,ECM2,,Eastern,East Coast,Doncaster,0,0,0,09-10-2025 09:02:30
10813,,T4141093,Elmhurst PSP NTfT,Wood End Lane,Elmhurst,Lichfield,,,WS13 8EU,,,1120,0,53,667,20/12/2012,Yes - EDF Sub Meter,Yes NTfT,Non-Traction from Traction,NTfT,0,0,0,0,118,Shared with 2340878,2025-03-04 17:32:19.0000000,Drew.Gallagher,,Elmhurst PSP-4141093,,,,,1156331307,0,0,0,1490,9,0,0,858031,LEC2,G,LNW,WCS,Stafford,280,0,0,09-10-2025 09:02:38
21681,,4250014,Depot - Eastleigh AHD NSC Ballast Yard,Tower Industrial Estate,"Tower lane, off Chickenhall Lane",Eastleigh,,,SO50 6NZ,,,1122,0,0,0,,,,,25th June 2021,0,0,0,0,73,"HOW TO GET THERE
Exit eastleigh Station tuening right into Southampton Road / Station Hill.  Proceed to roundabout and take the 4th exit to enter Bishopstoke Road.  Go over railway bridge and at roundabout turn right into Chickenhall Lane.  Proceed and turn right into Tower Lane.  Go along Tower Lane and at the point where it veers sharply to the left, there is an access road to the aggregates yard.  The pit is in the middle of the road at this junction

METER LOCATION
In a large pit in the middle of the road, outside the access gate where the access road joins Tower Lane

NOTES
MSN 15A10221 was installed on 11/3/2016
Noted very busy access road, heavey lorries.
Very heavy cover - 4 man lift

PARKING
At meter, kerb",2025-07-31 13:00:19.0000000,George.Murray@networkrail.co.uk,,Eastleigh AHD,,,,,-1904723222,0,0,278,1216,0,0,0,113671,EYD3,,Southern,Wessex,Outer,280,50.96581,-1.34615,09-10-2025 09:02:49
18250,,4142431,CRH - Higham Up CRH1 (02834-K-01),Higham,,Kent,,,ME3 7JQ,,,1122,0,0,0,,Yes - EMig Con Rail Sub Meter,Yes NTfT,,,0,0,0,0,28,,2025-07-31 13:00:13.0000000,George.Murray@networkrail.co.uk,,Higham Up CRH1 (02834-K-01)-4142431,,,,,-913756801,0,0,278,748,14,0,0,113671,HDR,U,Southern,Kent,Ashford,280,0,0,09-10-2025 09:02:44
22292,,AGS-TEMP1,ARCH AT 55 MOLENDINAR STREET," "," ",Glasgow,x,,G4 0TG,,,1092,0,0,0,,,,,,0,0,0,0,0,,2025-01-27 16:28:36.0000000,Wendi Wheeler,,,,,,,-912827762,0,0,1113,0,0,0,0,705220,,,Scotland Commercial Property,Glasgow," ",280,0,0,09-10-2025 09:02:52
9632,,2395010,Blackfriars London Underground Station,179 Queen Victoria Street,,London,,,EC4V 4DD,,,1092,0,0,666,,,No,,,0,0,0,0,0,,2018-10-22 10:18:49.0000000,Andrew Vickers,,Blackfriars London Underground Station-2395010,,,,,-596075460,0,0,276,0,11,10001,0,0,,,HQ - Projects Blackfriars,,,280,0,0,09-10-2025 09:02:35
6110,,5583002,LC - Grove Park CCTV,opp. No. 62 Grove Park Terrace,,Chiswick,London,,W4 3QG,,,1122,0,0,666,02/10/2014,Yes - Siemens AMR Phase 2,"880031 IMDM, Clapham, Indirect",,28th October 2020,0,0,0,0,8,"HOW TO GET THERE
From Kew Bridge Station: exit right into A205 Chiswick High Road then left into Strand-on-the-Green which becomes Thames Road then becomes Grove Park Road.
Proceed, go under a rail bridge.
Proceed and turn left into Grove Park Terrace.  Proceed to LC.

From Chiswick Station follow Sation Road into Cavendish Road. Continue. Turn right into Hartington Road. Turn into Grove Park Road. Take first right into Grove Park Terrace.

METER LOCATION
At the LC on the left, infront of #62 Grove Park Terrace; it is a very small grey box fixed on the fenceline itself

NOTES
Site Access - CCC2 key for cabinet.
Site Usage Notes - Level Crossing no other usages.

PARKING
Residential but not too close to LC",2025-07-30 10:55:33.0000000,George.Murray@networkrail.co.uk,,Grove Park CCTV Level Crossing-5583002,,,,,-1779037269,0,0,278,1651,7,880031,0,113671,HOU,,Southern,Wessex,Inner,280,51.48432,-0.273558,09-10-2025 09:02:24
21654,,2331548,Potters Bar MP & TSC,"NETWORK RAIL COMPOUND, at bottom of Sainsburys car",of Station Closed,Potter Bar,,United Kingdom,EN6 1TL,,,1117,0,0,0,,,,,,0,0,0,0,12,"In the Network Rail Compound at the bottom of the Sainsburys car park off Station Close, Potter Bar",2025-03-04 17:30:14.0000000,Drew.Gallagher,,Potters Bar MP & TSC,,,,,-130856855,0,0,278,70,0,0,0,118617,ECM1,,Eastern,East Coast,Kings Cross,280,0,0,09-10-2025 09:02:49
3384,,E2352122,PH - Camperdown Junction (DK1),off East Dock Street,,Dundee,,Scotland,DD1 3HB,,,1121,0,20,672,09/09/2014,Yes - Siemens AMR Phase 2,"862031 IMDM, Perth, Indirect",,,0,0,0,0,59,"Site Location - A92(T) dual c way  East Dock Street  <westbound>; keep to inside lane  straight on at traffic lights junction with A991  East Market Gait  on r.h.s.  50m and TL onto  Victoria Dock  access road (one way) 20m to  Harbour  entrance gates
Site Access - direct from footpath linking East Dock Street and Camperdown Street dual locked NR PS1 - DNO  D2/2A
Site Usage Notes - Point + clamplock heaters via CC1 - 4ends: heating load = 25.6kW
ACROSS FROM DOMINO'S IN FENCELINE NEAR GATES NEXT TO VAUXHALL",2025-03-04 17:32:38.0000000,Drew.Gallagher,Utilities Scotland <UtilitiesScotland@networkrail.co.uk>,Camperdown Jn DK1 PH-2352122,,,,,1476761345,0,0,278,1260,5,862031,0,862031,ECN2,,Scotland's Railway - Scotland,Delivery Units,Perth DU,280,0,0,09-10-2025 09:02:18
296,,1658019,Branston Junction Point Heating,Bramell Close,Branston,Burton-on-Trent,Staffordshire,,DE14 3ES,,,1117,0,0,667,20/12/2011,Yes - EDF Phase 1,"901031 IMDM, Derby, Indirect",,,0,0,0,0,12,"Site Location - A38 to Burton-on-Trent & Branston (A5121) turn right at first roundabout onto Burton Road  over bridge turn left into Warren Lane follow to end.
Site Access - access gate at end of Warren Lane.
Site Usage Notes - point heating (4ends/pad). Rdg L 085288 N 140197 (1/11/00).",2025-03-04 17:30:21.0000000,Drew.Gallagher,,Branston Junction Point Heating-1658019,,,,,-1151133722,0,0,278,440,5,901031,0,118619,DBP1,,Eastern,East Midlands,Derby,0,0,0,09-10-2025 09:02:04
4549,,2370397,Points Heating + - Wootton Bassett Junction,Westbury Park (off New Road),Wootton Bassett,Swindon,Wilts,,SN4 7DN,,,1123,0,20,676,31/10/2014,Yes - Siemens AMR Phase 2,"895031 IMDM, Swindon, Indirect",,,0,0,0,0,83,"Site Location - M4 Jct 16 take A3102 to Wootton Bassett. Drive through Wootton Bassett shopping Street down short steep hill  turn left at crossroads at bottom of hill into New Road. Turn 1st right into Westbury Park
Site Access - BRW & REC key
Site Usage Notes - Points heating and relay room domestics.                                      MD specified to be 70kw Annual energy 60000kwh",2025-03-04 17:34:29.0000000,Drew.Gallagher,,Wootton Bassett Junction - PH & Signalling-2370397,,,,,1697933440,0,0,278,140,9,9001,522000,890031,MLN1,,Wales & Western,Western,Central,280,51.5354,-1.905697,09-10-2025 09:02:21
20156,*,4141920,Willingdon Junction Signalling2 NTfT (ums),Footpath off Brodrick Road,,Eastbourne,,,BN22 9NY,,,1092,0,0,0,,No - Unmetered NTfT,Yes NTfT,,,0,0,0,0,21,,2021-01-13 11:58:06.0000000,Rachel.Fisch,,,,,,,1222924601,0,0,0,955,3,0,0,113658,KJE3,U,Southern,Sussex,Brighton,280,0,0,09-10-2025 09:02:47
7427,,7744001,Norwood Junction Point Heating,Forge Road,Dunston,Gateshead,,,NE8 2RB,,,1117,0,0,669,25/09/2014,Yes - Siemens AMR Phase 2,"846031 IMDM, Newcastle, Indirect",,,0,0,0,0,1,"Site Location - A184<west> from Gateshead to Dunston exit  TR at top of slip road  cross over A184 dual c/way and TL onto Derwentwater Road (A1114)  follow to roundabout  1st left into Forge Road  park up and proceed to elevated footpath and AAP(P) gate/steps up
Site Access - from elevated footpath and AAP(P) gate/steps up between the two underbridges   859 / NE J
meter is located in a metal cabinet above rail bridge not on trackside.",2025-03-04 17:30:45.0000000,Drew.Gallagher,,Norwood Junction Point Heating-7744001,,,,,237170417,0,0,278,1750,5,846031,0,118613,NEC1,,Eastern,North & East,Middlesbrough,0,0,0,09-10-2025 09:02:30
8455,,ASHB,Ashburton,UKPN-SPN,Tennison Road,South Norwood,Croydon,,SE25 5NE,,,1092,0,0,666,,,No,,,0,0,0,0,0,"Import Capacity: 25,000kVA; Export Capacity: 0kVA.
///spicy.improving.online
",2024-03-08 16:57:43.0000000,Alan Bullock,,Ashburton-ASHG,,,,,-350709656,0,0,278,0,0,0,0,0,LWA,U,Traction,Southern,,280,51.39223,-0.07399,09-10-2025 09:02:32
14219,,2380103,Birmingham New Street Stn Tenants (Water),New Street,Birmingham,West Midlands,,,B2 4QA,,,1120,0,0,667,,,Yes,,,0,0,0,0,0,,2025-03-04 17:32:18.0000000,Drew.Gallagher,,Birmingham New Street Station Tenants (Water)-2380103,,,,,-425225790,0,0,0,0,0,0,0,856031,,,LNW,Birmingham New Street MS Tenants,,280,0,0,09-10-2025 09:02:40
6548,,6133005,Helpston Signal Box,Helpston,Peterborough,Cambridgeshire,,United Kingdom,PE6 7,,,1117,0,0,670,05/08/2015,Yes - Siemens AMR Phase 2,"843031 IMDM, Hitchin, Indirect",,,0,0,0,0,81,"Site Location - West 1km on B1443 from Helpston.
Site Access - Arrange access with signal staff
Site Usage Notes - No other usages. RT",2025-03-04 17:29:58.0000000,Drew.Gallagher,,Helpston Signal Box-6133005,,,,,110905537,0,0,278,1560,4,843031,0,118617,ECM1,,Eastern,East Coast,Peterborough,0,0,0,09-10-2025 09:02:27
9121,,E2341176,Thorpes Bridge Jct Pts Heating,Feeder Pillar,Thorpes Rd,Newton Heath,Manchester,,M40 5NB,,,1120,0,20,679,10/08/2016,Yes - SMS,"854031 IMDM, Manchester, Indirect",Delivery Units,10/08/2016 TSB,0,0,0,0,2,"Site Location - From Manchester follow the A62 Oldham Road and turn left into Thorp road (B6393.) Continue until you cross over the railway bridge, on your right hand side is the DNO meter cubicle set within steel fenced compound .

MEx 10/08/2016",2025-03-04 17:31:56.0000000,Drew.Gallagher,,Thorpes Bridge Jct Pts Heating-2341176,,,,,222331190,0,0,278,330,5,3002,522000,854031,MPR1,,LNW,North West,Manchester,280,0,0,09-10-2025 09:02:32
11967,,W7405610,Wigan Wallgate Signal Box (Water),Appleton Street,Wigan,Lancashire,,,WN3 4BZ,,,1120,0,35,679,,,Yes,Delivery Units,27/07/2023 TSB,0,0,0,0,18,"Atplas on footpath opposite unit 1 Appleton street 

This supply is also feeding the Norther Rail siding and tanking areas. 
Worked with Euan Hilton and confrimed that 80% Northern and 20% Network Rail Useage as we only have a manned signall box on site. 

SBox has a sub meter fitted so Northerns consumption is main meter - S/box sub meter



",2025-03-04 17:32:14.0000000,Drew.Gallagher,,Wigan Wallgate Signal Box (Water)-7405610,,,,,920471397,0,0,278,122,0,0,0,852031,WBS2,,LNW,North West,Liverpool,280,0,0,09-10-2025 09:02:38
6775,,6574008,Worksop Station Telecoms Room,Worksop Station,Carlton Road,Worksop,Nottinghamshire,,S81 7AG,,,1117,0,0,671,23/06/2015,Yes - Siemens AMR Phase 2,"847031 IMDM, Sheffield, Indirect",,,0,0,0,0,56,"Site Location - At the far end of the station building with a flat roof and air conditioning units.
Site Access - Key for building held by station booking office staff.
Site Usage Notes - Other usage:  Telecommunication Section (Railtrack) and WAS Railtrack feed for Worksop West signalbox. RT S/B  CLOSED (EROS)
site is located off Gateford road, down a pathway just before the rail overbridge, leading up to a old united carpets store, the meter is in the old worksop ops room, door is round the back",2025-03-04 17:30:19.0000000,Drew.Gallagher,,Worksop Station Telecoms Room-6574008,,,,,-758966488,0,0,278,1290,6,847031,522000,118614,MAC3,,Eastern,North & East,Sheffield,0,0,0,09-10-2025 09:02:27
5791,,5084006,TP Hut - Albermarle Road,Westgate Road,Beckenham,Kent,,,BR3 5DE,,,1122,0,0,0,03/03/2011,Yes - EDF Phase 1,"113658 IMDM, Orpington, Indirect",,03/03/2011,0,0,0,0,9,"Site Location - Exit Beckenham Junction Station from platform No 2 turn left to High Street  cross over into Albemarle Road  in 0.25 mile turn left into Westgate Road follow to road bridge.
Site Access - Abloy key for gate and CCC2 key for cabinet.
Site Usage Notes - TP hut supply.",2025-07-30 10:56:01.0000000,George.Murray@networkrail.co.uk,,Albermarle Road TP Hut-5084006,,,,,-1462891818,0,0,278,260,10,113658,0,113671,VIR,,Southern,Kent,Orpington,280,0,0,09-10-2025 09:02:24
14496,*,4141503,Acton Central Signalling B NTfT,2A The Vale (Jewsons),Acton,London,,,W3 6LJ,,,1092,0,0,666,,Yes - EDF Sub Meter,Yes NTfT,,,0,0,0,0,2,,2021-01-13 13:31:05.0000000,Rachel.Fisch,,Acton Central S2-4141503,,,,,68546402,0,0,0,20,3,0,0,822031,BOK5,T,Eastern,Anglia,Tottenham,280,0,0,09-10-2025 09:02:44
19068,,2371096,Signalling Relay Room + - Stapleton Rd,Off St Marks Rd,,Bristol,,,BS5 0LR,,,1123,0,22,676,,,No,,,0,0,0,0,1,Access at Stapleton Road Station in fence line adjacent pedestrian route from St Marks Road,2025-03-04 17:34:36.0000000,Drew.Gallagher,,Stapleton Rd - Signalling & REB-2371096,,,,,1982366804,0,0,278,1051,9,0,0,890031,BSW,,Wales & Western,Western,Central,280,51.4668,-2.565561,09-10-2025 09:02:47
10327,,2331247,Strensall Level Crossing GSM-R 4136,Tudor Way Off Brecks Lane / Thompson Drive,off Lords Moor Lane,Strensall,Haxby,York,YO32 5ZR,,,1117,0,0,674,08/11/2012,Yes - UPL,"848031 IMDM, York, Indirect",,,0,0,0,0,7,"Cabinet loctaed at ///taxed.dabbled.clouds
Access via Brecks Lane from Thompson Drive at ///worm.midfield.butlers

Dual locaking bar in place - GMK JW442 key required.

MPAN: 1580001212770

New meter installed by EDF 31/07/2025

Current MSN: EML2411042
Previous MSN: K12UP06529

",2025-07-31 14:16:42.0000000,Thomas.blencowe@networkrail.co.uk,,Strensall Level Crossing GSM-R 4136-2331247,,,,,1891662009,0,0,278,81,6,848031,522000,118615,YMS," ",Eastern,North & East,York,280,0,0,09-10-2025 09:02:35
5948,,5309007,Depot(+) - Horsham SB Yard Lighting (CLOSED) 22-11-13,Foundry Lane,Horsham,West Sussex,,,RH13 5PJ,,,1092,0,0,0,,,No,,24/05/13,0,0,0,0,37,"Site Location - Supply is in the down yard London end of station.
Site Access - Cabinet not locked.
Site Usage Notes - Relay room (R/T)   Point Heating (R/T)   Signal Box (R/T)  
Yard Lighting (R/T)
SP Disconnection tracker No 155 - Flows re-sent meter removal dated for 
16/2/11. Flow to Networks, quotation address is Euan Clifford. 
Email to all on 2/2/11 to update.mop rang frank monaghan said 
knows nothing about this can we rebook and check site contact for this job. thanks.
This supply was replaced by 1900090505269, which started on 13/11/2009.
Meter number P09A22090.",2025-07-31 13:00:20.0000000,George.Murray@networkrail.co.uk,,Horsham Signal Box & Yard Lighting - CLOSED-5309007,,,,,-1292324743,0,0,276,772,0,0,0,0,TBH1,,Southern,Sussex,Brighton,280,0,0,09-10-2025 09:02:24
7083,,7068002,Mill Drove AHB Railway Crossing,Soham Mill Drove Crossing,Whittlesea Area,Soham,Ely,Cambridgeshire,CB7 5HX,,,1117,0,0,670,16/07/2014,Yes - Siemens AMR Phase 2,"822031 IMDM, Tottenham, Indirect",,,0,0,0,0,7,"Site Location - On Station Road Soham go straight accross junction  continue for a quarter of a mile.
Site Access - Key no. LT205
Site Usage Notes - Also feeds: Signal and Telecom. hut.
On Mill Drove at level crossing meter located on the left in steel cabinet adjacent with start of fenceline, opposite side to REB",2025-03-04 17:29:57.0000000,Drew.Gallagher,,Mill Drove AHB Railway Crossing-7068002,,,,,1753782009,0,0,278,28,7,822031,0,822031,SOB2,,Eastern,Anglia,Tottenham,0,0,0,09-10-2025 09:02:27
19644,,7406144,Boston West Street Junction Signal Box (Water),West Street,Boston,Linconshire,,,PE21 8XX,,,1117,0,0,671,,,Yes,,,0,0,0,0,0,,2025-03-04 17:30:38.0000000,Drew.Gallagher,,Boston West Street Junction Signal Box (Water)-7406144,,,,,-279354994,0,0,0,0,0,0,0,118619,,,Eastern,East Midlands,Lincoln,280,0,0,09-10-2025 09:02:47
22271,,2371221,Level Crossing - Buttisland UWC,Butterlands Park Farm,Bow,Crediton,Devon,,EX17 5JL,,,1123,0,8,0,,,,,,0,0,0,0,188,access via the access road to the farm (near MJ Slate 'World of Stone'). DNO cubicle is located in the fenceline on the UP side of the railway - Credition side of the crossing,2025-03-04 17:34:18.0000000,Drew.Gallagher,,,,,,,1853337596,0,0,278,88,0,0,0,892031,DAC,,Wales & Western,Western,West,280,50.7897,-3.743217,09-10-2025 09:02:52
1915,,2330885,Tapton SSP,Station Road,Whittington Moor,Chesterfield,,,S41 9AH,,,1117,0,0,667,20/08/2014,Yes - Siemens AMR Phase 2,"847031 IMDM, Sheffield, Indirect",,,0,0,0,0,148,Site Location - From M1 (J30) take the A619 towards Staveley  Brimington  Tapton & Chesterfield. Staying on A619 (Rotherway) @ 2nd island take 4th exit (A61 towards Sheffield). @ 1stislandtake 3rd exit onto Station Rd.,2025-03-04 17:30:26.0000000,Drew.Gallagher,,Tapton SSP-2330885,,,,,511619188,0,0,278,0,3,2002,522000,118614,TJC1,,Eastern,North & East,Sheffield,0,0,0,09-10-2025 09:02:12
21989,,W7406219,Crewe PAD / HOOB (Water),Gresty Green Road,,Crewe,,,CW2 5AE,,,1120,0,0,0,10/08/2020 - 15/02/2023,,,,21/11/2024 TSB,0,0,0,0,0,"New Supply meter 23A021596 SPID 3201441430W16 fitted 15/02/2023 located 1 meter Left of UU pump station enterance in grass verge in double lid chamber.

Supply to be meterd by UU and SPID Provided 17/07/2020
Meter fitted 10/08/2020 MSN C20LU035309 usage Approx 1 cu/4 hr Water SPID is 3201039659W13  account number 3087595 - supply is now redundant disconnection job SA-2260991 Disconnected UU 07/07/2023
",2025-03-04 17:32:16.0000000,Drew.Gallagher,,Crewe Pre Assembly Depot (Water),,,,,-135722426,0,0,278,1320,0,0,0,852031,SYC,,LNW,Route Services,Workplace - TFM,280,0,0,09-10-2025 09:02:49
7372,,7514001,Wylam Signal Box & MDU,Wylam Station,Station Road,Wylam,Northumberland,,NE41 8HR,,,1117,0,0,669,,,Yes,,,0,0,0,0,8,"Site Location - A695 to Crawcrook  T<north> onto Fell View Rd and approx 600m to xrds with B6317; straight over onto Crawcrook Rd <signed  Clara Vale/Wylam > leading onto  Station Road  and follow approx 2kms to Wylam Station  over LX and TR into stn car park
Site Access - direct from Station Road
Site Usage Notes - signal box + MDU accommodation in station building",2025-03-04 17:31:13.0000000,Drew.Gallagher,,Wylam Signal Box & MDU-7514001,,,,,277141495,0,0,0,780,0,0,0,118613,NEC2,,Eastern,North & East,Middlesbrough,0,0,0,09-10-2025 09:02:27
14118,,2331416,Garforth PSP,Garforth Station Car Park,Station Road,Garforth,,,LS25 1PW,,,1117,0,0,671,,Yes - EDF,"844031 IMDM, Leeds, Indirect",,,0,0,0,0,13,"Network Rail Access via Garforth Station Car Park, LS25 1PW
Distribution network operators side of the GRP cubicle via Garforth Station Car Park, LS25 1PW

MEx completed 10/12/24. Any power-loss works can be undertaken during regular backup genny tests carried out by Leeds D&P on a 3-monthly basis. Contact D&P for advice and planning.
",2025-03-04 17:31:08.0000000,Drew.Gallagher,,Garforth PSP-2331416,,,,,1659573775,0,0,278,760,9,2001,0,118612,HUL4,,Eastern,North & East,Leeds,280,0,0,09-10-2025 09:02:40
10246,,T4141007,Bugbrooke PSP NTfT,Bugbrooke to Dalscote minor road,Bugbrooke,Northampton,,,NN7 3JF,,,1120,0,0,667,,Yes - EDF Sub Meter,Yes NTfT,PSP,NTfT,0,0,0,0,65,"Shared with 2320376
",2025-03-04 17:32:18.0000000,Drew.Gallagher,,Bugbrooke PSP-4141007,,,,,572402533,0,0,0,103,9,0,0,850031,LEC1,T,LNW,Bletchley,,280,0,0,09-10-2025 09:02:35
7688,,8437002,Shipley West Junction Point Heating,Back Saltaire Road (North),SHIPLEY,Bradford,,,BD18 3HL,,,1117,0,0,671,24/01/2012,Yes - EDF Phase 1,"844031 IMDM, Leeds, Indirect",,,0,0,0,0,206,"Site Location - From Junction A657 and A6038 in Shipley Centre  take Keighley (Saltaire) Road after 400m take Back Saltaire Road North to the right.
Site Access - None
Site Usage Notes - No other usages. RT",2025-03-04 17:30:52.0000000,Drew.Gallagher,,Shipley West Junction Point Heating-8437002,,,,,-510297966,0,0,278,440,5,844031,522000,118612,TJC3,,Eastern,North & East,Leeds,0,0,0,09-10-2025 09:02:30
4720,*,2370592,Points Heating <  - Swansea Station,Swansea Railway Station,High Street,Swansea,South Wales,,SN1 1NN,,,1092,0,20,676,,,No,,,0,0,0,0,216,"Site Location - Swansea Station platform 1 in ATW Station switch room
Site Access - BRW Gate. BRW door
Site Usage Notes - ATW station. sub metered supply to NR points heating
NR sub meter readings 04/06/2009:- low 000065  nor 194630.",2019-02-04 15:23:26.0000000,Adam De Benedictis,,Swansea Station Points Heating-2370592,,,,,732405088,0,0,0,0,5,0,0,894031,SWA,,Wales,Cardiff,Swansea-Llanelli,280,51.62633,-3.940213,09-10-2025 09:02:21
22916,,AGS02101,"3 OSBORNE STREET,GLASGOW,G! 5QN"," ",Glasgow,Glasgow,x,,G1 5QN,,,1126,0,0,0,,,,,,0,0,0,0,0,,2025-03-12 12:24:11.0000000,Grace.Emmence,,,,,,,1350871773,0,0,1112,0,0,0,0,705220,,,Scotland Commercial Property,Glasgow," ",0,0,0,09-10-2025 09:02:52
676,,E2249003,Sandhills IECC,Sandhills Business Park,Sandhills Lane,Liverpool,Merseyside,,L5 9ZS,purely.finger.engage,,1120,0,58,679,11/6/13,Yes - EDF,"852031 IMDM, Liverpool, Indirect",Delivery Units,27/11/2025 TSB,0,0,0,0,34,"Site Access - Access via the steel gates opposite to the entrance for the Business Park, drive round building to Substation. alterntive access through black door in wall on Sandhills Lane via Merseyrail Substation key ,
Site Usage Notes - IECC & Maintenance Staff Accommodation - Network Rail                 CIS Staff Accommodation - Merseyrail 2002
Shared with 4141069 and 4141070 NTfT
800/5 ct
MEx Emlite IP 192.168.8.21 Port 56485 fitted 27/11/2025",2025-11-27 15:35:16.0000000,Terry Bleasdale,,Sandhills IECC-2249003,,,,,0,0,0,278,100,2,3003,522000,852031,HXS2,,LNW,North West,Liverpool,280,0,0,28-11-2025 04:00:15
4007,,2360584,Oxshott TPH - WATER CLOSED,BB WESSEX,,,,,,,,1092,0,0,0,,,Yes,,,0,0,0,0,17,,2021-07-07 15:38:10.0000000,Tom Ward,,Oxshott TPH-2360584,,,,,-1411728206,0,0,276,881,0,0,0,113671,NGL,,Southern,Wessex,Inner,280,0,0,09-10-2025 09:02:19
8380,,2360887,PH - Lewisham St Johns Junction & Junction,Elverson Road,,Deptford,London,,SE8 4JR,,,1122,0,0,666,03/09/2014,Yes - Siemens AMR Phase 2,"113658 IMDM, London Bridge, Indirect",,04/10/2018,0,0,0,0,5,"TRANSPORT: Train & Walk 
SITE DIRECTIONS: From St Johns Station: Use Map Ref to Location. 
METER LOCATION: Meter Cabinet is located in fence line. 
SITE NOTES:  
KEYS REQUIRED: CCC2 
METER TYPE: WC 
CONTACT: 
",2025-07-30 10:55:48.0000000,George.Murray@networkrail.co.uk,,Lewisham St Johns Junction Point Heating & Junctio-2360887,,,,,237564898,0,0,278,1252,9,113658,0,113671,XTD,,Southern,Kent,London Bridge,280,51.46819,0.019581,09-10-2025 09:02:30
2685,,E2340933,Birmingham International Points Heating North,Ingenuity House Car Park,off Bickenhill Lane,Birmingham,,,B37 7GN,,,1120,0,20,667,19/05/2022,Yes SMS - EdF,"857031 IMDM, Sandwell & Dudley, Indirect",Delivery Units,27/02/2023 TSB,0,0,0,0,104,"Site Location - Follow the M6 to Junct No4 and turn onto the M42 South. Continue and turn onto the B4438 Rd then follow the signs for direction to Birmingham International. From the station turn onto Bickenhill Lane  over the bridge and turn into Ingenuity House
Site Access - Access from Bickenhill Lane  through the Ingenuity House Car Park 
Site Usage Notes - Point Heating - 10 No Point Ends
MEx 19/05/2022
GPRS Modem 11136 fitted 27/02/2023",2025-03-04 17:31:39.0000000,Drew.Gallagher,,Birmingham International Points Heating North-2340933,,,,,825914181,0,0,278,1734,8,3001,0,857031,RBS1,,LNW,Central,Sandwell & Dudley,280,0,0,09-10-2025 09:02:16
22285,,,** Send to James Kelly-McLellan  **,"Car park 3, Downside Yard, Off Vernon Road",Stoke-On-Trent,,,,ST4 2QH,,,1092,0,0,0,,,,,,0,0,0,0,0,,2024-10-02 10:07:03.0000000,Jack Navarro,,,,,,,-2001513900,0,0,0,0,0,0,0,710255,,,,,,280,0,0,09-10-2025 09:02:52
22396,,"E2331687 ",Lady Anne Footbridge,Howley Street,Batley,Wakefield,West Yorkshire,United Kingdom,WF17 0QB,,,1117,0,0,0,,,,,,0,0,0,0,35,"From Howley street, Batley Via public footpath to cubicle (no rail infrastructure access required)",2025-03-04 17:31:09.0000000,Drew.Gallagher,,,,,,,1617893085,0,0,278,125,0,0,0,118612,MDL1,,Eastern,North & East,Leeds,280,0,0,09-10-2025 09:02:52
411,,1947013,Coalville AHB Level Crossing,High Street,Coalville,Leicester,,,LE67 3EN,,,1117,0,0,667,11/07/2014,Yes - Siemens AMR Phase 2,"901031 IMDM, Derby, Indirect",,,0,0,0,0,113,"Site Location - High Street Coalville.old A50 through town centre difficult parking close to crossing  park in carpark behind shops.
Site Access - RC 27
Site Usage Notes - Also feeds Relay Room and other Signalling Apparatus. Digital meter F88FE08616(3rate).
IN STEEL KIOSK TO RELAY ROOM TRACK SIDE BY CROSSING BARRIERS MIAGE ON TRACK 113 3/4",2025-03-04 17:30:21.0000000,Drew.Gallagher,,Coalville AHB Level Crossing-1947013,,,,,1758738051,0,0,278,1360,7,901031,0,118619,KSL,,Eastern,East Midlands,Derby,0,0,0,09-10-2025 09:02:04
897,,2310236,March MDU & GB RailFreight Depots,Down Yard,Station Road,March,Cambridgeshire,,PE15 8UP,,,1117,0,0,670,30/09/2014,Yes - Siemens AMR Phase 2,"822031 IMDM, Tottenham, Indirect",,,0,0,0,0,85,"Site Location - From March station exit left to T junction  entrance to yard directly opposite. Proceed past Portacabins to brick built workshop on left.
Site Access - Log in with reception in Portacabins
Site Usage Notes - Supply shared with BBRM workshop
On Station road before level crossing turn right into Network Rail yard buzz in the gate follow to the bottom until you see a brick building on the left meter located on the left in steel cabinet on exterior",2025-03-04 17:30:01.0000000,Drew.Gallagher,,March MDU & GB RailFreight Depots-2310236,,,,,132221405,0,0,278,1292,1,1001,0,822031,EMP,,Eastern,Anglia,Tottenham,0,0,0,09-10-2025 09:02:04
1545,,2330302,Cross Lane Level Crossing (48B),Cross Lane,Collingham,Newark,Notts,,NG23 7NY,,,1117,0,0,671,23/10/2014,Yes - Siemens AMR Phase 2,"901031 IMDM, Derby, Indirect",,,0,0,0,0,22,"Site Location - Fom Newark on A1133 at North Collingham  turn right onto Swinderby Road. After 3/4 mile turn right onto Cross Lane. Crossing will be seen 200m away
Site Access - LT 205 & 222 for gate
Site Usage Notes - No other usage
Meter box is located in a wooden cupboard in directly to the left as you enter through the gate of the compound . There are 3 small wooden cupboards and the meter is in the middle one. There are no locks on the cupboards but are locked using scres and metal straping. the compound is across the track from the old signallers house lincoln side",2025-03-04 17:30:18.0000000,Drew.Gallagher,,Cross Lane Level Crossing (48B)-2330302,,,,,-1841696794,0,0,278,750,7,901031,0,118619,NOB1,,Eastern,East Midlands,Lincoln,0,0,0,09-10-2025 09:02:12
20120,,4141884,Willesden (WH) - Lucy Cabinet 2 NTfT (ums),Willesden Junction Stn,,,,,NW10 4UY,,,1120,0,0,666,,No - Unmetered NTfT,Yes NTfT,Off Charge,UMS,0,0,0,0,5,,2025-03-04 17:32:23.0000000,Drew.Gallagher,,,,,,,731650463,0,0,0,650,0,0,0,859031,LEC1,T,LNW,Euston,,280,0,0,09-10-2025 09:02:47
4827,,2390033,Liverpool Mercury Court (Closed),Unit 1 Ground Floor,Lancaster House,Tithebar,Liverpool,,L2 2QP,,,1092,0,0,679,,,No,,,0,0,0,0,36,,2018-07-05 13:58:16.0000000,Terry Bleasdale,,Liverpool Mercury Court-2390033,,,,,917229187,0,0,276,50,0,0,0,0,HXS2,,X-Deleted,old record,Liverpool,280,0,0,09-10-2025 09:02:21
23028,,GLC13504,239 ARGYLE STREET - ARCH," ",Glasgow,Glasgow,x,,G2 8DL,,,1126,0,0,0,,,,,,0,0,0,0,0,,2025-03-12 12:24:11.0000000,Grace.Emmence,,,,,,,336951556,0,0,1112,0,0,0,0,705220,,,Scotland Commercial Property,Glasgow," ",0,0,0,09-10-2025 09:02:52
22987,,GLC13007,125 COMMERCE STREET - ARCH," ",Glasgow,Glasgow,x,,G5 8JN,,,1126,0,0,0,,,,,,0,0,0,0,0,,2025-03-12 12:24:10.0000000,Grace.Emmence,,,,,,,-1221974562,0,0,1112,0,0,0,0,705220,,,Scotland Commercial Property,Glasgow," ",0,0,0,09-10-2025 09:02:52
13597,,4141154,Euston stn Concourse Rail Gourmet (NTfT),Euston Station,Euston Road,London,,,NW1 2RT,,,1120,0,0,666,,Yes - EDF Sub - Sub Meter,,Managed Station,NTfT,0,0,0,0,0,Sub meter off NTfT supplies,2025-03-04 17:32:19.0000000,Drew.Gallagher,,Euston Concourse Rail Gourmet-4141153,,,,,-1616076556,0,0,0,0,0,0,0,752309,LEC1,,LNW,Euston MS,,280,0,0,09-10-2025 09:02:40
9949,,E2341315,Wellington PSP,Wellington PSP,King Street,Wellington,,,TF1 3AS,,,1120,0,53,667,02/08/2012,Yes - EDF,"857031 IMDM, Sandwell & Dudley, Indirect",Delivery Units,"07/11/2017 TSB ",0,0,0,0,161,Site Location: Located in Stainless Steel Cubicle 10 metres to the right of the station car park entrance off King Street.,2025-03-04 17:31:41.0000000,Drew.Gallagher,,Wellington PSP-2341315,,,,,-2100828079,0,0,278,545,9,3002,522000,857031,WSJ2,,LNW,Central,Sandwell & Dudley,280,0,0,09-10-2025 09:02:35
23403,,,LPC Southern NHH,,,,,,,,,0,0,0,0,,,,,,0,0,0,0,0,Site set up for late payment charges received from EDF against Southern parent account,2025-11-18 11:08:27.0000000,dania.kandiah@networkrail.co.uk,,,,,,,0,0,0,0,0,0,0,0,0,,,,,,280,0,0,19-11-2025 04:00:21
10015,*,2370872,Colthrop Level Crossing (Closed),Colthrop Lane,Thatcham,Berkshire,,,RG19 4AJ,,,1092,0,0,666,25/05/2012,Yes - EDF,"895031 IMDM, Swindon, Indirect",,,0,0,0,0,48,"From Newbury Station turn right onto Cheap St, take the first turn right onto Winchcombe Rd/A339, 0.11 miles. Turn right onto Kings Rd/B3421, 1.333 miles, turn right onto London Rd/A4.  Pass through 4 roundabouts remaining on the A4. Take the 3rd exit on the roundabout onto Gables way. At roundabout take the 3rd exit onto Colthrop lane, which leads to the level crossing.",2020-06-04 13:00:40.0000000,Clare Rich,,Colthrop Level Crossing-2370872,,,,,317205242,0,0,276,1650,7,895031,0,895031,BHL,,Western,Swindon,Wbury-Newbury,280,0,0,09-10-2025 09:02:35
5462,,3674052,Lighting (Subway) - Magor,West End,Magor,Newport,Gwent,,NP26 3HY,,,1123,0,19,676,,,"894031 IMDM, Cardiff, Indirect",,,0,0,0,0,151,"Site Location - From J23  M4 go on the B4245 to Magor for ¾ mile then go right into Newport road (3rd on the right after roundabout) follow to  The Square   the West End is approx 100m south of the square on right before crossing. Continue to sub-way & lamp post.
Site Access - Area is very overgrown.
Site Usage Notes - No other usage.
Unmetered electrical supply",2025-03-04 17:34:22.0000000,Drew.Gallagher,,Magor Subway Light-3674052,,,,,1535767482,0,0,278,806,0,894031,0,894031,SWM2,,Wales & Western,Wales,Cardiff,280,51.57838,-2.837769,09-10-2025 09:02:24
11995,,2361000,GSMR - Mountfield Tunnel (2230),Trackside  off unnamed road,off Bishops Lane Near Browns Bridge,Robertsbridge,East Sussex,,TN32 5ED,,,1122,0,0,677,,Yes - UPL,"113658 IMDM, Orpington, Indirect",,,0,0,0,0,50,"Site Directions: From Robertsbridge railway Station:
West on Station Road 440m to junction with Brightling Road/ Bishops Lane.    
Sharp left onto Bishop's Lane for 412m passing under rail bridge, further 88m take first right and follow unnamed road for 424m to track on left.
Follow track for 340m doubling back along railway to site.    
Site Access: Temporary Combi Lock set to site ID- 2230",2025-07-30 10:55:27.0000000,George.Murray@networkrail.co.uk,,Mountfield Tunnel GSM-R (2230)-2361000,,,,,839925963,0,0,278,231,6,113658,0,113671,TTH," ",Southern,Kent,Orpington,280,0,0,09-10-2025 09:02:38
6905,,E6615305,Oxley Stafford Road Junction Points Heating,off Gorsebrook Road,Oxley,Wolverhamton,,,WV10 6JD,,,1120,0,20,667,15/08/2011,Yes - EDF Phase 1,"857031 IMDM, Sandwell & Dudley, Indirect",Delivery Units,16/12/2019 TSB,0,0,0,0,1,"Site Location - Follow the M6 to Junct. No 10A and turn onto the M54 for Telford. Continue to Junct.2 and turn onto the A449 Rd for Wolverhampton. Follow the road over the canal to the roundabout and turn into Gorsebrook Rd. Continue under the bridge and turn left.
Site Access - Turn left off Gorsebrook Rd after the viaduct into Duntonhill Ind estate  and continue up the road to the top of the embankment
Site Usage Notes - Point Heating - 2No Point Ends 5M Strips - Network Rail",2025-03-04 17:31:35.0000000,Drew.Gallagher,,Stafford Road Junction Points Heating-6615305,,,,,-2032429603,0,0,278,42,5,857031,522000,857031,OXC,,LNW,Central,Sandwell & Dudley,280,0,0,09-10-2025 09:02:27
9778,,W2352320,MDU (+) - Yoker IECC - [SC] (Water),Matthew House,55 Dyke Road,Glasgow,,,G14 0LY,,,1121,0,34,680,,,Yes,,,0,0,0,0,1,"derived from TOC Yoker Depot water supply; 
NR use:  IECC, Yoker S&T cabin,",2025-03-04 17:32:59.0000000,Drew.Gallagher,,Yoker Signalling Centre (water)-2352320,,,,,440370674,0,0,278,1740,0,0,0,863031,YKR,,Scotland's Railway - Scotland,Delivery Units,Glasgow DU,280,0,0,09-10-2025 09:02:35
5379,,3474007,Level Crossing + - Hele & Bradninch AHB,Station Road,Hele,Devon,,,EX5 4PW,,,1123,0,8,0,19/08/2011,Yes - EDF Phase 1,"892031 IMDM, Plymouth, Indirect",,,0,0,0,0,185,"Site Location -  M5 Jct 28 take B3181 through Collumpton follow B3181 to Hele Turn RIGHT off the B3181 pass under the motorway to crossing near Mill
Site Access - BRW. Cliplock keys
Site Usage Notes - Also supplies relay room.  Meter reading 16/03/01 :- 66765.            Meter Reading 19/09/2007 75912",2025-03-04 17:34:21.0000000,Drew.Gallagher,,Hele & Bradninch AHB Level Crossing-3474007,,,,,956975690,0,0,278,902,7,892031,0,892031,MLN1,,Wales & Western,Western,West,280,50.81157,-3.42712,09-10-2025 09:02:24
4225,,2370038,Ledbury The Knapp (Old Agreement),The Homend,,Ledbury,,,HR8 1AP,,,1120,0,0,667,,,Yes,,,0,0,0,0,136,"Site Location - From J2  M50 take A417 & A438 to Ledbury.  Go through town to station  the Homend is adjacent station.
Site Access - None.
Site Usage Notes - No other usage.",2025-03-04 17:32:20.0000000,Drew.Gallagher,,Ledbury The Knapp (Old Agreement)-2370038,,,,,1075705308,0,0,0,198,0,0,0,856031,WAH,,LNW,Saltley,,280,0,0,09-10-2025 09:02:19
9336,,E2341202,Neasden South Junction Points Heating & GSMR 0104,Neasden South Junction,Great Central Way,London,,,NW10 0UR,,,1120,0,20,666,01/09/2022,Yes SMS,"856031 IMDM, Saltley, Indirect",Delivery Units,01/09/2022 TSB,0,0,0,0,6,"Exit A406 (North Circular Rd) onto Great Central Way. The supply cubicle is located in the boundary fence line to the right prior to going back under the North Circular over - bridge, opposite entrance to Iron Bridge Close.  
Meter Location: Located within the supply section of the GRP cubicle  as mentioned above. CT metered
MEx 01/09/2022",2025-03-04 17:31:26.0000000,Drew.Gallagher,,Neasden South Junction Points Heating-2341202,,,,,1293129657,0,0,278,889,5,3001,0,856031,NAJ1," ",LNW,Central,Saltley,280,0,0,09-10-2025 09:02:32
3468,,E2352232,zzz - NRN - Blackcastle Hill - old record -,,,,,,EH42 1xx,,,1121,0,37,672,,,No,,,0,0,0,0,0,[NRN system switched off end dec15],2025-03-04 17:32:59.0000000,Drew.Gallagher,,Blackcastle Hill NRN Transmitter-2352232,,,,,1294214703,0,0,276,0,0,0,0,0,," ",Scotland's Railway - Scotland,Delivery Units,Edinburgh DU,280,0,0,09-10-2025 09:02:18
19530,,7406029,Norton-on-Tees East Signal Box (Water),Kew Gardens,Norton,Stockton-on-Tees,Cleveland,,TS20 1QE,,,1117,0,0,669,,,Yes,,,0,0,0,0,0,,2025-03-04 17:31:11.0000000,Drew.Gallagher,,Norton-on-Tees East Signal Box (Water)-7406029,,,,,-1836820835,0,0,0,0,0,0,0,118613,,,Eastern,North & East,Middlesbrough,0,0,0,09-10-2025 09:02:47
6279,,5798005,LC - Chicksgrove Now 2360380  CLOSED,The Bessant,Neville Partnership,Lower Chicks GroveTisbury,Salisbury Wiltshire,,SP3 6LY,,,1092,0,0,676,,,No,,,0,0,0,0,0,"Site Location - Exit Tisbury Station turn left under rail bridge  in approx 1 1/4 mile take 1st left keep going under  rail bridge until end of road turn right  take right fork until you come to Tisbury Quarry entrance sign turn right down dirt road.
Site Access - None
Site Usage Notes - No other usages  Disconnected 27/3/03
The MPAN 2000027268675 is not in ECOES @ 27/8/20

now 2360380

",2025-07-31 13:00:22.0000000,George.Murray@networkrail.co.uk,,Chicksgrove Level Crossing NOW RTE 2360380-5798005,,,,,-1835358004,0,0,276,0,7,0,0,0,0,,Southern,Wessex,Outer,280,0,0,09-10-2025 09:02:24
5115,,E2880002,Brewery Junction Point Heating,Monsall Road,Newton Heath,Manchester,,,M40 8WN,,,1120,0,20,679,30/11/2011,Yes - EDF Phase 1,"854031 IMDM, Manchester, Indirect",Delivery Units,18/07/2019 TSB,0,0,0,0,1,"Site Location - From Manchester follow the A62 Oldham Road and turn left into Monsall Road. Continue turn left into Emmit Street East and through the access gate up to the trackside
Site Access - From the access gate  walk past the R.E.B and across the track to the opposite side of the bridge
Site Usage Notes - R.E.B.   -  Network Rail",2025-03-04 17:31:45.0000000,Drew.Gallagher,,Brewery Junction Point Heating-2880002,,,,,-1589101569,0,0,278,1362,5,854031,0,854031,MPR1,,LNW,North West,Manchester,280,0,0,09-10-2025 09:02:21
20020,,4141801,NTfT - Victoria Station standby F3925 (ums),Sutherland Street,Victoria,London,,,SW1V 4AU,,,1122,0,0,666,,No - Unmetered NTfT,Yes NTfT,,,0,0,0,0,0,,2025-07-30 10:55:44.0000000,George.Murray@networkrail.co.uk,,,,,,,-801110255,0,0,0,800,11,0,0,113671,VIR,U,Southern,Sussex,Croydon,280,0,0,09-10-2025 09:02:47
4229,*,2370042,Clunderwen (Closed),Off Charge from ATW,,,,,,,,1092,0,0,0,,,No,,,0,0,0,0,264,,2020-06-04 11:21:56.0000000,Adam De Benedictis,,Clunderwen-2370042,,,,,1321781809,0,0,276,484,0,0,0,0,SWM2,,Wales,Cardiff,Swansea-Haverfordwest,280,0,0,09-10-2025 09:02:19
6446,,5965066,SS - Ewell East (Closed),Cheam Road,Ewell,Surrey,,,KT17 1QR,,,1092,0,0,666,,,No,,,0,0,0,0,17,"Site Location - Exit Ewell East Station right into Station Approach Sub Station on right on corner with Cheam Road.
Site Access - Abloy key for compound gate. Sub Station key for meter access.
Site Usage Notes - Signal Supply.

LAST BILL 27 FEB 2008
MPAN NOT IN ECOES AS @ 20 JUNE 2020",2025-07-31 13:00:31.0000000,George.Murray@networkrail.co.uk,,Ewell East Substation-5965066,,,,,-1626043051,0,0,276,529,11,0,0,0,BTH3,,Southern,Wessex,Inner,280,0,0,09-10-2025 09:02:27
3624,,2360124,"TOC - Raynes Park Downside RR  ",Raynes Park Station,,London,,,SW20 0JY,,,1122,0,0,666,,,No,,,0,0,0,0,8,"Site Location - Raynes Park Station.
Site Usage Notes - Station (SWT). Relay Room (RT).

7000 KWH PA",2025-07-31 13:00:37.0000000,George.Murray@networkrail.co.uk,,Raynes Park Downside Relay Room-2360124,,,,,1045312643,0,0,278,1163,3,0,0,113671,BML1,,Southern,Wessex,Inner,280,0,0,09-10-2025 09:02:19
22959,,CCT03501,34/34A CLARKSTON ROAD-PREMISES," ",Glasgow,Glasgow,x,,G44 3QJ,,,1126,0,0,0,,,,,,0,0,0,0,0,,2025-03-12 12:24:12.0000000,Grace.Emmence,,,,,,,-1790256457,0,0,1112,0,0,0,0,705220,,,Scotland Commercial Property,Glasgow," ",0,0,0,09-10-2025 09:02:52
13573,*,4141129,Sittingbourne Signalling2 F1008 NTfT,Off Elm Grove,,Sittingbourne,,,ME10 2LU,,,1092,0,0,0,,Yes - EDF Sub Meter,Yes NTfT,,,0,0,0,0,45,,2021-01-13 09:36:59.0000000,Rachel.Fisch,,Sittingbourne Sub Supply 2-4141129,,,,,-1591478335,0,0,0,1207,3,0,0,113658,VIR,U,Southern,Kent,Ashford,280,0,0,09-10-2025 09:02:40
6837,,E6615168,Aynho Points Heating & FTN AYNC,Station Road,Aynho,Oxfordshire,,,OX17 3BP,,,1120,0,50,666,14/08/2014,Yes - Siemens AMR Phase 2,"856031 IMDM, Saltley, Indirect",Delivery Units,27/08/2024 TSB,0,0,0,0,17,"Site Location - from Aynho follow sign to Deddington  park on left before bridge . meter in Green GRP cabinet in fenceline by bridge 
Site Usage Notes - points heating & radio cabin(mast)   and FTN node AYNC    
Supply and meter relocated by WPD on 28/6/14 into new GRP cabinet from old P Way buildings
",2025-03-19 14:38:31.0000000,Terry Bleasdale,,Aynho Points Heating CSRFTN (AYNC)-6615168,,,,,1834364779,0,0,278,968,5,856031,0,856031,NAJ3," ",LNW,Central,Saltley,280,0,0,09-10-2025 09:02:27
5091,,E2823002,Chinley East Junction Point Heating,Wash,Chapel-en-le-Frith,High Peak,Derbyshire,,SK23 0QW,,,1120,0,20,667,10/11/2011,Yes - EDF Phase 1,"854031 IMDM, Manchester, Indirect",Delivery Units,01/05/2019 TSB,0,0,0,0,173,"Site Location - From Chinley Signal Box continue towards Chapel-en-le-Frith and turn left under the rail bridge continue under the second bridge and follow the road to Wash
Site Access - Access from Wash and follow the public footpath up the field to footbridge No. 67

SIM Swap 19/10/2016 - failed
SIM Swap 14/01/2019 - failed
MEx & Ext ariel  01/05/2019 ",2025-03-04 17:31:45.0000000,Drew.Gallagher,,Chinley East Junction Point Heaters-2823002,,,,,456116644,0,0,278,938,5,854031,0,854031,MAS,,LNW,North West,Manchester,280,0,0,09-10-2025 09:02:21
1323,,2329024,Stonebridge Park MDU water ONCHARGE,,,,,,,,,1120,0,0,0,,,Yes,,,0,0,0,0,0,,2025-03-04 17:32:22.0000000,Drew.Gallagher,,Stonebridge Park MDU-2329024,,,,,1914574598,0,0,0,0,0,0,0,0,0,,LNW,Euston,,280,0,0,09-10-2025 09:02:12
3567,,2360055,REB(+) - Isington TP Hut & Bearer REB,Public footpath opp. Newton Bungalow,"adj Network Rail Bridge 20/36, Isington Road",Alton,Hampshire,,GU34 4PN,,,1122,0,0,0,30/09/2014,Yes - Siemens AMR Phase 2,"882031 IMDM, Woking, Indirect",,25th April 2017,0,0,0,0,45,"HOW TO GET THERE
Site Location - From Bentley Station  left into Station Road  then right and left into
 Isington Road &  take public footpath on left opposite Newton Bungalow (before 
turning to Isington Lane)  continue to rail bridge. Path is gated - so close it.
Proceed to rail bridge.

METER LOCATION
Cabinet is at the bridge on the left.  It is bridge number PAA2 20/36

NOTES
Site Access - CCC2 key for cabinet.  Opens out on to the lane.
Site Usage Notes - TP Hut and REB Bearer Network (unnumbered Sub Meter is for the TPH). Only the Blue phase is being used.
WHOLE CURRENT, three phase, 415v
Path is gated - so close it.

PARKING
Very narrow lane but there are a few verges close by",2025-07-30 10:55:54.0000000,George.Murray@networkrail.co.uk,,Isington TP Hut-2360055,,,,,1689289109,0,0,278,576,8,882031,0,113671,PAA2,,Southern,Wessex,Inner,280,51.1754,-0.88987,09-10-2025 09:02:18
6241,,5685001,TP Hut - St Johns - CLOSED,St Johns Road Lye,Hook Heath,Woking,Surrey,,GU21 7SG,,,1092,0,0,666,,No,"882031 IMDM, Woking, Indirect",,,0,0,0,0,26,"Site Location - Take A324 out of Woking towards Brookwood  left into Parley Drive then right into St Johns Road Lye  on left go down dirt road by playground to footbridge over tracks.
Site Access - CCC2 key for cabinet.
Site Usage Notes - TP Hut.
Supply redundant waaiting removal - see attached pictures
Directions from St. John's Lane in St Johns village.
At end of St Johns rd is a roundabout.  Warwick Lane is straight over it.  Do not go there but turn right instead.  After a short distance on the left is a path called St Johns Lye.  Do not take tis lane -take the unnamed left hand lane instead.  It is a very narrow put road.  Proceed to f/b.
Go over the f/b and immediately on the right is a style,  go over it and cabinet is in frenceline on right,

PARKING - in the golf course or in the roads around it; not on footpath.

DE-ENERGISED 11'3'2015
METER REMOVED 10/3/2015",2025-07-31 13:00:40.0000000,George.Murray@networkrail.co.uk,,St Johns TP Hut - CLOSED-5685001,,,,,1992177871,0,0,276,341,8,882031,522000,113671,BML1,,Southern,Wessex,Inner,280,51.30818,-0.594083,09-10-2025 09:02:24
21955,,5000210,Depot - Norwood Cable Yard (Non-AMR),19-21 Penge Road,,London,,,SE25 4EJ,,5000213,1122,0,0,0,,,,,07/07/2021,0,0,0,0,9,"TRANSPORT: Car SITE DIRECTIONS: From  METER LOCATION: Brick Built cupboard in compound. SITE NOTES: Site is used as storage for Track materials.( Pway). KEYS REQUIRED:  METER TYPE: WC CONTACT:  MAP REFS: ELR_ BJN2- 9 m. 1385 y.  OS REF: TQ-34281,68787. LAT: 51.402232 - LONG: 0.070958 EASTINGS: 534281 - NORTHINGS: 168787
",2025-07-30 10:55:20.0000000,George.Murray@networkrail.co.uk,,,,,,,404763555,0,0,278,1385,10,0,0,113671,BJN2,,Southern,Sussex,Croydon,280,51.40223,0.070958,09-10-2025 09:02:49
9156,,4249104,GSMR - Farnborough (Stewart Lane) -SULA,Network Rail Bridge No. 2/103,Rectory Road,Farnborough,Hampshire,,GU14 8AJ,,,1122,0,0,0,26/01/2011,Yes - UPL,"882031 IMDM, Woking, Indirect",,9th August 2018,0,0,0,0,32,"HOW TO GET THERE
Exit Farnborough Station on the platform 2 DOWN side into the approach road and turn left into Union Street.  Go to the roundabout and turn right into the A325.  Proceed to the next roundabout and turn left into Rectory Road.
Follow this road almost to a Railway overbridge.  Before reaching it turn left into a mettalled access road onto some common ground.

METER LOCATION
It is the middle of three meter cabinets in the Railway fenceline adjacent the common ground.

PARKING
At the meter cabinets on tarmac.

NOTES
GSMR only, CCC2 key
Near bridge 2/103
WHOLE CURRENT, single phase, 230v
Agreed capacity 7.5 kVA
",2025-07-30 10:55:25.0000000,George.Murray@networkrail.co.uk,,Farnborough (Stewart Lane)  GSM-R site  SULA-4249104,,,,,917043728,0,0,278,880,6,882031,0,113671,BML1," ",Southern,Wessex,Outer,280,51.29857,-0.741755,09-10-2025 09:02:32
8869,,W2381261,Managed Station - Glasgow Central Station (Train Tanking) (Water),Broomielaw,[access via Gordon Street,station entrance],Glasgow,Scotland,G1 3SL,,,1121,0,59,680,,,Yes,,,0,0,0,0,102,Proceed down  exit ramp  from short stay car park (between platforms 11 & 12)  straight ahead at roller shutter (roadway turns right to exit onto Hope Street) and meter on left hand side immediately before gates onto Broomielaw (normally padlocked shut),2025-03-04 17:32:25.0000000,Drew.Gallagher,Utilities Scotland <UtilitiesScotland@networkrail.co.uk>,Glasgow Central stn (water2) train tanking-2381261,,,,,1943641562,0,0,278,2,0,0,0,752409,WCM2,,Scotland's Railway - Scotland,Managed Stations,Glasgow Central Station,280,0,0,09-10-2025 09:02:32
8571,,2370715,Points Heating < + - Taunton Station West,Taunton Station,Down Side Carpark,Taunton,Somerset,,TA1 1QP,,,1123,0,20,676,,,No,,,0,0,0,0,163,"This supply is fed from the railway station supply owned by FGW.
The points heating supply is sub metered, sub msn 9802296. The sub meter is in an enclosure the cover is accessed by two screws and located in the same switch room as the main incommer meter.
The switch room is on the RHS at the main road end of the DOWN SIDEstation carpark, access is by a BRW key.
Sub msn 9802296 reading on 28/04/2010 - 198351",2025-03-04 17:34:29.0000000,Drew.Gallagher,,Taunton Station West Points Heating & Relay Room-2370715,,,,,-456507301,0,0,278,264,9,0,0,892031,MLN1,,Wales & Western,Western,West,280,51.02311,-3.10353,09-10-2025 09:02:32
21703,,2371143,Points Heating - Bonnington Walk,Bonnington Walk,,Bristol,,,BS7 0EA,,,1123,0,20,0,,,,,,0,0,0,0,0,"Site south of Filton Abbey Wood Station off Filton Ave.  Access is from the public highway from Bonnington Walk (Road).
Locking Key Type	BR-W				
",2025-03-04 17:34:24.0000000,Drew.Gallagher,,Bonnington Walk - Points Heating,,,,,-1943212317,0,0,278,0,0,0,0,890031,BSW,,Wales & Western,Western,Central,280,51.49527,-2.569285,09-10-2025 09:02:49
18727,,4142908,CRH - Woldingham Up Road CRH1 (01702-S-02),Woldingham,,Surrey,,,CR3 7LT,,,1122,0,0,666,,Yes - EMig Con Rail Sub Meter,Yes NTfT,,,0,0,0,0,17,,2025-07-31 13:00:18.0000000,George.Murray@networkrail.co.uk,,Woldingham Up Road CRH1 (01702-S-02)-4142908,,,,,1094064416,0,0,278,44,14,0,0,113671,SCU1,U,Southern,Sussex,Croydon,280,0,0,09-10-2025 09:02:47
8636,,E2341114,Danzey GSM-R 3197,Danzey Green Lane,,Danzey Green,Tamworth,,B94 5BD,,,1120,0,36,667,02/07/2010,Yes - UPL,"856031 IMDM, Saltley, Indirect",Delivery Units,17/03/2020 TSB,0,0,0,0,10,cabinet aat side of access road way to farm after passing over railway bridge after Danzey stsation,2025-03-04 17:31:41.0000000,Drew.Gallagher,,Danzey GSM-R 3197-2341114,,,,,2055230612,0,0,278,1174,6,856031,0,856031,TSB," ",LNW,Central,Saltley,280,0,0,09-10-2025 09:02:32
399,,1904013,Manton Junction Signalling Supply Point,Manton,Oakham,Leicestershire,,,LE15 8ST,,,1117,0,0,667,,,"900031 IMDM, Bedford, Indirect",,,0,0,0,0,0,"Site Location - from Oakham towards Uppingham on A6003  under railway bridge  turn left up hill on dual carriageway to Manton 2nd right to Wing down hill turn left (triangular grass junction) follow track past water tower under bridge thro  gates & all way thro   yard.
Site Access - thro  yard of Manton Engineering to signalbox  ssp. reb points & tunnel entrance.221 for gate.
Site Usage Notes - SSP & signalbox & points heating.",2025-03-04 17:30:17.0000000,Drew.Gallagher,,Manton Junction Signalling Supply Point-1904013,,,,,-745755510,0,0,278,170,3,900031,0,118618,PMJ,,Eastern,East Midlands,Derby,0,0,0,09-10-2025 09:02:04
7495,,7972005,Grangetown (Tees) Signal Box (Closed),off Teesport Road,Grangetown,Middlesborough,Cleveland,,TS6 6UE,,,1092,0,0,669,29/11/2011,Yes - UPL,"846031 IMDM, Newcastle, Indirect",,,0,0,0,0,18,"Site Location - A66(T) to r'abt A1053, exit signed 'Teesport' onto Tees Dock Road, follow 1.2kms and SB conspic on l.h.s. (over railway); park in lay-by then walk over 'pipe bridge', thru' gate and across authorised walking route to Signal Box
Site Access -  cross line via signal box AWR then along down cess
Site Usage Notes - Signal Box   TP Cabin EW&S   point heating
GSMR Site - 4210

Meter Removed 18 Sep 2018   

Disconnected 28 Jan 2019.

MT - Final invoice confirmed generated by npower 10/02/2025
",2025-02-12 16:40:15.0000000,matt.titley@networkrail.co.uk,,Grangetown (Tees) Signal Box-7972005,,,,,1520451049,0,0,276,1400,4,2002,0,118613,DSN2," ",Eastern,North & East,Middlesbrough,280,0,0,09-10-2025 09:02:30
23082,,GLC89507,FLAT 1/2 455 EGLINTON STREET," ",Glasgow,Glasgow,x,,G5 9RU,,,1126,0,0,0,,,,,,0,0,0,0,0,,2025-03-12 12:24:16.0000000,Grace.Emmence,,,,,,,1073361215,0,0,994,0,0,0,0,705220,,,Scotland Commercial Property,Glasgow," ",0,0,0,09-10-2025 09:02:52
9634,,2310464,Wherstead Road GSM-R (3103),Under track crossing off A137,Ipswich,Suffolk,,,IP2 8NG,,,1117,0,0,670,13/10/2011,Yes - UPL,"820031 IMDM, Ipswich, Indirect",,,0,0,0,0,67,"From Ipswich railway Station: Exit right onto Burrell Road to junction with Vernon Street. Turn right to roundabout; take third exit onto Hawes Street becoming Wherstead Road. After 1.8km take 2nd exit on Wherstead roundabout, signposted Manningtree A137. After a further 255m look out for an unsigned unmettled track on right. Meter cubicle located on right within entrance to this track. ",2025-03-04 17:30:09.0000000,Drew.Gallagher,,Wherstead Road GSM-R (3103)-2310464,,,,,2055956980,0,0,278,485,6,820031,522000,820031,LTN1," ",Eastern,Anglia,Ipswich,0,0,0,09-10-2025 09:02:35
20029,*,4141810,Whyteleafe South Signalling2 NTfT (ums),Whyteleafe South Stn Up Platform,Godstone Road,Whyteleafe,,,CR3 0BD,,,1092,0,0,666,,No - Unmetered NTfT,Yes NTfT,,,0,0,0,0,18,,2021-01-13 11:57:01.0000000,Rachel.Fisch,,,,,,,1024027111,0,0,0,400,3,0,0,113658,PAT,U,Southern,Sussex,Croydon,280,0,0,09-10-2025 09:02:47
9639,,E2341256,Birkett GSM-R 9614,Wharton,Kirkby Stephen,Cumbria,,,CA17 4LQ,,,1120,0,36,681,30/11/2011,Yes - UPL,"851031 IMDM, Carlisle, Indirect",Delivery Units,10/07/2017 TSB,0,0,0,0,265,"follow wharton Lane under teh railway viaduct and keep right past teh guard dogs follow road for about 800 yards to a crossroads then follow the stone trackway on teh RHS upto the rail overbridge. meter cubcilke is on the LHS just before bridge
",2025-03-04 17:31:56.0000000,Drew.Gallagher,,Birkett GSM-R 9614-2341256,,,,,2062182663,0,0,278,613,6,851031,0,851031,SAC," ",LNW,North West,Carlisle,280,0,0,09-10-2025 09:02:35
1396,,2330103,Colton South  Colton Bridge  Point Heating,Colton Bridge,Appleton Rebuck,Colton,York,,YO23 7DU,,,1117,0,0,674,25/11/2011,Yes - EDF Phase 1,"848031 IMDM, York, Indirect",,,0,0,0,0,6,"Site Location - Take A64 out of York towards Leeds  8 km turn left for Colton  carry straight on towards Appleton Roebuck  after first bridge park on left. Walk down bank beside fencelin or down field path to cubicle.
Site Access - Key RKB221 or MMD/C
Site Usage Notes - Point Heating RT",2025-03-04 17:30:51.0000000,Drew.Gallagher,,Colton South  Colton Bridge  Point Heating-2330103,,,,,-2083679658,0,0,278,450,5,2002,0,118615,NOC,,Eastern,North & East,York,0,0,0,09-10-2025 09:02:12
2960,,E2350191,PH - Haymarket East Junction (DK1),Easter Dalry Place,,Edinburgh,,Scotland,EH11 2TP,,,1121,0,20,672,25/10/2007,Yes - SP Metering (Dataserve),"860031 IMDM, Edinburgh, Indirect",,,0,0,0,0,45,"Site Location - from Dalry Road turn north into Easter Dalry Road  100m and TR onto Easter Dalry Wynd  80m then TL onto Easter Dalry place and 50m ahead to dropped kerbing  thence turn left (on foot) and approx.120m to cabinet on r.h.s. boundary line
Site Access - direct from rough ground at rear of new housing development (site of former distillery)
Site Usage Notes - via CC1; 7 ends - total heating load = 31.2kW",2025-03-04 17:32:28.0000000,Drew.Gallagher,Utilities Scotland <UtilitiesScotland@networkrail.co.uk>,Haymarket DK1 East Jn PH-2350191,,,,,937534116,0,0,278,1600,5,860031,0,860031,EGM2,,Scotland's Railway - Scotland,Delivery Units,Edinburgh DU,280,0,0,09-10-2025 09:02:16
23144,,RUT04101,447 EGLINTON STREET- SHOP," ",Glasgow,Glasgow,x,,G5 9RU,,,1126,0,0,0,,,,,,0,0,0,0,0,,2025-03-12 12:24:12.0000000,Grace.Emmence,,,,,,,1555901532,0,0,1113,0,0,0,0,705220,,,Scotland Commercial Property,Glasgow," ",0,0,0,09-10-2025 09:02:52
5867,,5187006,PH - Maidstone East CE,Vinters Road,,Maidstone,Kent,,ME14 5DX,,,1122,0,0,0,05/04/2011,Yes - EDF Phase 1,"113658 IMDM, Ashford, Indirect",,22/11/2018,0,0,0,0,40,"TRANSPORT: Car 
SITE DIRECTIONS: From Maidstone East Station: Turn left into Sandling Road and right at the roundabout into Bolley Road   right into Well Road  then into Holland Road.  At the traffic lights turn right into Sittingbourne Road and then  into Vinters Road. METER LOCATION: Meter cabinet located at end of vinters road by bridge. 
SITE NOTES:  
KEYS REQUIRED: CCC2 
METER TYPE: WC 
CONTACT: 
",2025-07-30 10:55:48.0000000,George.Murray@networkrail.co.uk,,Maidstone East Country End Points Heating-5187006,,,,,-1371055641,0,0,278,901,5,113658,0,113671,SBJ,,Southern,Kent,Ashford,280,51.2757,0.531727,09-10-2025 09:02:24
17976,,4142157,CRH - Charing Cross Up Fast CRH1 (00028-K-01),Charing Cross Station,,London,,,WC2N 5HF,,,1122,0,0,666,,Yes - EMig Con Rail Sub Meter,Yes NTfT,,,0,0,0,0,0,,2025-07-30 10:55:05.0000000,George.Murray@networkrail.co.uk,,Charing Cross Up Fast CRH1 (00028-K-01)-4142157,,,,,1086110620,0,0,278,616,14,0,0,113671,XTD,U,Southern,Kent,London Bridge,280,0,0,09-10-2025 09:02:44
22891,,PYG08401,38 GILMOUR STREET INCLUDED IN 90414/4013," ",Paisley,Paisley,x,,PA3 2AL,,,1126,0,0,0,,,,,,0,0,0,0,0,,2025-03-12 12:24:12.0000000,Grace.Emmence,,,,,,,984676070,0,0,1112,0,0,0,0,705210,,,Scotland Commercial Property,Scotland,Retail/storage space,0,0,0,09-10-2025 09:02:52
22237,,E2341752,Stoke on Trent NW Yard MDU,Stoke Road,,Stoke,,,ST4 2RW,,,1120,0,0,0,17/11/2022,YES SMS,,,15/01/2025 TSB,0,0,0,0,19,"meter in utility room at back of building 600/5 ct
Gate Code 1640
meter installed 17/11/2022
IPort Modem 12132 
200 amp fuses 600/5 ct
meter found running in reverse 15/05/2024
S1-S2 corrected 30/05/2024",2025-03-04 17:31:43.0000000,Drew.Gallagher,,Stoke on Trent NW Yard MDU,,,,,1067629451,0,0,278,1055,0,0,0,858031,CMD2,,LNW,WCS,Stafford,280,0,0,09-10-2025 09:02:52
7939,,9397001,Cawburn Jn PH (UH sent 10/3/08) (Closed),Roman Camp Cottages,Broxburn,West Lothian,,,EH52 2PJ,,,1092,0,0,680,,,No,,,0,0,0,0,31,"Site Location - B8046 in Pumpherston turn east minor road for Drumshoreland; follow 2.5kms to xrds  TL 250m then fork left (before UB) and follow 1.5kms (passing site of old stn on r.h.s) to gate at start of farm track (unmetalled) [railway line on r.h.s]
Site Access - direct from single track roadway   dual locked: PS1 / DNO  E
Site Usage Notes - PH via CC A",2018-03-26 11:24:53.3230000,Andrew Vickers,,Cawburn Jn PH (UH sent 10308)-9397001,,,,,1763269465,0,0,276,1370,0,0,0,0,NBE,,X-Deleted,Old Record,,280,0,0,09-10-2025 09:02:30
5195,,3115019,Level Crossing - Sandy Lane AHB,Sandy Lane,Yarnton,Kidlington,Oxford,,OX5 1QJ,,,1123,0,8,666,10/01/2012,Yes - EDF Phase 1,"895031 IMDM, Swindon, Indirect",,,0,0,0,0,67,"Site Location - From J13  M4 take A34 towards Bicester then A44 to Yarnton, 1.81 miles.  At roundabout in village take right turn into Sandy Lane & proceed to crossing, meter located track side on the left.
Site Usage Notes - No other user
",2025-03-04 17:34:20.0000000,Drew.Gallagher,,Sandy Lane AHB Level Crossing-3115019,,,,,-1177222378,0,0,278,1754,7,895031,522000,890031,DCL,,Wales & Western,Western,Central,280,51.81488,-1.297491,09-10-2025 09:02:21
4968,,E2540112,Balshaw Lane Junction Point Heating & MOSS,German Lane,Charnock Richard,Chorley,Lancashire,,PR7 5NE,,,1120,0,20,679,16/06/2014,Yes - Siemens AMR Phase 2,"851031 IMDM, Carlisle, Indirect",Delivery Units,09/05/2019 TSB,0,0,0,0,14,"Site Location - From Wigan follow the A49 Road through Standish nd turn right into German Lane just before entering Euxton. Follow the road and turn right into Lucas Avenue and continue to site
Site Access - Access from the approach road and through the boundary fence
site is located on german lane, through a green access gate leading to the track in a steel cab

Ariel externalised 09/05/2019",2025-03-04 17:31:46.0000000,Drew.Gallagher,,Balshaw Lane Junction Point Heating-2540112,,,,,1197525696,0,0,278,764,5,851031,0,851031,CGJ5,,LNW,North West,Preston,280,0,0,09-10-2025 09:02:21
906,,2310250,March MDU Depot supply for storage units,Down Yard,Station Road,March,Cambridgeshire,,PE15 8NZ,,,1117,0,0,670,13/09/2011,Yes - EDF Phase 1,"822031 IMDM, Tottenham, Indirect",,,0,0,0,0,85,Site Location - From March Station main exit to Station Road. Yard gates opposite,2025-03-04 17:30:06.0000000,Drew.Gallagher,,March MDU Depot supply for storage units-2310250,,,,,1410801532,0,0,278,1292,1,1001,0,822031,EMP,,Eastern,Anglia,Tottenham,0,0,0,09-10-2025 09:02:04
177,,1342003,Hockley Road CCTV Crossing,Hockley Road,Uttoxeter,Staffordshire,,,ST14 8DF,,,1117,0,0,667,10/07/2011,Yes - EDF Phase 1,"901031 IMDM, Derby, Indirect",,,0,0,0,0,15,"Site Location - A518 from Stafford to Uttoxeter  in Uttoxeter follow road to town centre  park on left before crossing.
what3words ///grinning.overgrown.pill
Site Access - RC 27
Site Usage Notes - Also feeds Relay Room and other Signalling Apparatus. 

DNO is in Y0 corner down the public path running parralel to the railway.
Parking available in public layby opposite Toll Gate Close

",2025-11-26 08:34:07.0000000,rob.dickinson@networkrail.co.uk,,Hockley Road CCTV Crossing-1342003,,,,,0,0,0,278,1340,7,901031,0,118619,NSS,,Eastern,East Midlands,Derby,280,0,0,27-11-2025 04:00:33
4240,,2370054,Points Heating - North Somerset Junction,Cole Road,Off Feeder Road,Bristol,,,BS2 0UG,,,1123,0,20,676,10/05/2012,Yes - EDF Phase 1,"890031 IMDM, Bristol, Indirect",,,0,0,0,0,117,"Site Location - M4 Jct 19 take M32 A4034 & B4044 to Temple Meads pass Temple meads and take next left Cattle Market road under railway along Feeder Road. Just after elevated road turn right into Cole Road and railway access gate is on LHS
Site Access - Cliplock & BRW keys
Site Usage Notes - Also supplies relay room on other side of line.  Meter reading           27/09/2007 rt1 079327  rt2 079821  rt3 103599  kvarh 104083    31/10/2007 rt1 079561  rt2 080036  rt3 103867  kvarh 105084",2025-03-04 17:34:26.0000000,Drew.Gallagher,,North Somerset Junction Points Heating-2370054,,,,,-1536508254,0,0,278,1012,5,890031,0,890031,MLN1,,Wales & Western,Western,Central,0,51.45081,-2.564673,09-10-2025 09:02:19
6924,,6634001,Penistone Station point heating + PF lighting,off Sheffield Road,Penistone,Sheffield,,,S36 6HP,,,1117,0,0,671,,No,"847031 IMDM, Sheffield, Indirect",,1/10/2015  TP-RE,0,0,0,0,13,"directions: M1 J37, exit A628 <west> signed Manchester; follow to Penistone and 'Barnsley Road', TL <south> onto B6462 'Bridge Street' , continue up hill and TL immediately after church (on l.h.s.) leading to Sheffield Road and station access road on r.h.s. immediately through rail bridge.
meter location - switchroom adjacent to Lavender International main building; key held at main Reception
Site Usage Notes - point heating (3 ends: renumbered 3220, 3221a/b), PF ltg (20no.lamps) waiting shelter (2 of) ltg+htg, CIS + CCTV
",2025-03-04 17:30:53.0000000,Drew.Gallagher,,Penistone Station point heating + PF lighting-6634001,,,,,-1353947903,0,0,278,790,10,2001,0,118614,PEH,,Eastern,North & East,Sheffield,280,53.52561,-1.623112,09-10-2025 09:02:27
18052,,4142233,CRH - Dover Siding 3 CRH1 (07724-K-03),Dover,,Kent,,,CT17 9SA,,,1122,0,0,0,,Yes - EMig Con Rail Sub Meter,Yes NTfT,,,0,0,0,0,77,,2025-07-30 10:55:06.0000000,George.Murray@networkrail.co.uk,,Dover Siding 3 CRH1 (07724-K-03)-4142233,,,,,-1700497979,0,0,278,528,14,0,0,113671,FDM,U,Southern,Kent,Ashford,280,0,0,09-10-2025 09:02:44
3304,,W2352010,MDU - Elgin (Water),Maisondieu Road,,Elgin,,Scotland,IV30 1xx,,,1121,0,34,673,,,Yes,,,0,0,0,0,12,Site Access - direct from A941 (Station Road/New Elgin Road),2025-03-04 17:32:25.0000000,Drew.Gallagher,Utilities Scotland <UtilitiesScotland@networkrail.co.uk>,Elgin MDU (Pway)-2352010,,,,,-1687406257,0,0,994,900,0,0,0,862031,ANI2,,Scotland's Railway - Scotland,Delivery Units,Perth DU,280,0,0,09-10-2025 09:02:18
6001,,5398004,PH - Ashurst Junction,Hendal Hill,Groombridge,East Sussex,,,TN3 9NT,,,1122,0,0,677,07/04/2011,Yes - EDF Phase 1,"113658 IMDM, Brighton, Indirect",,March 2017,0,0,0,0,33,"Site Location - Exit Ashurst Station right onto  A264 towards Tunbridge Wells turn right onto B2110 through Groombridge Village at fork junction go left onto B2188 follow to rail bridge.
Cabinet is top of access steps to the left.
Site Access - CCC2 key to cabinet.
Site Usage Notes - Points Heating.
WHOLE CURRENT Meter",2025-07-30 10:55:45.0000000,George.Murray@networkrail.co.uk,,Ashurst Junction Points Heating-5398004,,,,,-1589170954,0,0,278,1397,5,6001,0,113671,SCU1,,Southern,Sussex,Brighton,280,51.10887,0.175082,09-10-2025 09:02:24
17959,,4142140,CRH - Cannon Street Down CRH2 (00026-K-04),Cannon Street,,London,,,SE1 9DW,,,1122,0,0,666,,Yes - EMig Con Rail Sub Meter,Yes NTfT,,,0,0,0,0,0,,2025-07-30 10:55:04.0000000,George.Murray@networkrail.co.uk,,Cannon Street Down CRH2 (00026-K-04)-4142140,,,,,494283568,0,0,278,572,14,0,0,113671,CBM,U,Southern,Kent,London Bridge,280,0,0,09-10-2025 09:02:44
18500,,4142681,CRH - Robertsbridge Up CRH1 (04933-K-01),Robertsbridge Station,,Kent,,,TN32 5DQ,,,1122,0,0,677,,Yes - EMig Con Rail Sub Meter,Yes NTfT,,,0,0,0,0,49,,2025-07-30 10:55:13.0000000,George.Murray@networkrail.co.uk,,Robertsbridge Up CRH1 (04933-K-01)-4142681,,,,,1736965325,0,0,278,726,14,0,0,113671,TTH,U,Southern,Kent,Orpington,280,0,0,09-10-2025 09:02:44
4224,,2370036,Points Heating - Highbridge West,New Road,East Huntspill,Highbridge,Somerset,,TA9 3QB,,,1123,0,20,676,14/12/2011,Yes - EDF Phase 1,"890031 IMDM, Bristol, Indirect",,,0,0,0,0,145,"Site Location - From J22  M5 take A38 to Highbridge  continue through town  after 3/4 mile take left turn towards Mill Farm & Hackness  railway is 1/2 mile down lane.  Go over railway bridge & turn sharp left towards Mill Farm.
Site Access - BRW Key
Site Usage Notes - No other usage.  Meter reading         13/05/03 :- 031369.",2025-03-04 17:34:25.0000000,Drew.Gallagher,,Highbridge West Points Heating-2370036,,,,,-244805308,0,0,278,1408,5,890031,0,892031,MLN1,,Wales & Western,Western,West,280,51.20979,-2.973547,09-10-2025 09:02:19
9618,,2331109,Wales Bar GSM-R 4025,Waleswood Road,Wales Bar,Sheffield,Yorkshire,,S26 5PQ,,,1117,0,0,671,28/11/2011,Yes - UPL,"847031 IMDM, Sheffield, Indirect",,,0,0,0,0,48,"Site Location: Start from Rotherham… 1. Head southwest on Westgate toward Ship Hill,302 ft  
 2. Take the 2nd right onto Main St, 0.3 mi  
 3. At the roundabout, take the 1st exit onto Centenary Way/A630,Continue to follow A630,Go through 2 roundabouts,2.0 mi  
 4. At Rotherway Roundabout, take the 2nd exit onto Rotherway/A630, 0.5 mi  
 5. At the roundabout, take the 1st exit onto the M1 ramp, 0.3 mi  
 6. Merge onto M1, 4.5 mi  
 7. Exit at junction 31, 0.2 mi  
 8. At the roundabout, take the 3rd exit onto Aston Way/A57 heading to Sheffield(Centre)/Aston/Swallownest, 1.2 mi  
 9. At the roundabout, take the 1st exit onto Mansfield Rd/A618, 0.4 mi  
 10. Turn left onto Waleswood Rd,Destination will be on the left,269 ft  
",2025-03-04 17:31:04.0000000,Drew.Gallagher,,Wales Bar GSM-R 4025-2331109,,,,,-2106879617,0,0,278,1179,6,847031,522000,118614,MAC3," ",Eastern,North & East,Sheffield,0,0,0,09-10-2025 09:02:35
11736,,7405552,Romford MDU Depot (Gas),Jutsums Lane,Romford,Essex,,,RM7 9EE,,,1117,0,0,670,,,Yes,,,0,0,0,0,11,"30/07/16 Requested gate be fitted... 29/07/16 Surveyed unable to access as kiosk fenced off. ",2025-03-04 17:29:54.0000000,Drew.Gallagher,,Romford MDU Depot (Gas)-7405552,,,,,2039429374,0,0,0,731,1,821031,520000,821031,LTN1,,Eastern,Anglia,Romford,280,0,0,09-10-2025 09:02:38
22750,,ABD17106,ARCH 17 SOUTH COLLEGE STREET," ",Aberdeen,Aberdeen,Aberdeenshire,,AB11 6J,,,1126,0,0,0,,,,,,0,0,0,0,0,,2025-03-12 12:24:14.0000000,Grace.Emmence,,,,,,,1805931318,0,0,1112,0,0,0,0,705210,,,Scotland Commercial Property,Scotland,Retail/storage space,0,0,0,09-10-2025 09:02:52
20087,,4141851,NTfT - Worgret Jcn Signalling (ums),Trackside Field,Worgret Road,Wareham,,,BH20 6AB,,,1122,0,0,0,,No - Unmetered NTfT,Yes NTfT,,,0,0,0,0,122,,2025-07-30 10:55:44.0000000,George.Murray@networkrail.co.uk,,,,,,,868325389,0,0,278,40,3,0,0,113671,BML2,U,Southern,Wessex,Outer,280,0,0,09-10-2025 09:02:47
14199,,2331435,Snaith & Pontefract  Weeland Road Level Crossing -,Weeland Road,Hensall,Goole,North Yorks,,DN14 0QE,,,1117,0,0,671,,Yes - EDF,"848031 IMDM, York, Indirect",,,0,0,0,0,64,"Site Directions:
At road verge",2025-03-04 17:31:08.0000000,Drew.Gallagher,,Snaith & Pontefract  Weeland Road Level Crossing --2331435,,,,,-407667284,0,0,278,330,7,848031,522000,118615,WAG1,,Eastern,North & East,York,280,0,0,09-10-2025 09:02:40
4785,,2381501,Kings Cross stn (elec1) main supply (Closed),new substation near PF8,Kings Cross Station,London,,United Kingdom,N1 9AL,,,1092,0,0,666,,,Yes,,,0,0,0,0,0,Site Access - contact Network Rail Duty Station Manager,2023-04-06 14:59:23.0000000,Bradley.France@networkrail.co.uk,,Kings Cross stn (elec1) main supply-2381501,,,,,147212151,0,0,276,162,0,0,0,752509,ECM1,,Eastern,East Coast,MS - KGX,280,0,0,09-10-2025 09:02:21
5531,,4079006,"Points Heating - Haverfordwest Priory Mill ",Milton Court,Priory Park,Haverfordwest,,,SA61 1SW,,,1123,0,20,683,10/10/2014,Yes - Siemens AMR Phase 2,"894031 IMDM, Cardiff, Indirect",,,0,0,0,0,276,"Site Location - A40 to Haverfordwest.  Head for town centre then first left.  Follow road for half a mile then turn left.  Half a mile over bridge.  The road passes over the by-pass which the railway line runs parallel to.  There is a rough track down to the track.
Site Access - SM9576 1503 relates to the distribution box.
Site Usage Notes - No other usage.  Meter reading                         22/08/00 :- L-80105  N-51047          13/02/01 :- L-82908  N-52032                25/05/01 :- L-85057  N-52392          01/11/01 :- L-85483  N-52553          21/07/02 :- L-89164  N-53470.
Park on road above the dual carriageway go down the side of the track to the crossing turn right walk down track 150 yds cab is on the left 
Survey 28/07/14 - mileage is wrong correct mileage is 276m 1301 yds
According to google maps use postcode SA61 1UH",2025-03-04 17:34:25.0000000,Drew.Gallagher,,Haverfordwest Priory Mill Points Heating-4079006,,,,,1762171414,0,0,278,946,5,894031,0,894031,SWM2,,Wales & Western,Wales,Cardiff,280,51.79492,-4.962065,09-10-2025 09:02:24
21984,*,4141693,Birmingham International PSP NTfT (ums),Herald Road,Birmingham Airport,Birmingham,,,B26 3AW,,,1092,0,0,0,,,,,UMS,0,0,0,0,104,,2023-11-14 14:46:16.0000000,Terry Bleasdale,,,,,,,-2144809554,0,0,0,1630,0,0,0,857031,RBS1,H,LNW,Sandwell & Dudley,,280,0,0,09-10-2025 09:02:49
17998,,4142179,CRH - Chelsfield Down CRH2 (01526-K-01),Chelsfield Station,,London,,,BR6 6EU,,,1122,0,0,0,,Yes - EMig Con Rail Sub Meter,Yes NTfT,,,0,0,0,0,15,,2025-07-30 10:55:05.0000000,George.Murray@networkrail.co.uk,,Chelsfield Down CRH2 (01526-K-01)-4142179,,,,,-1721437022,0,0,278,572,14,0,0,113671,XTD,U,Southern,Kent,Orpington,280,0,0,09-10-2025 09:02:44
3148,,E2351082,FTN - Cadder (CADA),Crosshill Road,Lenzie,Kirkintilloch,,Scotland,G66 4SR,,,1121,0,50,680,08/09/2014,Yes - Siemens AMR Phase 2,"860031 IMDM, Edinburgh, Indirect",,,0,0,0,0,5,"Site Location - from Bishopbriggs follow A803 east towards Kirkintilloch; turn right onto B819 Crosshill Road towards Boghead and follow to overbridge 108 (east end of Cadder Yard)
Site Access - off Crosshill Road (B819)
Site Usage Notes - active cabinet
Site is located just off crosshill road, down a path leading to the access point, the cab is in the fenceline to the right of the access point ",2025-03-04 17:32:33.0000000,Drew.Gallagher,Utilities Scotland <UtilitiesScotland@networkrail.co.uk>,Cadder FTN CADA(3) loc EG1 1 EG5 1 LDT-2351082,,,,,-250291180,0,0,278,860,6,860031,0,860031,EGM1," ",Scotland's Railway - Scotland,Delivery Units,Edinburgh DU,280,0,0,09-10-2025 09:02:16
21476,,E2352451,zzz - Offices - Motherwell Airbles House (S&C Alliance),Airbles Road,,Motherwell,,,ML1 3RU,,,1092,0,49,680,,,,,,0,0,0,0,0," leased ‘workplace management’ premises occupied by S&C Alliance principal contractor, Amey Sersa  - registered supplier: EDF: acct ref 5108195866",2024-11-07 12:05:28.0000000,Wendi Wheeler,,Motherwell Airbles House (S&C Alliance – elec),,,,,1493235797,0,0,994,0,0,0,0,707345,,,Scotland's Railway - Scotland,Workplace Management,Motherwell Airbles House,280,0,0,09-10-2025 09:02:49
21369,*,Gold Tops,Project Site - Gold Tops,Offices First Floor,,Newport,Gwent,,NP20 4PG,,,1092,0,14,676,,,,,,0,0,0,0,158,,2024-07-03 15:10:34.0000000,Clare Rich,,,,,,,116494393,0,0,278,1118,0,0,0,894031,SWM,,Wales & Western,Projects,-,280,51.5897,-3.001386,09-10-2025 09:02:49
4557,,2370406,"Signalling Supply Point - Guaun Cae Gurwen ",Quarry Place/Heol Cae,Gurwen Gwaun Cae,Gurwen,Ammanford,,SA18 1HB,,,1123,0,5,683,18/07/2014,Yes - Siemens AMR Phase 2,"894031 IMDM, Cardiff, Indirect",,,0,0,0,0,16,At level crossing turn right at Wayne Morgan Family Butchers onto Quarry Place meter located on the right in fenceline up steps in stainless steel cabinet,2025-03-04 17:34:37.0000000,Drew.Gallagher,,Guaun Cae Gurwen signalling supply-2370406,,,,,1206599968,0,0,278,330,3,894031,0,894031,GWA,,Wales & Western,Wales,Cardiff,280,51.79223,-3.883856,09-10-2025 09:02:21
21352,,E2331496,Kettering Station PSP DNO,station road,,Kettering,,,NN15 7HJ,,,1117,0,0,667,,,,,,0,0,0,0,72,"key type LT205, the double sided, grey GRP DNO cubicle is located in the fenceline which borders the highway with Kettering Station Car Park",2025-03-04 17:30:31.0000000,Drew.Gallagher,,Kettering Station PSP DNO,,,,,-505078229,0,0,278,220,9,0,0,118618,SPC3,,Eastern,East Midlands,Bedford,280,0,0,09-10-2025 09:02:49
4105,,2360750,REB - Wateringbury Signalling,Maidstone Road,Nettlestead,Maidstone,Kent,,ME18 5EH,,,1122,0,0,0,02/09/2014,Yes - Siemens AMR Phase 2,"113658 IMDM, Ashford, Indirect",,,0,0,0,0,39,"Site is located by fence line on Maidstone Road adjacent to Highgrove Cottages, opposite Trade-In-Tackle fishing Shop
",2025-07-30 10:55:53.0000000,George.Murray@networkrail.co.uk,,Wateringbury Signalling REB-2360750,,,,,-27355811,0,0,278,1591,3,113658,522000,113671,PWS1,,Southern,Kent,Ashford,280,0,0,09-10-2025 09:02:19
18090,,4142271,CRH - Falmer Station T709 Sig. Dn Road CRH1 (00345-S-01),Falmer,,Sussex,,,BN1 9PY,,,1122,0,0,0,,Yes - EMig Con Rail Sub Meter,Yes NTfT,,,0,0,0,0,3,,2025-07-30 10:55:07.0000000,George.Murray@networkrail.co.uk,,Falmer Station T709 Sig. Dn Road CRH1 (00345-S-01)-4142271,,,,,-924739057,0,0,278,990,14,0,0,113671,BTL,U,Southern,Sussex,Brighton,280,0,0,09-10-2025 09:02:44
19720,,,Cannon Street Tnt - Nero Express retail unit 1,,,,,,,,,1092,0,0,0,,,,,,0,0,0,0,0,,2017-04-19 11:43:01.9130000,Andrew Vickers,,,,,,,-900001208,0,0,0,0,0,0,0,0,,,Tenant Billing,Tenants,,280,0,0,09-10-2025 09:02:47
9489,,2360971,Depot(+) - Hither Green MDU Depot REB,Manor Lane,,Hither Green,London,,SE13 5NQ,,,1122,0,0,666,13/11/2014,Yes - Siemens AMR Phase 2,"113658 IMDM, London Bridge, Indirect",,04/04/2019,0,0,0,0,7,"TRANSPORT: Car 
SITE DIRECTIONS: From Manor Road enter entrance to MDU  just past rail bridge and cabinet is on your right. 
METER LOCATION: Meter cabinet located just on the right of ramp before entering DU. 
SITE NOTES:  
KEYS REQUIRED: CCC2 
METER TYPE: WC 
CONTACT:  
MAP REFS: ELR_ HDR- 7 m. 769 y.  
OS REF: TQ-39453,74297. 
LAT: 51.450495 - LONG: 0.005515 
EASTINGS: 539453 - NORTHINGS: 174297
",2025-07-30 10:55:21.0000000,George.Murray@networkrail.co.uk,,Hither Green REB-2360971,,,,,-1323238623,0,0,278,769,3,113658,0,113671,HDR,,Southern,Kent,London Bridge,280,51.4505,0.005515,09-10-2025 09:02:35
18204,,4142385,CRH - Hassocks Down Road CRH1 (04352-S-01),Hassocks Station,,Sussex,,,BN6 8HD,,,1122,0,0,0,,Yes - EMig Con Rail Sub Meter,Yes NTfT,,,0,0,0,0,43,,2025-07-31 13:00:13.0000000,George.Murray@networkrail.co.uk,,Hassocks Down Road CRH1 (04352-S-01)-4142385,,,,,1677973026,0,0,278,1144,14,0,0,113671,VTB3,U,Southern,Sussex,Brighton,280,0,0,09-10-2025 09:02:44
19694,,4249622,TP Hut - Warnham,Mercer Road Level Crossing,Warnham,West Sussex,,,RH12 3SR,,,1122,0,0,0,,,No,,,0,0,0,0,33,DNO cabinet is located within the railway fenceline to the left of the access gates of the old level crossing,2025-07-30 10:56:04.0000000,George.Murray@networkrail.co.uk,,Warneham TP Hut-4249622,,,,,587509657,0,0,278,1121,8,0,0,113671,BTH3,,Southern,Sussex,Brighton,280,0,0,09-10-2025 09:02:47
4975,,E2550007,Rose Grove Auxillary Supply Cabin,Smallshaw Lane,Rose Grove,Burnley,Lancashire,,BB12 6EY,,,1120,0,35,681,,Yes,"851031 IMDM, Carlisle, Indirect",Delivery Units,11/07/2022 TSB,0,0,0,0,20,"Site Location - Continue along the M65 and turn off at Junction 10 on to the  A679 Accrington Road. Follow the road and turn into Smallshaw Lane by
Quest Supplies
Site Access - Access from Smallshaw Lane and through the steel gates to the Auxillary Supply Cabin
meX 11/07/2022",2025-03-04 17:31:43.0000000,Drew.Gallagher,,Rose Grove Auxillary Supply Cabin-2550007,,,,,1090461576,0,0,278,1197,3,3001,522000,851031,FHR5,,LNW,North West,Preston,280,0,0,09-10-2025 09:02:21
768,,2310080,Felixstowe Beach Junction Point Heating,Grange Road,Felixstowe,Suffolk,,,IP11 8DR,,,1117,0,0,670,05/05/2011,Yes - EDF Phase 1,"820031 IMDM, Ipswich, Indirect",,,0,0,0,0,83,"Site Location - Approaching Felixstowe follow Maidstone Road on right to rail over bridge.
Site Usage Notes - New supply13/04/99",2025-03-04 17:30:04.0000000,Drew.Gallagher,,Felixstowe Beach Junction Point Heating-2310080,,,,,600968059,0,0,278,57,5,820031,0,820031,FEL,,Eastern,Anglia,Ipswich,0,0,0,09-10-2025 09:02:04
4193,,2360873,GSMR - Mickleham Tunnel 1-2284B,left track at Norbury Park Farm,track adj Lilac Cottage,Mickleham,Dorking,,RH5 6DN,,,1122,0,0,666,11th September 2020,Yes - UPL,"880031 IMDM, Clapham, Indirect",,9th July 2020,0,0,0,0,19,"HOW TO GET THERE
From the A24 heading north from Dorking, opposite the junction with the B2209 turn sharp left over a very narrow metal bridge called Old London Bridge.  Note you will need to slow down considerably in order to turn.
Follow the paved track.  Don't take the 1st left, instead take the left fork at Norbury park Farm.  There maybe a closed gate over the path but it is not locked  - open it then close again. Follow to a large gate access to a dirt track shrouded by trees; it is next to Lilac Cottage.
On foot from here proceed up dirt track towards Rail bridge # 13/68.  The CSR is accessed via a short dirt path leading up the railway bank on the left before the bridge.  The GSMR is reached by going  under the bridge the bridge then left up short access steps.

METER LOCATION
Both meters are located at an access gate at the top of the bank, on opposite sides of the track to each other.

PARKING
At gate next to Lilac Cottage

NOTES
CCC2  key for cabinets but the CSR one is broken and need a screwdriver.Each cabinet feeds only CSR or GSMR, nothing else.
WHOLE CURRENT, single phase, 230v
Agreed capacity 15 kVA
New AMR E20UP01898 fitted on 9 July 2020
On 9 July 2020 an isolator was fitted - there was none before.
Site Usage Notes - Cab Secure Radio only.",2025-07-30 10:55:27.0000000,George.Murray@networkrail.co.uk,,Mickleham Tunnel 1 GSM-R (Site 2284B)-2360873,,,,,1170804583,0,0,278,1056,6,880031,0,113671,BTH3," ",Southern,Wessex,Inner,280,51.27637,-0.332509,09-10-2025 09:02:19
297,*,1678003,Ambergate  Newbridge Road SSP (Closed),Newbridge Road,Ambergate,Derbyshire,,,DE56 2,,,1092,0,0,667,,,No,,,0,0,0,0,137,"Site Location - Turn off A6 into Newbridge Road. 50 yards up hill is a gate on right hand side of road. Meter is situated just through gate against wall.
Site Access - RC 27
Site Usage Notes - No other usage",2024-02-08 13:04:09.0000000,Jack Navarro,,Ambergate  Newbridge Road Signalling Supply Point-1678003,,,,,-148181669,0,0,276,1740,0,0,0,0,SPC8,,Eastern,East Midlands,Derby,280,0,0,09-10-2025 09:02:04
21239,,*Unknown Wales,**Unknown Accounts - Wales - Invoices,,,,,,,,,1123,0,0,0,,,,,,0,0,0,0,0,,2025-03-25 13:04:16.0000000,Clare Rich,,,,,,,-1670331885,0,0,0,0,0,0,0,3.387521E+07,,,Wales & Western,Wales,,280,0,0,09-10-2025 09:02:49
13797,*,4141353,Teddington Signalling2 F462 NTfT,Cromwell Rd to Clarence Rd Footpath,,Teddington,,,TW11 0BN,,,1092,0,0,666,,Yes - EDF Sub Meter,Yes NTfT,,,0,0,0,0,13,Also supplied by 4141352 and 5572001,2021-01-13 10:46:37.0000000,Rachel.Fisch,,Teddington C2-4141353,,,,,1733038050,0,0,0,1080,3,0,0,880031,NMS1,U,Southern,Wessex,Inner,280,0,0,09-10-2025 09:02:40
7032,,6888005,Shenfield Country End PH A & B  (Disconnected),Hunter Avenue,Shenfield,Essex,,,CM15 8JD,,,1117,0,0,670,16/08/2011,Yes - EDF Phase 1,"821031 IMDM, Romford, Indirect",,,0,0,0,0,20,"Site Location - From  Shenfield  Station car park go to the far end next to the EEB feeder station.
Site Access - LT205
Site Usage Notes - Also feeds Yard & buffer stop lighting",2025-03-04 17:30:01.0000000,Drew.Gallagher,,Shenfield Country End Points Heating A & B  Yard L-6888005,,,,,1747325125,0,0,277,22,0,821031,522000,821031,LTN1,,Eastern,Anglia,Romford,280,0,0,09-10-2025 09:02:27
7831,,E8805003,RETB - Balblair Wood,Bonar Bridge,Ardgay,Highlands,,Scotland,IV24 3AW,,,1121,0,47,0,14/04/2015,Yes - Siemens AMR Phase 2,"862031 IMDM, Perth, Indirect",,,0,0,0,0,59,"Site Location - A836<north> from Bonar Bridge (> Lairg) approx 1.7kms  TR up into Balblair Forest  car park   thence 2.2kms north-west on forestry tracks thru  Maikle Wood/Balblair Wood to mast on hilltop approx 1km due east of Invershin Station & 1km due north of A836
Site Access - via forestry access tracks from  Balblair Forest  car park; D2 on gate at c/pk & radio mast compound
Site Usage Notes - RETB FN transmitter",2025-03-04 17:32:37.0000000,Drew.Gallagher,Utilities Scotland <UtilitiesScotland@networkrail.co.uk>,Balblair Wood RETB FN transmitter-8805003,,,,,427363428,0,0,278,0,6,862031,0,862031,WCK," ",Scotland's Railway - Scotland,Delivery Units,Perth DU,280,0,0,09-10-2025 09:02:30
19675,,E2341606,Willesden West London Junction Lighting,24 Scrubs Lane,,London,,,NW10 6RA,,,1120,0,41,666,Feb 2016,Yes - SMS,No,Delivery Units,21/01/2022 TSB,0,0,0,0,5,Cubicle is set into fencelimne adjacent track access aget next to UKPN substation. locked with 221 padlock,2025-03-04 17:31:26.0000000,Drew.Gallagher,,West London Junction Lighting-2341606,,,,,-607275836,0,0,278,131,0,0,0,859031,LEC1,,LNW,WCS,Euston,280,0,0,09-10-2025 09:02:47
17823,,4142004,CRH - Amberley Up Platform CRH2 (05459-S-01),Amberley,,Sussex,,,BN18 9LR,,,1122,0,0,0,,Yes - EMig Con Rail Sub Meter,Yes NTfT,,,0,0,0,0,54,,2025-07-30 10:55:03.0000000,George.Murray@networkrail.co.uk,,Amberley Up Platform CRH2 (05459-S-01)-4142004,,,,,634543636,0,0,278,1298,14,0,0,113671,TBH1,U,Southern,Sussex,Brighton,280,0,0,09-10-2025 09:02:44
11977,,W7405621,Ashton Moss North Junction Signal Box (Water) closed,Richmond Street,Ashton-Under-Lyne,Tameside,Manchester,,OL7 9HW,,,1092,0,0,679,,,Yes,,29/11/2019 TSB,0,0,0,0,5,"Site Location - From Manchester follow the A635 Ashton Old Rd to Ashton-under-Lyne and turn left at Chester Square roundabout into Richmond St. Continue  turn left into Crowhill Playing Fields

Disconnection requested from Business Stream - 06/11/2019
Physically disconnected UU - 29/11/2019 - FINAL READING 698",2022-06-20 15:34:56.0000000,Terry Bleasdale,,Ashton Moss North Junction Signal Box (Water)-7405621,,,,,-2087825325,0,0,276,1262,0,0,0,854031,MVL1,,X-Deleted,Old record,Manchester,280,0,0,09-10-2025 09:02:38
17974,,4142155,CRH - Charing Cross Down Fast CRH2 (00028-K-02),Charing Cross Station,,London,,,WC2N 5HF,,,1122,0,0,666,,Yes - EMig Con Rail Sub Meter,Yes NTfT,,,0,0,0,0,0,,2025-07-30 10:55:05.0000000,George.Murray@networkrail.co.uk,,Charing Cross Down Fast CRH2 (00028-K-02)-4142155,,,,,2140985384,0,0,278,616,14,0,0,113671,XTD,U,Southern,Kent,London Bridge,280,0,0,09-10-2025 09:02:44
4317,,2370139,Maintenance Delivery Unit + - Newton Abbot,Graveyard Sidings,Forde Road,Newton Abbot,Devon,,TQ12 4AB,,,1123,0,10,682,,,"892031 IMDM, Plymouth, Indirect",,,0,0,0,0,213,"Site Location - From A380 to Torquay take A381 into Newton Abbot. Take first right into Brunel Rd (by signal gantry). Turn left at T jn (still Brunel Rd) and ten left again into Forde Rd.  Turn first right towards track and then right again along dirt road to Relay Room.
Site Access - None.
Site Usage Notes - Also supplies Relay Room & IM Compound and FGW Station (1&2).",2025-03-04 17:34:23.0000000,Drew.Gallagher,,Newton Abbot MAS Generator-2370139,,,,,-293654498,0,0,278,1716,3,9001,0,892031,MLN1,,Wales & Western,Western,West,280,50.53118,-3.598418,09-10-2025 09:02:21
1232,,E2320393,Stechford North Jn Points Heating (Closed),adj. Jewson B.M.,Station Road,Stechford,Birmingham,,B33 9AG,,,1092,0,0,667,24/08/2011,Yes - EDF Phase 1,"857031 IMDM, Sandwell & Dudley, Indirect",Points Heating,05/11/2018 TSB,0,0,0,0,109,"located in Jewsons yard to RHS of track Access gates

DUH Form submitted 15/10/2018
De energised 05/11/2018
Physical Disconenction 26th April 2019",2022-01-12 09:12:39.0000000,Terry Bleasdale,,Stechford North Jn Points Heating-2320393,,,,,-157610613,0,0,276,1134,5,857031,522000,857031,RBS1,,X-Deleted,Old record,Sandwell & Dudley,280,0,0,09-10-2025 09:02:12
5744,,5012003,PH - Bunkers Hill,Bunkers Hill,Buckland,Dover,Kent,,CT17 0JL,,,1122,0,0,0,29/10/2014,Yes - Siemens AMR Phase 2,"113658 IMDM, Ashford, Indirect",,,0,0,0,0,76,"Site Location - Exit Dover Priory Station left towards the town left at roundabout follow A256 through high street to Buckland paper mill turn left before river bridge up Bunkers Hill.
Site Access - CCC2 Key
Site Usage Notes - Points Heating (2 sets) no other usage.
Site is located adjacent to 1 Bunkers Hill Road by Fence Line",2025-07-30 10:55:45.0000000,George.Murray@networkrail.co.uk,,Bunkers Hill Points Heating-5012003,,,,,-1333605329,0,0,278,690,5,6001,0,113671,FDM,,Southern,Kent,Ashford,280,0,0,09-10-2025 09:02:24
8678,,9999838,Doncaster Wood Yard Dust Suppression (water 2),Ten Pound Walk,(Hyde Park Corner),Doncaster,,United Kingdom,DN4 5HX,,,1117,0,0,671,,,Yes,,,0,0,0,0,155,,2025-03-04 17:30:13.0000000,Drew.Gallagher,,Doncaster Wood Yard Dust Suppression (water 2)-9999838,,,,,1639159263,0,0,0,150,0,0,0,118616,DWY,,Eastern,East Coast,Doncaster,0,0,0,09-10-2025 09:02:32
21658,,E2341687,Kirkdale North Pts Htg,Melrose Road,Kirkdale,Liverpool," ",,L4 3TF,,,1120,0,20,0,18/10/2018,Yes SMS,,Delivery Units,27/11/2023 TSB,0,0,0,0,34,Set into brickwork to LHS of acess gates on Melrose Ave,2025-03-04 17:31:33.0000000,Drew.Gallagher,,Kirkdale North Pts Htg,,,,,1386399148,0,0,278,554,0,0,0,852031,SJO1,,LNW,North West,Liverpool,280,0,0,09-10-2025 09:02:49
7244,,7461002,Tilbury TSC,Opp. Tilbury Docks Sports Cent,Dock Road,Tilbury,Essex,,RM18 8YD,,,1117,0,0,670,,,Yes,,,0,0,0,0,21,Site Location - Opposite Docks Sports & Social Club  London end of station Downside,2025-03-04 17:31:12.0000000,Drew.Gallagher,,Tilbury TSC-7461002,,,,,-2114678583,0,0,0,22,0,0,0,117602,TLL,,Eastern,Anglia,Romford,0,0,0,09-10-2025 09:02:27
18673,,4142854,CRH - Tonbridge Up Slow CRH2 (02935-K-01),Tonbridge Station,,Kent,,,TN9 1TT,,,1122,0,0,677,,Yes - EMig Con Rail Sub Meter,Yes NTfT,,,0,0,0,0,29,,2025-07-30 10:55:16.0000000,George.Murray@networkrail.co.uk,,Tonbridge Up Slow CRH2 (02935-K-01)-4142854,,,,,-2046708245,0,0,278,770,14,0,0,113671,XTD,U,Southern,Kent,Orpington,280,0,0,09-10-2025 09:02:44
4753,,2370632,GSM-R - Bourton 0034B(2),off A420 Near Longleaze Farm,Bourton,Swindon,Wiltshire,,SN6 8HS,,,1123,0,36,676,06/11/2014,Yes - Siemens AMR Phase 2,"895031 IMDM, Swindon, Indirect",,,0,0,0,0,72,"Site Location - M4 jct 15 take A419 towards Swindon/Gloucester. Take A420 towards Oxford  go past police headquarters on LHS and Longleaze Farm on RHS then second rail over road vehicle track bridge on LHS
Site Access - Triangle key
Site Usage Notes - REB & Mast
DRIVE PAST ORIGINAL EXPECTED LOCATION ON A420, THERES ANOTHER TURN OFF A LITTLE FURTHER DOWN WITH A RAILWAY BRIDGE GOING OVER FARMERS ACCESS, METER IS OTHER SIDE OF BRIDGE ON LEFT",2025-03-26 12:17:33.0000000,Clare Rich,,Bourton GSM-R 0034B(2)-2370632,,,,,-2030988716,0,0,278,1751,6,895031,0,890031,MLN1," ",Wales & Western,Western,Central,280,51.58471,-1.698138,09-10-2025 09:02:21
18623,,4142804,CRH - Swanley Down Chatham Fast CRH1 (01749-K-02),Swanley Station,,Kent,,,BR8 8JD,,,1122,0,0,0,,Yes - EMig Con Rail Sub Meter,Yes NTfT,,,0,0,0,0,17,,2025-07-31 13:00:17.0000000,George.Murray@networkrail.co.uk,,Swanley Down Chatham Fast CRH1 (01749-K-02)-4142804,,,,,1222475409,0,0,278,1078,14,0,0,113671,VIR,U,Southern,Kent,Ashford,280,0,0,09-10-2025 09:02:44
9927,*,7405153,Ashford MDU (W) (G),Combined Engineering Depot,Old Railway Works,Newtown Road,Ashford,,TN24 0PF,,"7405154, 7405197",1092,0,0,677,,,Yes,,,0,0,0,0,56,,2021-11-15 12:42:36.0000000,Nick Rumble,,Ashford MDU (Water Only)-7405153,,,,,90533067,0,0,0,1451,1,0,0,113671,XTD,,Southern,Kent,Ashford,280,0,0,09-10-2025 09:02:35
9147,,2310351,Bishops Stortford South GSM-R (6284) (Closed),Trackside footpath adjacent B1383/A1184 roundabout,Spellbrook,Bishops Stortford,Herts,,CM23 4AT,,,1092,0,0,666,22/06/2010,Yes - UPL,No,,,0,0,0,0,28,"From Bishops Stortford station: West on Station Road turning left into South Road. Continue 2.7k south on B1383 London Road to roundabout. Straight through onto A1184.
Public footpath immediately on left leads to meter cabinet. Meter cabinet in rail fence line approximately 180m along footpath.
Meter K10UP09698 removed 01/09/10. 
Confirmation that supply was disconnected by D.Ladyman 
DISC CERT 630706 - 13/09/10.",2020-07-15 10:58:38.0000000,Tom Ward,,Bishops Stortford South GSM-R (6284) OLD-2310351,,,,,-1609886783,0,0,276,1345,0,0,0,822031,BGK," ",Eastern,Anglia,Tottenham,280,0,0,09-10-2025 09:02:32
18181,,4142362,CRH - Gravesend Up Plat 2 rev CRH2 (02366-K-01),Gravesend,,Kent,,,DA11 0RY,,,1122,0,0,0,,Yes - EMig Con Rail Sub Meter,Yes NTfT,,,0,0,0,0,23,,2025-07-31 13:00:12.0000000,George.Murray@networkrail.co.uk,,Gravesend Up Plat 2 rev CRH2 (02366-K-01)-4142362,,,,,1543485835,0,0,278,1452,14,0,0,113671,HDR,U,Southern,Kent,Ashford,280,0,0,09-10-2025 09:02:44
22257,,E2331648,East Hyde MPTSC,Cooters End Lane,East Hyde,St. Albans,Hertfordshire,United Kingdom,AL5 3NR,,,1117,0,0,0,,,,,,0,0,0,0,26,"what3words ///rugs.mops.oppose

Meter in DNO cubicle. DNO  in fenceline near compound gates.

key RC27
",2025-10-30 14:18:17.0000000,rob.dickinson@networkrail.co.uk,,East Hyde MPTSC,,,,,-590043254,0,0,278,890,0,0,0,118618,SPC1,,Eastern,East Midlands,Bedford,280,0,0,31-10-2025 04:00:17
1184,,E2320342,Castle Bromwich Junction PH,Unit 17 Haywards Industrial Estate,Orton Way,Castle Vale,Birmingham,,B35 7BT,baked.basket.lame,,1120,0,20,667,05/09/2011,Yes - EDF Phase 1,"856031 IMDM, Saltley, Indirect",Delivery Units,29/07/2025 TSB,0,0,0,0,36,"Site Location - turn into roadway to units at far end of Orton Way. cubicle in Pallisade fence at end of no 17 industrial unit.
MEx EMLITE Port 14143 - Secondhand meter already has R1 read of 038015 kWHr
",2025-07-30 07:30:34.0000000,Terry Bleasdale,,Castle Bromwich Junction PH-2320342,,,,,-69698735,0,0,278,1078,5,856031,0,856031,DBP3,,LNW,Central,Saltley,280,0,0,09-10-2025 09:02:12
20232,*,4141950,Chiddingstone Signalling B NTfT (ums),Access from Somerden Green,Bough Beech,Edenbridge,,,TN8 7AJ,,,1092,0,0,677,,No - Unmetered NTfT,Yes NTfT,,,0,0,0,0,37,,2021-01-13 13:40:28.0000000,Rachel.Fisch,,,,,,,1971537845,0,0,0,10,3,0,0,113658,RTT,U,Southern,Kent,Orpington,0,0,0,09-10-2025 09:02:49
148,,E1268012,Milford & Brocton Track Section Cabin,Holdiford Road,Milford,Stafford,Staffordshire,,ST17 0UD,,,1120,0,0,667,25/09/2014,Yes - Siemens AMR Phase 2,"858031 IMDM, Stafford, Indirect",Delivery Units,21/10/2024 TSB,0,0,0,0,129,"Site Access - Access from the approach road past the cottages and through the arch of the bridge to the TSC
Site Usage Notes - Signalling Supply Point - Relay Room - Network Rail
Backed up by 4141739 NTfT",2025-03-04 17:31:37.0000000,Drew.Gallagher,,Milford & Brocton Track Section Cabin-1268012,,,,,1220950478,0,0,278,882,8,3001,0,858031,LEC2,,LNW,WCS,Stafford,280,0,0,09-10-2025 09:02:04
19805,,T4141621,James Street Station NTfT to Mersey Off-Charge,See 4145002,James Street,Liverpool,,,L2 7PQ,,,1120,0,0,679,,Yes - EDF Sub Meter,"Yes - IMDM, Liverpool, Indirect NTfT",Non-Traction from Traction,NTfT,0,0,0,0,2,,2025-03-04 17:32:06.0000000,Drew.Gallagher,,,,,,,145423893,0,0,278,125,3,0,0,852031,MIR1,M,LNW,North West,Liverpool,280,0,0,09-10-2025 09:02:47
5094,,E2824001,Edale Signal Box & Station,Station Road,Edale,Hope Valley,Derbyshire,,S33 7ZN,,,1120,0,35,667,13/06/2022 - 03/10/13,Yes - SMS - EdF,"854031 IMDM, Manchester, Indirect",Delivery Units,29/09/2025 TSB,0,0,0,0,169,"Brick cubicle Access from the Sheffield platform station approach
Site Usage Notes - Relay  Room  -  NR  Station  Platform  Lights  -  Northern Trains.
MEx 13/06/2022
SIM Swap 24/08/2022
26/01/2023 meter found no comms (99 signal)
13/03/2023 attended with SMS ss 15 NFF DR can cinnect and ull data",2025-09-29 12:37:02.0000000,Terry Bleasdale,,Edale Signal Box-2824001,,,,,2014193786,0,0,278,236,4,854031,0,854031,MAS,,LNW,North West,Manchester,280,0,0,09-10-2025 09:02:21
19605,,7406105,North Carr Gate Box (Water),North Carr Road,Misterton,Doncaster,,,DN10 4BB,,,1117,0,0,671,,,Yes,,,0,0,0,0,0,,2025-03-04 17:30:13.0000000,Drew.Gallagher,,North Carr Gate Box (Water)-7406105,,,,,-1204697319,0,0,0,0,0,0,0,0,,,Eastern,North & East,Sheffield,0,0,0,09-10-2025 09:02:47
22413,,,*East Midlands Route - Old Profile Data,,,,,,,,,1092,0,0,0,,,,,,0,0,0,0,0,Old/Historic profile datasets for East Midlands Route,2023-07-10 10:03:29.0000000,Bradley.France@networkrail.co.uk,,,,,,,624272567,0,0,0,0,0,0,0,0,,,Eastern,East Midlands,Old Profile Data,280,0,0,09-10-2025 09:02:52
7732,,8548004,Hillam Gates CCTV Level Crossing,Betteras Hill Road,Hillam,Leeds,,,LS25 5HA,,,1117,0,0,671,07/04/2014,Yes - Siemens AMR Phase 2,"848031 IMDM, York, Indirect",,,0,0,0,0,15,"Site Location - From junction of A162 and A63(T) take A162 <south>  follow approximately 600m and turn left onto Betteras Hill Road; level crossing apprx 500m ahead
Site Usage Notes - No other usages. RT
meter is on the north side of crossing straight across from grey porta cabin situated in metal cabinet",2025-03-04 17:30:57.0000000,Drew.Gallagher,,Hillam Gates CCTV Level Crossing-8548004,,,,,1568915034,0,0,278,1250,7,848031,0,118615,NOC,,Eastern,North & East,York,0,0,0,09-10-2025 09:02:30
21333,,4249283,REB(+) - Ashtead Station LC and SIG REB,At the junction of Overdale Road/Woodfield Lane,Woodfield Lane Level Crossing,Ashtead,Surrey,,KT21 1PP,,,1122,0,0,666,31st May 2017,,,,23rd June 2017,0,0,0,0,16,"Site Location - Exit Ashtead Station via platform 2 into Station car park  turn left into Woodfield Lane over Level Crossing then immediately right into Overdale Road.
Site Access - CCC2 key for cabinet. The double sided cabinet is in fenceline.

This replaced 5565052 in June 2017
WHOLE CURRENT, single phase, 230v
Agreen capacity 23 kVA
Feeds domestics, lighting and a spare",2025-07-30 10:55:53.0000000,George.Murray@networkrail.co.uk,,Ashtead Station Level Crossing and Signal REB,,,,,-1452278705,0,0,278,290,9,0,0,113671,BTH3,,Southern,Wessex,Inner,280,51.31831,0,09-10-2025 09:02:49
5576,,4249001,PH - Twickenham Country End  CLOSED,Station Car Park,London Road,Twickenham,,,TW1 1BD,,,1092,0,0,666,11/04/2011,Yes - EDF Phase 1,"880031 IMDM, Clapham, Indirect",,9th March 2016,0,0,0,0,11,"Site Location - Upside Car Park.  Was in the UPSIDE fenceline towards the C/E
Site Access - no track access required.

WHOLE CURRENT, three phase, 400v
Agreed capacity 42 kVA

DISCONNECTED 24 SEPTEMBER 2017 AS PART OF THE TWICKENHAM STATION REDEVLOPEMENT.  THE SUPPLY WAS MOVED AND IS NOW REPLACED BY 4249274

Fed PHCC B, cabinet domestics",2025-07-31 13:00:28.0000000,George.Murray@networkrail.co.uk,,Twickenham Country End Points Heating-4249001,,,,,-2063945658,0,0,276,600,5,880031,522000,113671,TSJ,,Southern,Wessex,Inner,280,51.4503,-0.330418,09-10-2025 09:02:24
11946,,7405589,Tyneside IECC (Gas),Riverdale Road,off Askew Road,Gateshead,Tyne & Wear,United Kingdom,NE8 2TD,,,1117,0,0,669,,,Yes,,,0,0,0,0,0,Site Location - From Newcastle   over Redhaugh bridge left at rndbt. Slip road on left to flats  follow round to signalbox on right,2025-03-04 17:30:27.0000000,Drew.Gallagher,,Tyneside IECC (Gas)-7405589,,,,,789991890,0,0,0,700,2,846031,520000,118613,HLK,,Eastern,East Coast,Newcastle,0,0,0,09-10-2025 09:02:38
19997,,4141781,Diss SSP Standby NTfT (ums),Station Car Park,Station Road,Diss,,,IP22 4HN,,,1117,0,0,670,,No - Unmetered NTfT,Yes NTfT,,,0,0,0,0,95,Back-up to 7494119,2025-03-04 17:31:11.0000000,Drew.Gallagher,,,,,,,-324980830,0,0,0,190,3,0,0,820031,LTN1,P,Eastern,Anglia,Ipswich,280,0,0,09-10-2025 09:02:47
10145,,E2351334,GSMR - Luncarty (5251),roadside nr Ordiebank,Strathord Stanley,Perth,,Scotland,PH1 4PS,,,1121,0,36,672,09/08/2012,Yes - UPL,"862031 IMDM, Perth, Indirect",,,0,0,0,0,156,,2025-03-04 17:32:50.0000000,Drew.Gallagher,Utilities Scotland <UtilitiesScotland@networkrail.co.uk>,Luncarty GSMR 5251-2351334,,,,,-2005205605,0,0,278,800,6,862031,0,862031,HGL1," ",Scotland's Railway - Scotland,Delivery Units,Perth DU,280,0,0,09-10-2025 09:02:35
7195,,7309017,Whittlingham Junction Signal Box,Yarmouth Road,Norwich,Norfolk,,,NR1,,,1117,0,0,670,,,Yes,,,0,0,0,0,1,"Site Access - Not Known
Site Usage Notes - Unable to find meter at this site  signal box has stopcock only.",2025-03-04 17:30:51.0000000,Drew.Gallagher,,Whittlingham Junction Signal Box-7309017,,,,,1992522906,0,0,0,69,0,0,0,117602,NOL,,Eastern,Anglia,Ipswich,0,0,0,09-10-2025 09:02:27
5066,,2753021,Preston PSB (Closed),Pedder Street,Preston,Lancashire,,,PR1 8ST,,,1092,0,0,679,,,No,,,0,0,0,0,0,"Site Location - Enter Preston town centre and follow the road signs for direction to the station. Continue down Fishergate Hill and turn right onto the Strand. Follow the road and turn right into Marsh Lane and the left into Wellfield and then right into Pedder Street
Site Access - Access from Pedder Street and continue down the approach road to the Auxillary Supply Cabin
Site Usage Notes - Signalling Maintenance  Depot -  Stores   Accomodation -  Portakabins  - Network Rail Telecommunications  -  Global Crossing",2021-01-20 12:52:13.0000000,Terry Bleasdale,,Preston PSB-2753021,,,,,-764836937,0,0,276,900,0,0,0,0,CGJ6,,X-Deleted,Old record,Preston,280,0,0,09-10-2025 09:02:21
10221,,2370900,Principal Supply Point < + - Barry Island Station,The Parade,Barry,Vale of Glamorgan,,,CF62 5TH,,,1123,0,53,676,,,,,,0,0,0,0,8,"TPWS & S&T
2 No. meters fitted - one for S&T, 1 for TPWS",2025-03-04 17:34:30.0000000,Drew.Gallagher,,Barry Island Station-2370900,,,,,1013982446,0,0,278,1482,9,0,0,894031,BRY,,Wales & Western,Wales,Cardiff,280,51.39236,-3.274148,09-10-2025 09:02:35
14508,,4141515,NTfT - Mitcham Junction Signalling F901,Mitcham Junction Yard,Carshalton Road,Mitcham,,,CR4 4HN,,,1122,0,0,666,,Yes - EDF Sub Meter,Yes NTfT,,,0,0,0,0,10,Shared with 4141516 NTfT and 5677129,2025-07-30 10:55:41.0000000,George.Murray@networkrail.co.uk,,Mitcham Junction S1-4141515,,,,,-1118250748,0,0,278,880,3,0,0,113671,BTH1,U,Southern,Sussex,Croydon,280,0,0,09-10-2025 09:02:44
7060,,7022004,Fordham AHB railway Crossing,Fordham,Ely,Cambridgeshire,,,CB7 5LP,,,1117,0,0,670,23/07/2014,Yes - Siemens AMR Phase 2,"822031 IMDM, Tottenham, Indirect",,,0,0,0,0,4,"Site Location - Located on the B1102 at Fordham.
Site Access - 3A751 key required
Site Usage Notes - No other usage
On Station Road meter located on the right in steel cabinet just off the roundabout at level crossing, adjacent with Fordham REB",2025-03-04 17:29:57.0000000,Drew.Gallagher,,Fordham AHB railway Crossing-7022004,,,,,1898634279,0,0,278,64,7,822031,0,822031,SOB2,,Eastern,Anglia,Tottenham,0,0,0,09-10-2025 09:02:27
17921,,4142102,CRH - Billingshurst Up Road CRH2 (04458-S-01),Billingshurst,,Sussex,,,RH14 9DE,,,1122,0,0,0,,Yes - EMig Con Rail Sub Meter,Yes NTfT,,,0,0,0,0,44,,2025-07-31 13:00:10.0000000,George.Murray@networkrail.co.uk,,Billingshurst Up Road CRH2 (04458-S-01)-4142102,,,,,-969937205,0,0,278,1276,14,0,0,113671,TBH1,U,Southern,Sussex,Brighton,280,0,0,09-10-2025 09:02:44
8594,,E2351304,GSMR - Fetteresso (6279),]UB 335 Feathers,Kirktown,Fetteresso," Stonehaven",Scotland,AB39 3UP,,,1121,0,36,673,21/09/2014,Yes - Siemens AMR Phase 2,"862031 IMDM, Perth, Indirect",,,0,0,0,0,224,"directions: A90(T) <northbound> to start of Stonehaven by-pass and fork left onto slip road signed 'Stonehaven', TR off slip road onto unclassified road signed 'Toucks', after 1km sharp right bend and follow approx 1 km to railway bridge 335 over roadway",2025-03-04 17:32:39.0000000,Drew.Gallagher,Utilities Scotland <UtilitiesScotland@networkrail.co.uk>,Fetteresso GSM-R site 6279-2351304,,,,,-265822226,0,0,278,211,6,862031,0,862031,ECN5," ",Scotland's Railway - Scotland,Delivery Units,Perth DU,280,0,0,09-10-2025 09:02:32
14585,,2310517,Queen Adelaide AHB (Norwich) RLSE- 043B,Prickwillow Road,Queen Adelaide,Ely,Cambridgeshire,,CB7 4SH,,,1092,0,0,670,,,No,,,0,0,0,0,72,"Site Directions:
At road verge",2022-04-03 12:21:07.0000000,Fraser.McGown@ecabusinessenergy.com,,Queen Adelaide AHB (Norwich) RLSE- 043B-2310517,,,,,975897185,0,0,278,704,0,0,0,822031,ETN,,HQ - Projects,* TBC *,* TBC *,280,0,0,09-10-2025 09:02:44
4282,,2370101,Signalling Relay Room - Teignmouth,Station Yard Business Park,Heywoods Road,Teignmouth,Devon,,TQ14 8QJ,,,1123,0,22,682,12/11/2014,Yes - Siemens AMR Phase 2,"892031 IMDM, Plymouth, Indirect",,,0,0,0,0,208,"Site Location - From J31  M5 take A38  A380 & B3192 to Teignmouth.  From Station  head to Dawlish but take first left and then left fork into Brimley Rd  then first left into Station Yard Business Park.  The Relay Room is located at the rear of the station.
Site Access - Through Teignmouth Windows - Wyn Evans 01626-773075.
Site Usage Notes - No other usage.  EAC 5 500kWh.  Set to NOT IN USE because Swalec are using the wrong data for billing and have not responded to letters asking them to put it right.
OVERGROWN FOWLEDGE, ITEMS IN WAY OF CABINET
Survey 17/06/14 - METER EXCHANGE CARD IN CAB TO PROVE METER HAD BEEN CHANGED.",2025-03-04 17:34:36.0000000,Drew.Gallagher,,Teignmouth Relay Room-2370101,,,,,-1458097889,0,0,278,1631,3,892031,522000,892031,MLN1,,Wales & Western,Western,West,280,50.54851,-3.494564,09-10-2025 09:02:21
19625,,W7406125,Stoke on Trent Telecoms Control Centre (Water),Vernon Road,Stoke on Trent,Staffordshire,,,ST4 2TP,,,1120,0,49,667,,,Yes,Delivery Units,06/06/2023 TSB,0,0,0,0,19,"in pavement outside by 2nd lamp post small cahmber ",2025-03-04 17:32:15.0000000,Drew.Gallagher,,Stoke-on-Trent Telecoms Control Centre (Water)-7406125,,,,,-439643622,0,0,278,1303,0,0,0,858031,CMD2,,LNW,WCS,Workplace - TFM,280,0,0,09-10-2025 09:02:47
1752,,2330628,Doncaster Shakespeare Dock lighting & PH,St Sepulchre Gate West,,Doncaster,Yorkshire,United Kingdom,DN1 3AQ,N/A,N/A,1117,0,0,671,,,No,,,0,0,0,0,155,"Meter in steel cubical surrounded by Armco barriers located between the projects office and Shakespear House, off St Sepulchre Gate West, doncaster DN11AQ",2025-03-04 17:30:54.0000000,Drew.Gallagher,N/A,Doncaster Shakespear Dock lighting-2330628,,,,,706461446,0,0,278,1440,0,0,0,118616,ECM1,,Eastern,East Coast,Doncaster,280,457163,402575,09-10-2025 09:02:12
18237,,4142418,CRH - Headcorn Down CRH2 (04533-K-01),Headcorn,,Kent,,,TN27 9SS,,,1122,0,0,677,,Yes - EMig Con Rail Sub Meter,Yes NTfT,,,0,0,0,0,45,,2025-07-30 10:55:09.0000000,George.Murray@networkrail.co.uk,,Headcorn Down CRH2 (04533-K-01)-4142418,,,,,174410960,0,0,278,726,14,0,0,113671,XTD,U,Southern,Kent,Ashford,280,0,0,09-10-2025 09:02:44
17979,,4142160,CRH - Charing Cross Up Fast CRH2 (00005-K-01),Charing Cross Station,,London,,,WC2N 5HF,,,1122,0,0,666,,Yes - EMig Con Rail Sub Meter,Yes NTfT,,,0,0,0,0,0,,2025-07-30 10:55:05.0000000,George.Murray@networkrail.co.uk,,Charing Cross Up Fast CRH2 (00005-K-01)-4142160,,,,,-2122004458,0,0,278,126.5,14,0,0,113671,XTD,U,Southern,Kent,London Bridge,280,0,0,09-10-2025 09:02:44
18329,,4142510,CRH - Lingfield Up Road CRH2 (02614-S-01),Lingfield,,Surrey,,,RH7 6EF,,,1122,0,0,666,,Yes - EMig Con Rail Sub Meter,Yes NTfT,,,0,0,0,0,26,,2025-07-30 10:55:11.0000000,George.Murray@networkrail.co.uk,,Lingfield Up Road CRH2 (02614-S-01)-4142510,,,,,1236437889,0,0,278,308,14,0,0,113671,HGG1,U,Southern,Sussex,Croydon,280,0,0,09-10-2025 09:02:44
19799,*,4141578,Norbiton Signalling B NTfT,Alley way off Dickerage Lane,Adj Railway bridge over Dickeridge Lane,New Malden,Surrey,,KT3 3EN,,,1092,0,0,666,,Yes - EDF Sub Meter,Yes NTfT,,,0,0,0,0,10,Supply shared with 4141577 and 5568002,2021-01-13 14:01:11.0000000,Rachel.Fisch,,,,,,,-2102966805,0,0,0,1320,3,0,0,880031,NMS1,U,Southern,Wessex,Inner,280,0,0,09-10-2025 09:02:47
565,,2130076,Barnsley IMD (De-En),Mottram St / Mottram Way,Barnsley,South Yorkshire,,,S71 1BH,,,1117,0,0,671,,,"847031 IMDM, Sheffield, Indirect",,,0,0,0,1,6,"De-Energised 16/3/18
",2025-03-04 17:31:01.0000000,Drew.Gallagher,,Barnsley IMD-2130076,,,,,-641987293,0,0,276,940,1,847031,0,118614,PED2,,Eastern,North & East,Sheffield,280,0,0,09-10-2025 09:02:04
6053,*,5498008,Ramsgate Signal Box (G),Newington Road Train Sheds,Ramsgate,Kent,,,CT11 0QX,,,1092,0,0,0,,," ",,,0,0,0,0,85,"Site Location - out of ramsgate station into wilfred road right into st.lawrence street turn right at roundabout into newington road  over bridge turn right into Connex South East Trains Sheds
Site Access - book into CSE supervisors office before entering signal box which is at side of berthing sidings
Site Usage Notes - incoming charge from CSE",2021-07-14 12:40:36.0000000,Nick Rumble,,Ramsgate Signal Box (Gas)-5498008,,,,,469853428,0,0,0,1450,4,0,0,113671,ACR,,Southern,Kent,Operational,280,0,0,09-10-2025 09:02:24
6690,,6424004,Gainsborough Lea Road Signal Box (Closed),Old Signal Box Relay Room,Gainsborough Lea Road Station,Lea Road (See Notes),Gainsborough,,DN21 1,,,1092,0,0,671,05/07/2012,Yes - UPL,No,,,0,0,0,0,98,"Site Location - Through  Gainsborough  to  Lincoln A156.  Station on righthand side  still in town.
Site Access - Signal Box and Station closed  Box has been retained as Relay Room
Site Usage Notes - Signalling Supply Point RT         (This Supply no longer in use due to vandalism) Signal Box now supplied by East Mid  Trains.  Disconnected 17/1/08",2022-07-29 15:14:24.0000000,Bradley.France@networkrail.co.uk,,Gainsborough Lea Road Signal Box-6424004,,,,,-1979369140,0,0,276,70,0,0,0,0,SPD3,,Eastern,East Midlands,Lincoln,280,0,0,09-10-2025 09:02:27
4058,,2360648,Depot - Barnham MDU (C Eng),Yard area Upside,Barnham Road,Barnham,Sussex,,PO22 0ER,,,1122,0,0,0,06/02/2012,Yes - EDF Phase 1,"113658 IMDM, Brighton, Indirect",,18/04/2019,0,0,0,0,22,"TRANSPORT: Train & Walk 
SITE DIRECTIONS: From Barnham Station: from station cross car park to MDU compound. 
METER LOCATION: Meter located in brick hut back of offices. 
SITE NOTES: 2011:Survey by B Coll,32 Internal lights, 5 Bulkhead,5 Column Heads,Solar 9.96Kwp - Yes 
KEYS REQUIRED: CCC2 
METER TYPE: WC 
CONTACT:  
MAP REFS: ELR_ TBH2- 22 m. 839 y.  
OS REF: SU-95705,04382. 
LAT: 50.831074 - LONG: -0.642399 
EASTINGS: 495705 - NORTHINGS: 104382
",2025-07-30 10:55:19.0000000,George.Murray@networkrail.co.uk,,Barnham MDU (C Eng)-2360648,,,,,1644682512,0,0,278,839,1,113658,0,113671,TBH2,,Southern,Sussex,Brighton,280,50.83107,-0.642399,09-10-2025 09:02:19
8400,,2330973,Blenkinsop Moor NRN,Blenkinsop Moor,Gilsland,Haltwhistle,Northumberland,,CA8 7JH,,,1117,0,0,681,08/04/2015,Yes - Siemens AMR Phase 2,"846031 IMDM, Newcastle, Indirect",,,0,0,0,0,0,"Bill address is Gilsland CA6 7DR
directions: via Pennine Way ‘long distance foot’ (at the top of A69(T) ‘Greenhead Bank’ incline); thru' locked barrier (authorised vehicles only beyond same but accessible on foot), c.900m <south> (LDP turns sharp R <west>), TL <east>, c.400m to Quarry Wood, TR <south> and c.450m to furthest away mast;
site ID: 402 ?
Go through main gate follow track for approx 1.5Mile until you come to  mast meter third cab along				


w3w: spoiler.wiggles.worksheet",2025-03-04 17:30:45.0000000,Drew.Gallagher,,Blenkinsop Moor NRN-2330973,,,,,610079136,0,0,278,0,10,846031,0,118613,NEC2," ",Eastern,North & East,Middlesbrough,280,0,0,09-10-2025 09:02:30
12311,,W7405045,"Appleby Signal Box, REB and MDU (Water)",Belgravia,Appleby,Cumbria,,,CA16 6XZ,,,1120,0,35,681,,,Yes,Delivery Units,30/03/2022 TSB,0,0,0,0,277,"in first large metal lid chamber on footpath to houses by enterance by lamppost

The signal Box share water consumption with REB and MDU 08/10/2025",2025-10-08 13:04:33.0000000,Yat-Long.Lee@networkrail.co.uk,,"Appleby Signal Box, REB and MDU (Water)-7405045",,,,,0,0,0,278,1145,0,0,0,851031,SAC,,LNW,North West,Carlisle,280,0,0,09-10-2025 09:02:38
22200,,2371169,Telecoms < - Exeter St Davids,Isambard Parade,,Exeter,,,EX5 5NT,,,1123,0,0,0,,,,,,0,0,0,0,193,,2025-03-04 17:34:41.0000000,Drew.Gallagher,,,,,,,-1934053023,0,0,278,1540,0,0,0,892031,MLN1,,Wales & Western,Western,West,280,50.72918,-3.542406,09-10-2025 09:02:52
22664,,E2352518,Edinburgh Waverley Station Car Park (Elec),Waverley Station,New Street,Edinburgh,Midlothian,Scotland,EH1 1BB,,,1121,0,59,0,,,,,,0,0,0,0,0,,2025-03-20 11:46:18.0000000,Grace.Emmence,Utilities Scotland <UtilitiesScotland@networkrail.co.uk>,,,,,,-822512093,0,0,278,0,0,0,0,752459,,,Scotland's Railway - Scotland,Managed Stations,Edinburgh Waverley Station,280,0,0,09-10-2025 09:02:52
14023,,4141412,NTfT - Ascot Signalling,Nr Ascot Station,Station Hill,Ascot,Berkshire,,SL5 9FD,,,1122,0,0,666,30/05/2014,Yes - EDF Sub Meter,Yes NTfT,,,0,0,0,0,28,Also supplied by 4141413 and 5666004,2025-07-30 10:55:37.0000000,George.Murray@networkrail.co.uk,,Ascot C1-4141412,,,,,-1890288099,0,0,278,1580,3,0,0,113671,RDG1,U,Southern,Wessex,Inner,280,0,0,09-10-2025 09:02:40
11930,,W7405573,Stafford MDU Depot (Water),Brunswick Terrace,Stafford,Staffordshire,,,ST17 4DX,,,1120,0,33,667,,,Yes,Delivery Units,17/01/2022 TSB,0,0,0,0,133,"New meter located in chamber by eneterance gate to depot off Wolverhampton Road
BS Start read 3028
remote reader fitetd 17/01/2022",2025-03-04 17:32:16.0000000,Drew.Gallagher,,Stafford MDU Depot (Water)-7405573,,,,,1476093166,0,0,278,620,0,0,0,858031,LEC3,,LNW,WCS,Stafford,280,0,0,09-10-2025 09:02:38
1365,,2330055,Castleford New Signal Box SITE TO VISIT (Closed),Albion Street,Castleford,West Yorkshire,,,WF10 1QX,,,1092,0,0,671,,,Yes,,,0,0,0,0,21,,2022-07-29 15:14:22.0000000,Bradley.France@networkrail.co.uk,,Castleford New Signal Box SITE TO VISIT-2330055,,,,,-1178596051,0,0,276,470,0,0,0,0,NOC,,Eastern,North & East,York,280,0,0,09-10-2025 09:02:12
1361,,2330047,Filey Station (TOC),Filey Station,Station Avenue,Filey,North Yorkshire,,YO14 9PE,,,1117,0,0,674,20/05/2015,Yes - Siemens AMR Phase 2,"848031 IMDM, York, Indirect",,,0,0,0,0,44,"Site Usage Notes - Northern Spirit Station Lighting(Fixed Charge)  Signal Box RT
park outside station meter located behind black door on left hand side key access is from taxi rank joined onto station

20may16: COT (for this site and a number of similar sites where supply is 100% TOC use) requires to be approved with the appropriate person within the TOC; ideally the TOC should instruct their electricity supplier to initiate the process - to ensure a consistent approach it is recommended the NR Bureau o-c team should engage/liaise directly with the TOC to ensure this matter is progressed to conclusion",2025-03-04 17:30:44.0000000,Drew.Gallagher,,Filey Station & Signal Box-2330047,,,,,-1549511777,0,0,278,770,9,848031,0,118615,HBS,,Eastern,North & East,York,280,0,0,09-10-2025 09:02:12
8078,,E9624002,PH (+) - Shields Junction (DK),MacLellan Street,Kinning Parkway Business Park,Glasgow,,Scotland,G41 1RR,,,1121,0,20,680,13/08/2013,Yes - EDF,"863031 IMDM, Glasgow, Indirect",,13/8/2013,0,0,0,0,1,"Site Location - proceed along Vermont Street leading onto MacLellan Street and follow to end of roadway (Cable & Wireless industrial unit entrance gate ahead) thence 120m along footpath/C&W fenceline (M77 elevated ramp on r.h.s.) to supply kiosk
Site Access - from  footpath  & through trees to foot of banking and rly fencing at corner of Cable&Wireless site
Site Usage Notes - Point heating via CC'A' 5ends: 483a/b, 485T A, 485H A, 485B, junction lighting, OHL MOS (all either renewed/upgraded/added as part of PCI pjt)
",2025-03-04 17:32:50.0000000,Drew.Gallagher,Utilities Scotland <UtilitiesScotland@networkrail.co.uk>,Shields Jn DK  B  PH-9624002,,,,,-816021288,0,0,278,800,5,863031,0,863031,AYR1,,Scotland's Railway - Scotland,Delivery Units,Glasgow DU,280,0,0,09-10-2025 09:02:30
5152,,E2978004,Agecroft GSMR 0802 Pts Htg & RR,Park Bridge Road,off Langley Road South,Salford,,,M6 6JH,,,1120,0,36,679,22/09/2014,Yes - Siemens AMR Phase 2,"854031 IMDM, Manchester, Indirect",Delivery Units,20/11/2022 TSB,0,0,0,0,3,"Site Location - From Pendleton Station Continue along the A576 Broughton Rd. and turn left into Langley Rd. South. Follow the road and turn left into Park Bridge Road Marked as Tarmac Access and continue to the rail bridge
Site Access - Access via the steel gate adjacent to the bridge and continue across the track to the supply cubicle
Site Usage Notes - Point  Heating - Relay Room and GSMR
meter is located in a stel cab next to the road bridge over the rails. Access for tracks is past entrance for tarmac past the rocks blocking the road. Walk upto bridge and turn right and walk down the bank and through the gates onto railway. Cross the track and turn left under the bridge and cab is the furthest one away at end of bridge
SIM Swap 20/09/2022",2025-03-04 17:31:57.0000000,Drew.Gallagher,,Agecroft Relay Room-2978004,,,,,-904844914,0,0,278,500,3,854031,0,854031,MVE1," ",LNW,North West,Manchester,280,0,0,09-10-2025 09:02:21
8503,,RUGG,Rugby (Closed 2017),Eon-CN(E) Substation,Off Old Leicester Road,Rugby,,,CV21 1SS,,,1092,0,0,667,,,No,,,0,0,0,0,0,,2023-08-08 11:02:03.0000000,Alan Bullock,,Rugby-RUGG,,,,,1702406196,0,0,276,0,0,0,0,0,,T,Traction,West Coast Main Line,,280,0,0,09-10-2025 09:02:32
4167,,2360833,PH - Slade Green (CLOSED) 07/05/21,Whitehall Lane,Erith,Bexley,Kent,,DA8 2DR,,,1092,0,0,0,22/05/2012,Yes - EDF Phase 1,"113658 IMDM, London Bridge, Indirect",,04/06/2019,0,0,0,0,15,"TRANSPORT: Train & Walk 
SITE DIRECTIONS: From Slade Green Station: cross over footbridge. 
METER LOCATION: Meter cabinet at base of footbridge. 
SITE NOTES: 20/12/18_Meter exchanged from P09A11870 last reading R1:038237, R2:094108. to E18UP15339 first reading '0'. Could be feeding FTN & Lighting, 07/05/20_ complete Disconnect on supply carried out by UKPN Ref No: 8500143056. supply was replaced by 5000218. 
KEYS REQUIRED: CCC2 
METER TYPE: WC 
CONTACT:  
MAP REFS: 
ELR_ NKL- 15 m. 776 y.  
OS REF: TQ-52252,76536. 
LAT: 51.467321 - LONG: 0.190532 
EASTINGS: 552252 - NORTHINGS: 176536


",2025-07-31 13:00:28.0000000,George.Murray@networkrail.co.uk,,Slade Green Point Heating-2360833,,,,,1717826882,0,0,276,776,5,113658,522000,113671,NKL,,Southern,Kent,London Bridge,280,51.46732,0.190532,09-10-2025 09:02:19
265,,1534001,Leagrave Station Relay Room & SSP,Leagrave Station,High Street,Luton,,,LU4 9BA,,,1117,0,0,671,22/10/2014,Yes - Siemens AMR Phase 2,"900031 IMDM, Bedford, Indirect",,,0,0,0,0,32,"Site Location - From M1 South (J11). TL onto A5228 (Dunstable Rd) - Thru T/Lights & TL @ island onto Oakley Rd. At T/Lights @ top TR onto High Street / Grange Ave  & TR   T/lights to Station Car Park.
Site Access - Key = AEK P/C !??
Site Usage Notes - No other usage
IN RELAY ROOM ON STATION PLATFORM, YOU MUST SIGN IN AT TICKET OFFICE
Supply shared with 4141559 NTfT",2025-03-04 17:29:52.0000000,Drew.Gallagher,,Leagrave Station Relay Room & SSP-1534001,,,,,1813454336,0,0,278,1391,9,900031,0,118618,SPC1,,Eastern,East Midlands,Bedford,280,0,0,09-10-2025 09:02:04
14167,,2380133,Fenchurch Street Station Tenants (Water),Fenchurch Place,London,Greater London,,,EC3M 4AJ,,,1092,0,0,666,,,No,,,0,0,0,0,0,,2018-03-26 11:24:46.3230000,Andrew Vickers,,Fenchurch Street Station Tenants (Water)-2380133,,,,,1687324303,0,0,0,0,0,0,0,0,,,Managed Stations,Tenants,,280,0,0,09-10-2025 09:02:40
9657,,E2351315,GSMR - Easthaven (6421A),nr. Bridge 224,Station Row,Easthaven,Carnoustie,Scotland,DD7 6LN,,,1121,0,36,672,13/01/2012,Yes - UPL,"862031 IMDM, Perth, Indirect",,,0,0,0,0,12,,2025-03-04 17:32:46.0000000,Drew.Gallagher,Utilities Scotland <UtilitiesScotland@networkrail.co.uk>,Easthaven GSM-R 6421A-2351315,,,,,-402418251,0,0,278,440,6,862031,0,862031,ECN3," ",Scotland's Railway - Scotland,Delivery Units,Perth DU,280,0,0,09-10-2025 09:02:35
1030,,E2320086,Mancetter Crossing GSM-R 8221 MAC,Quarry Lane,Mancetter,Atherstone,,,CV9 2RA,,,1120,0,36,667,19/09/2014,Yes - Siemens AMR Phase 2,"858031 IMDM, Stafford, Indirect",Delivery Units,30/07/2019 TSB,0,0,0,0,100,as you come around the bend on Quarry lane just before the bridge meter located on the right in fenceline,2025-03-04 17:31:21.0000000,Drew.Gallagher,,Mancetter Crossing GSM-R-2320086,,,,,457821740,0,0,278,1750,6,858031,0,858031,LEC2," ",LNW,WCS,Stafford,280,0,0,09-10-2025 09:02:04
5925,,5255004,LC - Chichester Whyke Road CCTV,Whyke Road Crossing,Whyke Road,Chichester,West Sussex,,PO19 8HP,,,1122,0,0,0,20/09/2014,Yes - Siemens AMR Phase 2,"113658 IMDM, Brighton, Indirect",,,0,0,0,0,27,"Site Location - From Chichester Station Platform 2 side:
1.0  Exit via car park and Station Approach Road and turn right into Basin Road.
2.0  Turn left into Kingsham Avenue.  Proceed to the end of the road.
3.0  Turn left into B2145 Whyke Road.  Proceed to the crossing.
4.0  Cabinet is located on the right just after the crossing, north side.
Site Access - None
Site Usage Notes - Level Crossing no other usage.
CCC2 key, opens to street.
",2025-07-30 10:55:32.0000000,George.Murray@networkrail.co.uk,,Chichester Whyke Road CCTV Level Crossing-5255004,,,,,974253226,0,0,278,1536,7,113658,0,113671,TBH2,,Southern,Sussex,Brighton,280,0,0,09-10-2025 09:02:24
7981,,9467006,North Seaton Gate Box,Newbiggin Road,Ashington,Northumberland,,,NE63 0TB,,,1117,0,0,669,02/05/2012,Yes - EDF Phase 1,"846031 IMDM, Newcastle, Indirect",,,0,0,0,0,1,"Site Location - follow A196 north> from Stakeford and level crossing at top of hill after crossing over RiverWansbeck [or] from Ashington centre A196 <south>
Site Access - via staff car park and thru post/wire fence     dual locked: MMA/C - NEEB
Site Usage Notes - No Other Usage RT",2025-03-04 17:30:48.0000000,Drew.Gallagher,,North Seaton Gate Box-9467006,,,,,626933684,0,0,278,1660,4,846031,0,118613,BWC,,Eastern,North & East,Middlesbrough,0,0,0,09-10-2025 09:02:30
10064,,2331187,Wyke Tunnel GSM-R 4087,"Off Junction of Kingsmark Freeway and Junction of ",Low Moor,Bradford,,,BD4 6SF,,,1117,0,0,671,07/06/2012,Yes - UPL,"844031 IMDM, Leeds, Indirect",,,0,0,0,0,37,"Start from Bradford…. 1. Head southeast on Westgate/A6181 toward Providence St,0.1 mi  
 2. Turn right onto Godwin St/A6181,0.2 mi  
 3. Slight left onto Godwin St,456 ft  
 4. At the roundabout, take the 2nd exit onto Manchester Rd/A641,1.3 mi  
 5. Slight left toward Mayo Ave/A6177,0.2 mi  
 6. Continue straight onto Mayo Ave/A6177,continue to follow A6177,0.4 mi  
 7. Keep left at the fork, 0.2 mi  
 8. At the roundabout, take the 3rd exit onto Staithgate Ln,1.1 mi  
 9. Continue onto Commondale Way, Destination will be on the right,0.2 mi  
",2025-03-04 17:31:05.0000000,Drew.Gallagher,,Wyke Tunnel GSM-R 4087-2331187,,,,,-82438062,0,0,278,1376,6,844031,522000,118612,MRB," ",Eastern,North & East,Leeds,0,0,0,09-10-2025 09:02:35
2862,,E2350090,PH - Kirtlebridge GSP (DK1),off B722 Eaglesfield Road,Kirtlebridge,Lockerbie,,Scotland,DG11 3WW,,,1121,0,20,681,12/03/2010,Yes - SP Metering (Dataserve),"861031 IMDM, Motherwell, Indirect",,,0,0,0,0,17,"Site Location - A74(M) J20 onto B722 signed  Eaglesfield   cross bridge over B7076 (slip road access to B7076 on l.h.s.after crossing bridge)  100m ahead B722 crosses bridge #61 over railway  AAP(P) on r.h.s. at OB61  thence c.120m along path inside of boundary fencing
Site Access - via AWR - not on or near running lines but HVV to be worn  -  PS1 padlock only
Site Usage Notes - Point heating via CC1 - 4 ends - total heating load = 16kW

DG11 3LE was in Country field. may be neede or sat nav purpose",2025-03-04 17:32:43.0000000,Drew.Gallagher,Utilities Scotland <UtilitiesScotland@networkrail.co.uk>,Kirtlebridge DK1 GSP PH-2350090,,,,,-1136845383,0,0,278,160,5,861031,0,861031,WCM1,,Scotland's Railway - Scotland,Delivery Units,Motherwell DU,280,0,0,09-10-2025 09:02:16
22150,,E2335164,Hutton Bonville Feeder Station (New),Hall Farm,,Northallerton,,United Kingdom,DL7 0NR,07884 443398,,1117,0,0,0,,,,,,0,0,0,0,0,,2025-03-04 17:30:44.0000000,Drew.Gallagher,,,,,,,1514264301,0,0,278,0,0,0,0,118615,,,Eastern,East Coast,Darlington,280,0,0,09-10-2025 09:02:49
13734,,4141290,NTfT - South Croydon Signalling,Moreton Road,,Croydon,,,CR2 7DH,,,1122,0,0,666,,Yes - EDF Sub Meter,Yes NTfT,,,0,0,0,0,11,,2025-07-30 10:55:43.0000000,George.Murray@networkrail.co.uk,,South Croydon Supply 1-4141290,,,,,-496922814,0,0,278,880,3,0,0,113671,SCU1,U,Southern,Sussex,Croydon,280,0,0,09-10-2025 09:02:40
22253,,6733009,RIDC Melton Traction,Asfordby Business Park,Melton Road,Melton Mowbray,,,LE14 3JL,,,1092,0,0,0,,,,,,0,0,0,0,0,,2022-05-19 11:57:31.0000000,Alan Bullock,,,,,,,-914493694,0,0,0,0,0,0,0,572002,,,HQ - Projects,RIDC Melton,,280,0,0,09-10-2025 09:02:52
18690,,4142871,CRH - Wadhurst Up CRH2 (03909-K-01),Wadhurst Station,,Kent,,,TN5 6PT,,,1122,0,0,677,,Yes - EMig Con Rail Sub Meter,Yes NTfT,,,0,0,0,0,39,,2025-07-30 10:55:16.0000000,George.Murray@networkrail.co.uk,,Wadhurst Up CRH2 (03909-K-01)-4142871,,,,,-648351204,0,0,278,209,14,0,0,113671,TTH,U,Southern,Kent,Orpington,280,0,0,09-10-2025 09:02:44
11298,,7405339,Bedlington South Signal Box (Gas) (Closed),Station Road,Bedlington,Northumberland,,,NE22 5HB,,,1092,0,0,669,,,Yes,,,0,0,0,0,15,,2022-07-29 15:14:18.0000000,Bradley.France@networkrail.co.uk,,Bedlington South Signal Box (Gas)-7405339,,,,,783409073,0,0,276,1320,4,846031,0,118613,EJM,,Eastern,North & East,Middlesbrough,280,0,0,09-10-2025 09:02:38
6817,,6615132,Birmingham Archive Unit 4,Unit No 4,Lower Trinity Street,Birmingham,,,B9 4AG,,,1092,0,0,667,,,No,,,0,0,0,0,128,"Site Access - Not Known
Site Usage Notes - No Other Usage ?",2022-12-16 11:47:50.0000000,Terry Bleasdale,,Birmingham Archive Unit 4-6615132,,,,,-1756315639,0,0,0,700,0,0,0,0,DCL,,X-Deleted,Old record,Business Space /RIG,280,0,0,09-10-2025 09:02:27
256,,1519002,Cricklewood South Point Heating,Richborough Road,Brondesbury,Camden,London,,NW2 3LR,,,1117,0,0,666,15/11/2011,Yes - EDF Phase 1,"900031 IMDM, Bedford, Indirect",,,0,0,0,0,4,"Site Location - Approach from A406 North Circular Road  take A5 Edware Road turn off and follow to Cricklewood Broadway and turn left into Richborough Road.
Site Access - RC 27 Key required. Brambles must be cut back.
Site Usage Notes - No other usage",2025-03-04 17:30:33.0000000,Drew.Gallagher,,Cricklewood South Point Heating-1519002,,,,,1452759790,0,0,278,1570,5,900031,0,118618,SPC1,,Eastern,East Midlands,Bedford,0,0,0,09-10-2025 09:02:04
13601,,T4141158,Euston Station SSPD Transformer B NTfT,"Euston Station Parce;ls Deck ",Euston Road,London,,,NW1 2RT,,,1120,0,59,666,,Yes - EDF Sub Meter,Yes NTfT,Non-Traction from Traction,05/11/2024 TSB,0,0,0,0,0,"was SS3 EW/TR-B NTfT mouinted at rear of panel Voltage supply via MCB inside main panel cover now reloacted to Right hand panel in SSPD
meter reprogrammed for 1600/5 ct 09/08/2023",2025-03-04 17:32:06.0000000,Drew.Gallagher,,Euston  Ss3 Substation West  Txb-4141157,,,,,-1452413952,0,0,278,60,11,0,0,752309,LEC1,T,LNW,WCS,MS - EUS,280,0,0,09-10-2025 09:02:40
418,,1947027,South Wigston Station (Closed),Kenilworth Road,Wigston,Leicester,,,LE18 4XU,,,1092,0,0,667,,,"901031 IMDM, Derby, Indirect",,,0,0,0,0,14,"Site Location - From the B5366 take Gloucester Road  follow the road until you arrive at the crossroads  then turn right into Kenilworth  Drive.
Site Access - RKB 222
Site Usage Notes - feeds platform lights.

Supplied transferred to TOC",2020-07-15 10:58:29.0000000,Tom Ward,,South Wigston Station-1947027,,,,,-1252291577,0,0,276,1250,11,901031,522000,118619,WNS,,Eastern,East Midlands,Derby,280,0,0,09-10-2025 09:02:04
11788,,2331329,Clipstone East Junction GSM-R 4039,Archway Road,Old Clipstone,Mansfield,,,NG21 9JJ,,,1117,0,0,671,,Yes - UPL,"847031 IMDM, Sheffield, Indirect",,,0,0,0,0,15,"Site Directions: From Thoresby Football Club & Cricket Club
1)	Head east on Fourth Ave towards Fifth Ave (0.1 miles)
2)	Turn left onto Fifth Ave (0.2 miles)
3)	Turn left onto Mansfield Rd / A6075 (1.0 miles)
4)	Turn left onto unnamed road",2025-03-04 17:30:30.0000000,Drew.Gallagher,,Clipstone East Junction GSM-R 4039-2331329,,,,,-1640680291,0,0,278,727,6,847031,0,118619,HIM," ",Eastern,East Midlands,Derby,0,0,0,09-10-2025 09:02:38
3890,,2360405,PH - Haslemere LE and CE,Lower Street,Weyhill,Haslemere,Surrey,,GU27 1DB,,,1122,0,0,666,10/11/2014,Yes - Siemens AMR Phase 2,"882031 IMDM, Woking, Indirect",,10th May 2017,0,0,0,0,43,"HOW TO GET THERE
Site Location - Exit Haslemere Station right down Wey Hill  turn right into Weydown Road  under railbridge  then right into Factory Estate.  Cabinet is on the right in the fenceline, with the station behind.

METER LOCATION
Meter is located in a steel cab in the fenceline opposite the entrance to jewsons. Drive into jewsons car park and the cab is on the right

NOTES
NHH, three phase, 415v
CT METERING
Agreed capacity 54 kVA
Site Access - CCC2 key for cabinet.
Site Usage Notes - Points Heating L/E and C/E

PARKING
At cabinet",2025-07-30 10:55:47.0000000,George.Murray@networkrail.co.uk,,Haslemere Points Heating-2360405,,,,,745200177,0,0,278,2,5,8001,0,113671,WPH1,,Southern,Wessex,Outer,280,51.08901,-0.719453,09-10-2025 09:02:19
10779,,G7405216,Stoke on Trent Power Signal Box (Gas),Stoke Road,,Stoke on Trent,Staffordshire,,ST4 2RW,,,1120,0,35,667,11/12/2012,Yes - Total Gas,Yes,Delivery Units,15/01/2025 TSB,0,0,0,0,19,"Site Location - Continue down the M6 to Junct. No.16 and turn onto the A500 for Stoke. Follow the road to the first roundabout and turn onto the A5006 Stoke Road. Continue under the railway bridge and turn left into the approach road to the Power Box.Through gate to power box tehn thropugh gate on LHS to side of signalnox and meter is in green GRP Cabinet
09/05/2018 AMR Swap",2025-03-04 17:32:11.0000000,Drew.Gallagher,,Stoke-on-Trent Power Signal Box (Gas)-7405216,,,,,1197270717,0,0,278,1305,4,858031,520000,858031,CMD2,,LNW,WCS,Stafford,280,0,0,09-10-2025 09:02:38
8749,,9999914,Whittlesea Crossing Keeper hut,Station Road,Whittlesey,Cambridgeshire,,,PE7 1UL,,,1117,0,0,670,,,Yes,,,0,0,0,0,94,,2025-03-04 17:30:02.0000000,Drew.Gallagher,,Whittlesea Crossing Keeper hut-9999914,,,,,1343299588,0,0,0,68,0,0,0,117602,EMP,,Eastern,Anglia,Tottenham,280,0,0,09-10-2025 09:02:32
9053,,E2341151,"Aston Station  GSM-R 3024 ",Off Aston Hall Road,Aston,Birmingham,,,"B6 7LA ",,,1120,0,36,667,01/02/2011,Yes - UPL,"857031 IMDM, Sandwell & Dudley, Indirect",Delivery Units,12/06/2025 TSB,0,0,0,0,2,"At the end of the public footpath linking Aston Hall Road to Aston Station
MEx 22/08/2024
MEx Safety Recalll EMLITE Port 12141 - 12/06/2025
",2025-06-12 17:08:27.0000000,Terry Bleasdale,,Aston Station  GSM-R (3024)-2341151,,,,,-348219948,0,0,278,11,6,857031,0,857031,PBJ," ",LNW,Central,Sandwell & Dudley,280,0,0,09-10-2025 09:02:32
18475,,4142656,CRH - Ramsgate No.2 Road CRH2 (08560-K-02),Ramsgate,,Kent,,,CT12 6EE,,,1122,0,0,0,,Yes - EMig Con Rail Sub Meter,Yes NTfT,,,0,0,0,0,85,,2025-07-30 10:55:13.0000000,George.Murray@networkrail.co.uk,,Ramsgate No.2 Road CRH2 (08560-K-02)-4142656,,,,,991867445,0,0,278,1320,14,0,0,113671,ACR,U,Southern,Kent,Ashford,280,0,0,09-10-2025 09:02:44
20245,*,4141976,Normans Bay Signalling B NTfT (ums),Sluice Lane,Cooden,Bexhill-on-Sea,,,TN39 4TR,,,1092,0,0,677,,No - Unmetered NTfT,Yes NTfT,,,0,0,0,0,16,,2021-01-13 14:02:10.0000000,Rachel.Fisch,,,,,,,2074917645,0,0,0,1225,3,0,0,113658,WJB,U,Southern,Sussex,Brighton,0,0,0,09-10-2025 09:02:49
9214,,4249534,GSMR - Oxted Tunnel CE site 2246,Oxted Tunnel Country End,Chalkpit Lane,Oxted,Surrey,,RH8 0QN,,,1122,0,0,666,06/09/2011,Yes - UPL,"113658 IMDM, Croydon, Indirect",,,0,0,0,0,19,"1. Head southwest on Station Rd W,253 ft  
2. At the roundabout, take the 3rd exit onto Church Ln, 0.2 mi  
3. Continue onto Barrow Green Rd,0.2 mi  
4. Slight right at Gordons Way, 0.3 mi  
5. Slight left at Chalkpit Ln, go under bridge,  Destination will be on the left,0.6 mi  
",2025-07-30 10:55:28.0000000,George.Murray@networkrail.co.uk,,Oxted Tunnel Country End  GSM-R site 2246-4249534,,,,,-1727900148,0,0,278,1173,6,113658,0,113671,SCU1," ",Southern,Sussex,Brighton,280,0,0,09-10-2025 09:02:32
1056,,E2320128,Dudswell GSM-R 8361 DUB,Bridge 106,Off Dudswell Lane,Dudswell,Berkhamsted,,HP4 3TG,,,1120,0,36,666,02/07/2014,Yes - Siemens AMR Phase 2,"859031 IMDM, London Euston, Indirect",Delivery Units,02/07/2014 TSB,0,0,0,0,29,meter is located in a large steel cab next to the mast. The accesss is about 100 yards from bridge 105 go throught the gate and follow tyre tracks down to mast and the cab  is in the fenceline,2025-03-04 17:31:19.0000000,Drew.Gallagher,,Dudswell GSM-R-2320128,,,,,1525825806,0,0,278,1363,6,859031,0,859031,LEC1," ",LNW,WCS,Bletchley,280,0,0,09-10-2025 09:02:11
12422,,2310507,Church Street AHB railway Crossing Portaloo DO NOT PAY,Church Street,Kelvedon,Colchester,Essex,,CO5 9AL,,,1117,0,0,670,,,Yes,,,0,0,0,0,41,17/04/18 Submitted Wave's Disconnection Request form,2025-03-04 17:30:06.0000000,Drew.Gallagher,,Church Street AHB railway Crossing Portaloo-2310507,,,,,2058603519,0,0,0,1139,0,0,0,117602,LTN1,,Eastern,Anglia,Ipswich,280,0,0,09-10-2025 09:02:40
5614,,4387033,Shifnal Signalling Supply Point (Closed),Bonemill Bridge on Unclassified Road,Off A464,Shifnal,Shropshire,,TF11 9HH,,,1092,0,0,667,,,No,,,0,0,0,0,152,"Site Location - Turn off  A464 into unnamed  unclassiefied Lane next to Monsoon Restaurant. Park by bridge go through track access gate and cross to opposite side of tracks climb up bank and go under bridge, meter is in wooden cubicle
Site Access - Alien lock fitted  door has been smashed.
Site Usage Notes - No other usage
",2018-03-26 11:29:21.8700000,Andrew Vickers,,Shifnal Signalling Supply Point (Closed)-4387033,,,,,-1340285083,0,0,276,1360,0,0,0,0,WSJ2,,X-Deleted,Old record,Saltley,280,0,0,09-10-2025 09:02:24
5503,,3899028,"Points Heating + - Cardiff East ",Cardiff Central Station,Cardiff,South Glamorgan,,,CF10 1FE,,,1123,0,20,676,11/03/2012,Yes - EDF Phase 1,"894031 IMDM, Cardiff, Indirect",,02/03/2025,0,0,0,0,170,"Located in cess to the east of Platform 0/1/2 at Cardiff Central. PTS required, access off the end of platform 1/2 and follow track/cess, cabinet on left hand side at the back of hotel.

Key - 221

Site Usage Notes - Also feeds REB.  Meter reading         28/06/02 :- L-096470  N-128986.",2025-03-17 12:09:26.0000000,Rhys Samuel,,Cardiff East Points Heating-3899028,,,,,-1625682368,0,0,278,720,5,894031,0,894031,SWM2,,Wales & Western,Wales,Cardiff,280,51.4762,-3.175571,09-10-2025 09:02:24
13740,,4141296,NTfT - Twickenham Signalling F431,Brewery Lane,,Twickenham,,,TW1 1BB,,,1122,0,0,666,,Yes - EDF Sub Meter,Yes NTfT,,,0,0,0,0,11,Also supplied by 4141297 and 5574002,2025-07-30 10:55:43.0000000,George.Murray@networkrail.co.uk,,Twickenham C1-4141296,,,,,1640844320,0,0,278,790,3,0,0,113671,RDG1,U,Southern,Wessex,Inner,280,0,0,09-10-2025 09:02:40
7015,,6861011,"Colchester North TSC & ex-TSC building. ",Brick Kiln Lane,Near Cowdrey Centre,Colchester,Essex,,CO6  4EU,,,1117,0,0,670,,No,"820031 IMDM, Ipswich, Indirect",,,0,0,0,0,52,"Site Location - Quarter of a mile along Public footpath from  North Station Road  to TSC building. In fenceline on approach road to power signalbox.
Site Access - LT205 or REC key
Site Usage Notes - No other usage

22/03/21 Point Heating transferred to new supply MPAN1050002070510...JKB",2025-03-04 17:30:00.0000000,Drew.Gallagher,,Colchester North Country End Point Heating-6861011,,,,,1744572309,0,0,278,53,5,1001,0,820031,LTN1,,Eastern,Anglia,Ipswich,280,0,0,09-10-2025 09:02:27
21912,*,,St Brides-Imperial Park,,,,,,,,,1092,0,0,0,,,,,,0,0,0,0,0,,2020-02-04 16:07:11.0000000,Tom Ward,,,,,,,-1835442682,0,0,0,0,0,0,0,0,,,,,,0,0,0,09-10-2025 09:02:49
1812,,E2330691,Northampton Loop/Drivers Walkway,Spencer Bridge Road,,Northampton,,,NN1 2SD,,,1120,0,41,667,14/03/2014,Yes - Siemens AMR Phase 2,"850031 IMDM, Bletchley, Indirect",Delivery Units,21/01/2025 TSB,0,0,0,0,66,"located in steel cabinet to RHS of track access gate of Spencer Bridge road
Site Usage Notes - Drivers walkway lighting & relay rooms.
meter located in steel cab on the pavement of spencer bridge next to stairs to the rail and a building with a sign on saying printedproducts.co.uk in blue letters. The cab is built into the steel fence line.
on pavement of the bridge or in siemans yard with permission

Modem & SIM Swap 16/08/2018",2025-03-04 17:31:23.0000000,Drew.Gallagher,,Northampton Loop-2330691,,,,,-1749282784,0,0,278,240,9,850031,0,850031,HNR,,LNW,WCS,Bletchley,280,0,0,09-10-2025 09:02:12
4518,*,2370366,Reading MDU1 (Closed),Cattle Pens Sidings,Off Caversham Road,Reading,,,RG1 8AA,,,1092,0,0,666,,,No,,,0,0,0,0,36,"Site Location - Turn right out of Reading station and follow road down to dual carriageway. Turn right under railway bridge to pedestrian crossing. Cross road turn left past fire station turn right up access road to depot
Site Access - Grand Master key for door into building
Site Usage Notes - HH Metered.  Meter reading              24/06/03 :- 126182  Sub-meter 001660.",2019-06-12 10:16:13.0000000,Clare Rich,,Reading MDU1-2370366,,,,,72958567,0,0,276,1200,0,0,0,0,MLN1,,Western,Reading,Reading,280,0,0,09-10-2025 09:02:21
4696,*,2370565,Alexander Dock Yard (AD Yard) PSP (Closed),Bideford Road (off Cardiff Road),Newport,Gwent,South Wales,,NP20 3BT,,,1092,0,0,0,,,No,,,0,0,0,0,160,"Site Location - M$ jct 28 take Cardiff Road. Turn right into Bideford road and follow to the end. Vehicle access via Network Rail access gates. Drive to the right to road over rail bridge
Site Access - BRW key
Site Usage Notes - Principle signalling supply  lighting  points heating
ACCORDING TO MPAS, SUPPLY WAS DISCONNECTED IN SEP 09.  NOT BEING BILLED BY BE.",2017-04-12 13:39:17.5100000,Adam De Benedictis,,Alexander Dock Yard (AD Yard) PSP-2370565,,,,,-442702578,0,0,276,300,0,0,0,0,SWM2,,Wales,Cardiff,Newport,280,0,0,09-10-2025 09:02:21
18444,,4142625,CRH - Preston Park Up Main Plat. 2 CRH1 (04912-S-02),Preston Park Station,,Brighton,,,BN1 6SF,,,1122,0,0,0,,Yes - EMig Con Rail Sub Meter,Yes NTfT,,,0,0,0,0,49,,2025-07-31 13:00:15.0000000,George.Murray@networkrail.co.uk,,Preston Park Up Main Plat. 2 CRH1 (04912-S-02)-4142625,,,,,1550146078,0,0,278,264,14,0,0,113671,VTB3,U,Southern,Sussex,Brighton,280,0,0,09-10-2025 09:02:44
18261,,4142442,CRH - Hollingbourne Up CRH2 (04475-K-01),Hollingbourne,,Kent,,,ME17 1TX,,,1122,0,0,0,,Yes - EMig Con Rail Sub Meter,Yes NTfT,,,0,0,0,0,44,,2025-07-31 13:00:13.0000000,George.Murray@networkrail.co.uk,,Hollingbourne Up CRH2 (04475-K-01)-4142442,,,,,1903649699,0,0,278,1661,14,0,0,113671,SBJ,U,Southern,Kent,Ashford,280,0,0,09-10-2025 09:02:44
7158,,7226002,Westerfield Station & AHB level crossing,Westerfield Station platform,Westerfield Road,Westerfield,Ipswich,Suffolk,IP6 9AG,,,1117,0,0,670,06/10/2014,Yes - Siemens AMR Phase 2,"820031 IMDM, Ipswich, Indirect",,,0,0,0,0,72,"Site Location - From Ipswich North on B1077  Westerfield road  to crossing
Site Access - LT205 key required
Site Usage Notes - Westerfield Station, AHB CCTV, Crossing Hut, Telecom REB, Signalling REB, Point Heating & GSM-R (3105)",2025-03-04 17:29:58.0000000,Drew.Gallagher,,Westerfield Station & AHB level crossing-7226002,,,,,742717786,0,0,278,377,9,820031,522000,820031,ESK," ",Eastern,Anglia,Ipswich,0,0,0,09-10-2025 09:02:27
4763,*,2379001,Newton Abbot MDU (Water),Graveyard Sidings,Quay Road,Forde Road,Newton Abbot,,TQ12 4AB,,,1092,0,0,682,,,Yes,,,0,0,0,0,213,"Site Location - From A380 to Torquay take A381 into Newton Abbot. Take first right into Brunel Rd (by signal gantry). Turn left at T jn (still Brunel Rd) and then right into Forde Rd.  Turn first left into Quay Road and bear round to left.
Site Usage Notes - Rdg on 22/9/04 06283.",2019-07-18 15:08:33.0000000,Clare Rich,,Newton Abbot IMU-2379001,,,,,-1983729063,0,0,276,1571,0,0,0,892031,MLN1,,Western,Plymouth,Exeter-Newton Abbott,280,0,0,09-10-2025 09:02:21
18676,,4142857,CRH - Upper Warlingham Up road CRH1 (01519-S-01),Upper Warlingham,,Surrey,,,CR3 0ER,,,1122,0,0,666,,Yes - EMig Con Rail Sub Meter,Yes NTfT,,,0,0,0,0,15,,2025-07-30 10:55:16.0000000,George.Murray@networkrail.co.uk,,Upper Warlingham Up road CRH1 (01519-S-01)-4142857,,,,,-913102247,0,0,278,418,14,0,0,113671,SCU1,U,Southern,Sussex,Croydon,280,0,0,09-10-2025 09:02:44
22958,,AGS02423,ARCH AT 31 MERCHANT LANE," ",Glasgow,Glasgow,x,,DC2007,,,1126,0,0,0,,,,,,0,0,0,0,0,,2025-03-12 12:24:15.0000000,Grace.Emmence,,,,,,,299424192,0,0,1113,0,0,0,0,705220,,,Scotland Commercial Property,Glasgow," ",0,0,0,09-10-2025 09:02:52
2930,,E2350161,PH - Culloden Moor,Newlands of Culloden,Culloden Moor,Inverness,,Scotland,IV2 5EF,,,1121,0,20,0,04/07/2012,Yes - EDF Phase 1,"862031 IMDM, Perth, Indirect",,,0,0,0,0,111,"Site Location - A9(T)<southbound> turn east onto B9177 (signed Milton of Leys)  follow to B9006 at Cumberland s Stone  TL onto Newlands of Culloden to Cartraybruich unclassified road and immediately after rail bridge TR into Colas depot access and follow to old platform
Site Access - from Apparatus Hut to foot of ramp and along redundant siding
Site Usage Notes - Point + clamplock heaters - 5 ends via CC1 & CC2; CC'1' : south No1 GF a/b & 141 points;  CC'2' : north No2 GF a/b - heating load 28.2kW",2025-03-04 17:32:54.0000000,Drew.Gallagher,Utilities Scotland <UtilitiesScotland@networkrail.co.uk>,Culloden Moor Point Heating-2350161,,,,,1653653326,0,0,278,660,5,862031,0,862031,HGL2,,Scotland's Railway - Scotland,Delivery Units,Perth DU,280,0,0,09-10-2025 09:02:16
4814,,2390015,Ipswich Western House 4F (CLOSED),4th Floor,Western House,Hadleigh Road,Ipswich,,IP2 0HP,,,1092,0,0,670,,,No,,,0,0,0,0,0,This building reverted to landlord 19/04/14. Cardinal Lofts (Investments) Ltd but continues to bill Network Rail... record closed 06/06/14.... SPOW to refund,2019-12-20 12:28:16.0000000,Alan Bullock,,Ipswich Western House 4F (CLOSED)-2390015,,,,,-708146810,0,0,276,0,0,0,0,820031,0,,Workplace Management,Workplace Management,Work Space Management,280,0,0,09-10-2025 09:02:21
20048,,4141825,NTfT - Hinton Admiral Signalling (ums),Station Road,"Hinton Admiral ",Christchurch,,,BH23 7DP,,,1122,0,0,0,,No - Unmetered NTfT,Yes NTfT,,,0,0,0,0,101,,2025-07-30 10:55:40.0000000,George.Murray@networkrail.co.uk,,,,,,,1206257241,0,0,278,50,3,0,0,113671,BML2,U,Southern,Wessex,Outer,280,0,0,09-10-2025 09:02:47
4724,,2370596,Principal Supply Point - Ponthir,Station Road,Ponthir,Newport,Gwent,,NP18 1GR,,,1123,0,53,676,03/09/2009,Yes - SP metering (Dataserve),"894031 IMDM, Cardiff, Indirect",,,0,0,0,0,38,"Site Location - Approaching Ponthir from Caerleon B4236 follow signs to railway station
Site Access - BRW key
Site Usage Notes - Signalling. Lighting. REB.",2025-03-04 17:34:30.0000000,Drew.Gallagher,,Ponthir Principle Supply Point-2370596,,,,,-385066170,0,0,278,22,9,894031,0,894031,HNL1,,Wales & Western,Wales,Cardiff,280,51.62929,-2.976577,09-10-2025 09:02:21
9846,,7405011,Quadrant MK (Water),Quadrant:MK,Elder Gate,Milton Keynes,Buckinghamshire,,MK9 1EN,,,1116,0,0,666,,,No,,,31457,0,0,0,0,"on elder gate , through small gate approx. 50m from loading bay opposite side of road from sports centre entrance, sign in at loading bay on elder gate, meters all in same area",2025-03-04 17:29:52.0000000,Drew.Gallagher,,Quadrant MK (Water 1)-7405011,,,,,-1890493555,0,0,278,0,0,0,0,707191,,,Central,Property,QMK,280,0,0,09-10-2025 09:02:35
836,,2310158,Ware CCTV railway Crossing (only),Station Road,Amwell End,Ware,Hertfordshire,,SG12 9JB,,,1117,0,0,666,25/07/2014,Yes - Siemens AMR Phase 2,"822031 IMDM, Tottenham, Indirect",,,0,0,0,0,22,"Ware level crossing power distribution cubicle just before level crossing on the left side, big grey metal cabinet located on the left side before level crossing. Payable parking behind level crossing on the left side
According to google maps use post code SG12 9JE
",2025-03-04 17:30:05.0000000,Drew.Gallagher,,Ware CCTV railway Crossing (only)-2310158,,,,,985728033,0,0,278,18,7,822031,522000,822031,HEB,,Eastern,Anglia,Tottenham,0,0,0,09-10-2025 09:02:04
2667,,E2340908,Griff Principal Supply Point,Gypsy Lane,Griff,Bedworth,,,CV10 7PJ,,,1120,0,53,667,11/08/2014,Yes - Siemens AMR Phase 2,"858031 IMDM, Stafford, Indirect",Delivery Units,12/02/2020 TSB,0,0,0,0,7,"Turn on Gypsy lane and park on Left hand side as you pass over Railway. meter is located in Stainless Steel Cubicle adjacent foot access point.
meter is located in a steel cab in the fenceline adjacent to the road bridge over the railway on gypsy lane
New modem SIM & Ariel fitted 12/02/2020",2025-03-04 17:31:23.0000000,Drew.Gallagher,,Griff Principal Supply Point-2340908,,,,,-1390807333,0,0,278,880,9,858031,0,858031,CNN,,LNW,WCS,Stafford,280,0,0,09-10-2025 09:02:16
1468,,2330213,Hull Paragon West Parade Point Heating S/B Signall,Clarendon Street,,Hull,,,HU3 1AT,,,1117,0,0,671,03/08/2011,Yes - EDF Phase 1,"848031 IMDM, York, Indirect",,,0,0,0,0,0,"Site Location - From Hull Royal Infirmary  take road over railway  turn Rt into Londesborough St..Continue for 500m and turn Rt. Into Clarendon St. Continue to end of Clarendon St.
Site Usage Notes - Standby / Main Signalling Supply RT               Point Heating RT                                          Signal Box RT",2025-03-04 17:30:51.0000000,Drew.Gallagher,,Hull Paragon West Parade Point Heating SB Signall-2330213,,,,,1641523954,0,0,278,580,9,2002,0,118615,HUL1,,Eastern,North & East,York,0,0,0,09-10-2025 09:02:12
18282,,4142463,CRH - Hurst Green Down Road CRH2 (02132-S-01),Hurst Green,,Surrey,,,RH8 9BY,,,1122,0,0,666,,Yes - EMig Con Rail Sub Meter,Yes NTfT,,,0,0,0,0,21,,2025-07-31 13:00:13.0000000,George.Murray@networkrail.co.uk,,Hurst Green Down Road CRH2 (02132-S-01)-4142463,,,,,225769008,0,0,278,704,14,0,0,113671,HGG1,U,Southern,Sussex,Croydon,280,0,0,09-10-2025 09:02:44
5258,,3136047,Foxlow GSM-R Site 4700,,,,,,S43 3YQ,,,1117,0,0,667,08/10/2009,Yes - UPL,"847031 IMDM, Sheffield, Indirect",,,0,0,0,0,151,"Also see Foxlow Points heating 2330443

Seffield D&P advise the cabinet is actually at;

///career.skills.craft

and can be accessed from the B6053 at rail bridge CHR105


Address:
Staveley Lane,
Renishaw 
Chesterfield
S43
",2025-03-21 14:51:24.0000000,Thomas.blencowe@networkrail.co.uk,,Foxlow GSM-R Site 4700-3136047,,,,,-966652856,0,0,278,1225,6,847031,0,118614,CHR," ",Eastern,North & East,Sheffield,280,0,0,09-10-2025 09:02:21
10589,,T4141067,Nuneaton North PSP NTfT,Weddington Terrace,,Nuneaton,,,CV10 0AP,,,1120,0,0,667,,Yes - EDF Sub Meter,Yes NTfT,PSP,NTfT,0,0,0,0,97,Shared with 2340847,2025-03-04 17:32:21.0000000,Drew.Gallagher,,Nuneaton North PSP-4141067,,,,,-1757021374,0,0,0,510,9,0,0,858031,LEC2,G,LNW,Stafford,,280,0,0,09-10-2025 09:02:35
8184,,E9914002,Depot (+) - Finnieston - [RR + TSC + RH + East Junction PH]," Finnieston Depot ",155 Kelvinhaugh Street,Glasgow,lanarkshire,Scotland,G3 8PX,,,1121,0,63,680,02/11/2009,Yes - SP Metering (Dataserve),"863031 IMDM, Glasgow, Indirect",,,0,0,0,0,2,"Site Location - access gate on Kelvinhaugh Street opposite Teviot Street (across from Fire Station)
Site Access - via AAP(V) off Kelvinhaugh St; RR access not near running lines but HVV must be worn on AWR pathway
Site Usage Notes - Relay Room  signalling  TSC  radio hut & points heating (East Jn @ NEM3 2m 420y) via CC1 - 1 end : 236 pts  heating load = 6.4kW)
Backed-up by 4141748 NTfT",2025-03-04 17:32:40.0000000,Drew.Gallagher,Utilities Scotland <UtilitiesScotland@networkrail.co.uk>,Finnieston RR - TSC + East Jn PH-9914002,,,,,-2055536539,0,0,278,440,9,5001,0,863031,NEM3,,Scotland's Railway - Scotland,Delivery Units,Glasgow DU,280,0,0,09-10-2025 09:02:30
3207,,E2351145,FTN - Rigg (RGGA),Rigmoor,Rigg,Gretna,,Scotland,DG16 5JG,,,1121,0,50,681,26/09/2014,Yes - Siemens AMR Phase 2,"861031 IMDM, Motherwell, Indirect",,18/09/2013 tsb,0,0,0,0,113,"Site Location - B721<west> from Gretna village to Rigg; on leaving village TR onto minor road (signed for caravan park)  follow past cottage on l.h.s. and around l.h. bend to gated level crossing.Over crossing TR and 50 metres along farm road to l.h. bend
Site Access - direct from farm road",2025-03-04 17:32:34.0000000,Drew.Gallagher,Utilities Scotland <UtilitiesScotland@networkrail.co.uk>,Rigg FTN site RGGA(2)-2351145,,,,,-29741242,0,0,278,240,6,861031,0,861031,GSW," ",Scotland's Railway - Scotland,Delivery Units,Motherwell DU,280,0,0,09-10-2025 09:02:18
7406,,7680034,Morpeth SB and MDU,Coopies Lane,Morpeth,Northumberland,,United Kingdom,NE61 6JN,,,1117,0,0,669,,,"846031 IMDM, Newcastle, Indirect",,,918,0,0,0,16,"Site Location - A192<north> into Morpeth and TR onto Coopies Lane (signed  Station ) [or] A197 and TR at traffic lights onto A192  under rail bridge and TL into Coopies Lane and follow 400m (90m beyond  level crossing on l.h.s. - opposite entrance into MDU compound)
Site Access - Sub meter in switch room for electrification deptKey held in W161 West Offices YK.
Site Usage Notes - signal box  signalling  relay room  MDU (Pway/S&T/OHL)  FTN site MRPS",2025-06-04 16:54:48.0000000,Wendi Wheeler,,Morpeth SB and MDU-7680034,,,,,686940539,0,0,278,1460,9,2001,0,118613,ECM7," ",Eastern,East Coast,Newcastle,0,0,0,09-10-2025 09:02:30
938,,2310297,Thorpe Le Soken GSM-R (3099),Off Lodge Lane,Little Clacton,Essex,,,CO16 0HN,,,1117,0,0,670,17/09/2014,Yes - Siemens AMR Phase 2,"820031 IMDM, Ipswich, Indirect",,,0,0,0,0,65,Site is located on Church road adjacent to entrance to Thorpe Le Soken Train Station car park by the bridge. Meter is located on the right as you drive about 150 yards on Church Road,2025-07-07 08:35:39.0000000,John Brown,,Thorpe Le Soken Fixed Telephone Network-2310297,,,,,483771418,0,0,278,1580,6,820031,522000,820031,COC," ",Eastern,Anglia,Ipswich,280,0,0,09-10-2025 09:02:04
13778,*,4141334,Highcliffe Signalling B NTfT,Wyndham Road,Walkford,Christchurch,,,BH23 5QA,,,1092,0,0,0,,Yes - EDF Sub Meter,Yes NTfT,,,0,0,0,0,99,,2021-01-13 09:54:54.0000000,Rachel.Fisch,,Highcliffe C2-4141334,,,,,-1269360753,0,0,0,1750,3,0,0,881031,BML2,U,Southern,Wessex,Outer,280,0,0,09-10-2025 09:02:40
13638,*,4141194,Smeeth Signalling2 F1053 NTfT,Trackside Field,Smeeth,Ashford,,,TN25 6SY,,,1092,0,0,677,,Yes - EDF Sub Meter,Yes NTfT,,,0,0,0,0,60,,2021-01-13 11:45:14.0000000,Rachel.Fisch,,Smeeth Supply 2-4141194,,,,,-800718443,0,0,0,120,3,0,0,113658,XTD,U,Southern,Kent,Ashford,280,0,0,09-10-2025 09:02:40
21320,,4270002,Signalling Supply Point - Flint (Pentre UWC),Chester Road,,Okenholt,Flintshire,,CH6 5EU,,,1123,0,5,683,,,,,,0,0,0,0,190,"Start at Flint Railway station, head southeast on Corporation Street toward New Roskell Square, Take 3rd left to stay on					
Corporation Street, Turn right onto Castle Road / Castle Dyke Street, 0.1miles Turn left onto Chester Street / A548, 0.7miles Turn 					
left onto Chester Road.					
Cubicle position will be on the right hand side of the railway access gate at the bottom of the lane heading towards the railway line. Access key Network Rail BR(W) key.					
",2025-03-04 17:34:37.0000000,Drew.Gallagher,,Signalling Supply Point - Flint (Pentre UWC),,,,,226853143,0,0,278,1474,3,0,0,891031,CNH3,,Wales & Western,Wales,Shrewsbury,280,53.24306,-3.118291,09-10-2025 09:02:49
11449,,G7405395,Daisyfield Signal Box (Gas),Moss Street,Blackburn,Lancashire,,,BB1 5JT,,,1120,0,35,681,14/03/2013,Yes - Total Gas,"Yes - IMDM, Carlisle, Indirect",Delivery Units,27/03/2020 TSB,0,0,0,0,11,in brick meter house side of signalbox,2025-03-04 17:32:12.0000000,Drew.Gallagher,,Daisyfield Signal Box (Gas)-7405395,,,,,-1783885622,0,0,278,564,4,851031,0,851031,DJH,,LNW,North West,Preston,280,0,0,09-10-2025 09:02:38
13756,,4141312,NTfT - Bognor Signalling,Trackside Field,,Bognor,,,PO22 8DY,,,1122,0,0,0,,Yes - EDF Sub Meter,Yes NTfT,,,0,0,0,0,25,,2025-07-30 10:55:37.0000000,George.Murray@networkrail.co.uk,,Bognor C1-4141312,,,,,591454504,0,0,278,120,3,0,0,113671,BBR,U,Southern,Sussex,Brighton,280,0,0,09-10-2025 09:02:40
14226,,2380106,Bristol Temple Meads Station Tenants (Elec),Bristol Temple Meads Station,,Bristol,,,BS1 6QF,,,1092,0,0,676,,,,,,0,0,0,0,0,BRI,2021-10-12 17:25:39.0000000,Anthony Farrell,,Bristol Temple Meads Station Tenants (Elec)-2380106,,,,,-1969149479,0,0,0,0,0,0,0,752103,,,Managed Stations,Tenants,,280,0,0,09-10-2025 09:02:40
17945,,4142126,CRH - Buckland J c n/East Dover Down CRH2 (09835-K-01),Buckland,,Dover,,,CT16 2RG,,,1122,0,0,0,,Yes - EMig Con Rail Sub Meter,Yes NTfT,,,0,0,0,0,98,,2025-07-31 13:00:10.0000000,George.Murray@networkrail.co.uk,,Buckland J c nEast Dover Down CRH2 (09835-K-01)-4142126,,,,,-888597259,0,0,278,770,14,0,0,113671,BME2,U,Southern,Kent,Ashford,280,0,0,09-10-2025 09:02:44
8535,,E2341075,Nuneaton MDU,Midland Road,Nuneaton,Warwickshire,,,CV11 5EJ,,,1120,0,34,667,29/03/2017,Yes - SP metering (Dataserve),"858031 IMDM, Stafford, Indirect",Delivery Units,"11/06/2018 TSB ",0,0,0,0,9,"Midland Road Depot enter the depot access off Midland Road and drive down to car park (through depot gates code 1640) park in car park and walk under footbridge, meter cubicle is immedialty infront of you adjacent RHS of the building fire escape door
MEx 29/03/2017 
SIM Swap 11/06/2018
",2025-03-04 17:31:24.0000000,Drew.Gallagher,,Nuneaton Maintenance Depot Electricity-2341075,,,,,284670147,0,0,278,1600,1,3003,0,858031,NMA,,LNW,WCS,Stafford,280,0,0,09-10-2025 09:02:32
10992,,7405306,Willesden Junction Maintenance Depot  (Gas),50-52 Old Oak Common Lane,Willesden,London,,,NW10 6EJ,,,1117,0,0,666,17/07/2013,Yes - Total Gas,Yes,,,0,0,0,0,0,end door of side extensuion nearesr teh metal gate,2025-03-04 17:31:05.0000000,Drew.Gallagher,,Willesden Junction Maintenance Depot  (Gas)-7405306,,,,,-2059798304,0,0,278,810,1,822031,520000,822031,BOK5,,Eastern,Anglia,Tottenham,280,0,0,09-10-2025 09:02:38
2601,,E2340819,Hademore Principal Supply Point & GSMR 8215,Fisherwick Road,Hademore,Lichfield,,,WS13 8PR,headboard.quintet.niece,,1120,0,53,667,16/09/2014,Yes - Siemens AMR Phase 2,"858031 IMDM, Stafford, Indirect",Delivery Units,15/09/2025 TSB,0,0,0,0,113,"site is located just off Fisherwick Road, in the fenceline to the track in steel cabinet
Shared with 4141057 NTfT
MEx 15/09/2025 - L&G Port 27488
			
",2025-09-15 14:12:05.0000000,Terry Bleasdale,,Hademore Principal Supply Point-2340819,,,,,1589224346,0,0,278,800,9,3002,0,858031,LEC2,,LNW,WCS,Stafford,280,0,0,09-10-2025 09:02:16
4202,,2363006,Wigan Signal Supply Point (CLOSED),Westwood Lane,Lower Ince,Wigan,Lancashire,,WN3 4NG,,,1092,0,0,679,,,No,,,0,0,0,0,0,"Site Location - Warrington Road A573 past Ince cemetary first left Westwood Road to bottom follow Dirt Road for approximately 0.5 mile through Access Gate  turn right to bottom.
Site Access - Continue to the end of Westwood La. and follow the dirt road to the track turn right for the S.S.P
Site Usage Notes - Track Section Cabin - Point Heaters -Network Rail
Disconnected",2018-03-26 11:29:42.5900000,Andrew Vickers,,Wigan Signal Supply Point (old closed)-2363006,,,,,1212700400,0,0,277,0,0,0,0,0,,,X-Deleted,Old record,Liverpool,280,0,0,09-10-2025 09:02:19
832,,2310154,Windmill Lane CCTV Railway Crossing,Windmill Lane,,Cheshunt,,,EN8 9AF,,,1117,0,0,666,24/07/2014,Yes - Siemens AMR Phase 2,"822031 IMDM, Tottenham, Indirect",,,0,0,0,0,14,Windmill lane Power Distribution Cubicle opposite Cheshunt station on the left side before Railway Crossing. Big grey metal cabinet located opposite Cheshunt station on the left side.,2025-03-04 17:30:05.0000000,Drew.Gallagher,,Windmill Lane CCTV Railway Crossing-2310154,,,,,-912476809,0,0,278,180,7,822031,522000,822031,BGK,,Eastern,Anglia,Tottenham,0,0,0,09-10-2025 09:02:04
5414,*,3607001,Moreton on Lugg Signals Supply (Closed),Moreton on Lugg,,Hereford,,,HR4 8DQ,,,1092,0,0,0,,,"891031 IMDM, Shrewsbury, Indirect",,,0,0,0,0,47,"Site Location - Take A49 from Hereford towards Leominster  after 3 miles take right turn to Moreton-on-Lugg.
Site Access - None.
Site Usage Notes - No other usage.",2017-09-20 09:52:21.2900000,Wendi Wheeler,,Moreton on Lugg Signals Supply-3607001,,,,,-356607493,0,0,276,1276,3,891031,0,891031,SHL,,Wales,Shrewsbury,C Wales&Marches-Hereford,280,0,0,09-10-2025 09:02:24
9365,,4249137,Points Heating - Westbury South,Westbury Station,,Wiltshire,,,BA13 4HP,,,1123,0,20,676,,,"895031 IMDM, Swindon, Indirect",,,0,0,0,0,110,"Site Location - Turn right out of station main entrance down through car  park to yard & through yard entrance gate and to small portacabin.
Outside DBS maintenance shed for main incomer meter and NR PH sub mtr.",2025-03-04 17:34:27.0000000,Drew.Gallagher,,Westbury South - Westbury Station-4249137,,,,,1723320355,0,0,278,154,11,9001,522000,892031,WEY,,Wales & Western,Western,West,280,51.26397,-2.200856,09-10-2025 09:02:32
2884,,E2350114,PH - Muir of Ord (South DK1),Castlehill,,Muir of Ord,,Scotland,IV6 7SX,,,1121,0,20,0,29/05/2012,Yes - EDF Phase 1,"862031 IMDM, Perth, Indirect",,,0,0,0,0,12,"Site Location - A862<northbound> after Muir of Ord golf course (on l.h.s.) to police station and  Tarradale Terrace   TL into  Castlehill   60m ahead to T-junc and TL again; follow c.100m to car park
Site Access - direct from car park
Site Usage Notes - PH + PSIs via CC1 (htg load = 4.0kw  Vu (PSI ups) = 200W)",2025-03-04 17:32:47.0000000,Drew.Gallagher,Utilities Scotland <UtilitiesScotland@networkrail.co.uk>,Muir of Ord DK1 south PH-2350114,,,,,995885281,0,0,278,1390,5,862031,0,862031,WCK,,Scotland's Railway - Scotland,Delivery Units,Perth DU,280,0,0,09-10-2025 09:02:16
21918,,W7406342,Hanch Welfare Cabin (Water),"Shaw Lane, ",,Hanch,,,WS13 8HJ,,,1120,0,58,0,,,,Delivery Units,05/03/2020 TSB,0,0,0,0,119,"Eastings - 410244
Northings - 314181
Sheet Ref - SK 10244 14181",2025-03-04 17:32:16.0000000,Drew.Gallagher,,Hanch Welfare Cabin Water,,,,,150363255,0,0,278,1087,0,0,0,858031,LEC2,,LNW,WCS,Stafford,280,0,0,09-10-2025 09:02:49
12478,,W7405794,SB - Stanley Junction (Water),off Station Road,Stanley,Perth,,Scotland,PH1 4NS,,,1121,0,45,672,,,Yes,,,0,0,0,0,7,Site Location - From Hill Street  cross railway bridge  turn left into Station Road to signal box,2025-03-04 17:32:27.0000000,Drew.Gallagher,Utilities Scotland <UtilitiesScotland@networkrail.co.uk>,Stanley Junction Signal Box (Water)-7405794,,,,,1143125828,0,0,278,160,0,0,0,862031,HGL2,,Scotland's Railway - Scotland,Operations,OM North,280,0,0,09-10-2025 09:02:40
7865,,E8924001,zzz - LX - Boat of Kintore (AHBC) - [Dscntxn pending],Bridge Road,Kintore,Inverurie,,,AB51 0UL,,,1121,0,8,673,23/11/2014,Yes - Siemens AMR Phase 2,"862031 IMDM, Perth, Indirect",,,0,0,0,0,12,"Site Location - from A96(T) follow B977 (Kingsfield Road) into Kintore village; follow signs to Golf Course and level crossing 60m ahead

Site Access - limited clearance - triangular meter box key to open

Site Usage Notes - AHB LC traffic signals  L&P in crossing attendant  igloo  (on down side) , PETS; [NRN system switched off end December 2015)

jul19: per A2I pjt, new LX REB resupplied from GSMR relocated DNO pillar; legacy LX /NRN supply disconnected",2025-03-04 17:32:28.0000000,Drew.Gallagher,,Boat of Kintore LC (AHB) + NRN-8924001,,,,,-976025870,0,0,278,1720,9,862031,0,862031,ANI1," ",Scotland's Railway - Scotland,Delivery Units,Perth DU,280,0,0,09-10-2025 09:02:30
10143,,E2351355,GSMR - Stalcair Infill (6530),nr.Layby 72,A9 Glengarry,Pitlochry,,Scotland,PH18 5UJ,,,1121,0,36,672,25/9/2012,Yes - UPL,"862031 IMDM, Perth, Indirect",,,0,0,0,0,48,,2025-03-04 17:32:50.0000000,Drew.Gallagher,Utilities Scotland <UtilitiesScotland@networkrail.co.uk>,Stalcair Infill GSMR 6530-2351355,,,,,382051429,0,0,278,1010,6,862031,0,862031,HGL2," ",Scotland's Railway - Scotland,Delivery Units,Perth DU,280,0,0,09-10-2025 09:02:35
1506,,2330261,Mat Pitts Lane Level Crossing (24),Mat Pitts Lane,Wainfleet All Saints,Lincolnshire,,,PE24 4LY,,,1117,0,0,671,24/10/2014,Yes - Siemens AMR Phase 2,"901031 IMDM, Derby, Indirect",,,0,0,0,0,3,"Site Location - From A52 take B1195. Go through Wainfleet. After crossing take first left into Mat Pitts Lane  crossing is 300m away.
Site Access - LT 205
Site Usage Notes - No other usage
meter is in metal cabinet in fence line postcode take you to mat pitts lane",2025-03-04 17:30:17.0000000,Drew.Gallagher,,Mat Pitts Lane Level Crossing (24)-2330261,,,,,956611429,0,0,278,1360,7,901031,0,118619,GRS4,,Eastern,East Midlands,Lincoln,280,0,0,09-10-2025 09:02:12
6971,*,6691051,"Signal Box - Rockcliffe Hall ",Kelsterton Road,Connahs Quay,Deeside,Flintshire,,CH5 4BJ,,,1092,0,6,683,15/07/2014,Yes - Siemens AMR Phase 2,"891031 IMDM, Shrewsbury, Indirect",,,0,0,0,0,188,"Site Location - Follow the A548 Coast Road from Queensferry through Shotton to Connahs Quay and turn right into the approach road for the entrance to the National Grid Power Station
Site Access - Access from the approach road for the entrance to the National Grid Power Station
Site Usage Notes - Relay  Room  -  Network Rail
Meter located in steel cabinet behind left wall of the bridge just outside entrance to the National Grid				
site is located at the car park on south kemmel street, in the fenceline to the track adjacent to the PSP 				
",2020-06-08 09:35:52.0000000,Adam De Benedictis,,Rockcliffe Hall Signal Box-6691051,,,,,-1402945981,0,0,0,1620,4,891031,522000,891031,CNH3,,Wales,Shrewsbury,Chester,280,53.22839,-3.078504,09-10-2025 09:02:27
5856,,5169007,TP Hut - Gillingham (Kent),Lower Twydall Lane,Gillingham,Kent,,,ME8 6QP,,,1122,0,0,0,21/10/2014,Yes - Siemens AMR Phase 2,"113658 IMDM, Ashford, Indirect",,,0,0,0,0,37,"Site Location - From Gillingham Station turn left into Duncan Road then left into Franklin Rd at junction go right then left into Livingstone Rd on along Canadian Ave and Cornwallis Ave and continue along Beechings Way turn left into Lower Twydall Lane and to footbridge.
Site Access - CCC2 key to cabinet.
Site Usage Notes -  TP Hut only  no other usages.",2025-07-30 10:56:02.0000000,George.Murray@networkrail.co.uk,,Gillingham (Kent) TP Hut-5169007,,,,,2089322507,0,0,278,1030,10,113658,0,113671,VIR,,Southern,Kent,Ashford,280,0,0,09-10-2025 09:02:24
8723,,9999904,Rolleston Station,Station Road,Rolleston,Newark,,,NG23 5,,,1092,0,0,671,,,Yes,,,0,0,0,0,13,Checked with Severn Trent Water and NR is reponsible for paying invoices for this account - 22/2/11,2020-07-15 10:58:25.0000000,Tom Ward,,Rolleston Station-9999904,,,,,-1934011485,0,0,0,180,0,0,0,118619,NOB1,,Eastern,East Midlands,Derby,280,0,0,09-10-2025 09:02:32
22442,,E2331696,Castleford Station,Powell Street,,Castleford,West Yorkshire,United Kingdom,WF10 1DX,,,1117,0,0,0,,,,,,0,0,0,0,20,"Cubicle is accessed via Castleford Station and is located on Platform 1 to the rear of the Lift Motor Room.

07/08/2024- Cost centre changed from 175722 to 118615 as mentioned by Sylvia and Lauren Rodgers",2025-05-20 09:28:02.0000000,Wendi Wheeler,,,,,,,-1486745047,0,0,278,1650,0,0,0,118615,NOC,,Eastern,North & East,Leeds,280,0,0,09-10-2025 09:02:52
21783,,E2310595,Morston Hall AHB railway Crossing,Morston Hall Lane,,Trimley St Martin,"Suffolk ",,IP11 0SQ,,,1117,0,0,0,,,,,,0,0,0,0,80,,2025-03-04 17:30:15.0000000,Drew.Gallagher,,Morston Hall AHB railway Crossing (New),,,,,1098089103,0,0,278,1408,0,0,0,820031,FEL,,Eastern,Anglia,Ipswich,280,0,0,09-10-2025 09:02:49
3694,,2360197,TOC - Winchelsea LC Hut  (GTR),Winchelsea Station,Winchelsea,East Sussex,,,TN36 4JX,,,1122,0,0,677,,,No,,,0,0,0,0,73,"Site Location - Winchelsea Station downside.
Site Access - CCC2 key for cabinet.
Site Usage Notes - Level Crossing hut and Station.",2025-07-31 13:00:39.0000000,George.Murray@networkrail.co.uk,,Winchelsea Level Crossing Hut-2360197,,,,,934534095,0,0,278,370,7,0,0,113671,ATH,,Southern,Kent,Orpington,280,0,0,09-10-2025 09:02:19
9971,*,4250204,Three Bridges Telecom Depot (W),Opposite Three Bridges Signal Centre,Station Hill,Pound Hill,Crawley,West Sussex,RH10 7AA,,,1092,0,0,0,,,Yes,,,0,0,0,0,29,,2021-10-27 13:27:30.0000000,Nick Rumble,,Three Bridges Telecom Depot (water)-4250204,,,,,-771558345,0,0,0,679,6,0,0,113671,VTB3,,Southern,Sussex,Croydon,280,0,0,09-10-2025 09:02:35
3084,,E2351017,GSMR - Finnieston (5113A),Minerva Way,Finnieston,Glasgow,,Scotland,G3 8AU,,,1121,0,36,680,27/08/2014,Yes - Siemens AMR Phase 2,"863031 IMDM, Glasgow, Indirect",,,0,0,0,0,1,"Site Location - A814 Clydeside Expressway exit at Stobcross onto Finnieston St <northbound>  1st left into West Greenhill Place  TR onto Minerva Street (Exhibition Centre station entrance ahead)  1st L into Minerva Way and follow past sports centre to new flats
Site Access - direct from Minerva Way",2025-03-04 17:32:33.0000000,Drew.Gallagher,Utilities Scotland <UtilitiesScotland@networkrail.co.uk>,Finnieston GSM-R 5113A-2351017,,,,,-669794295,0,0,278,1590,6,863031,0,863031,NEM3," ",Scotland's Railway - Scotland,Delivery Units,Glasgow DU,280,0,0,09-10-2025 09:02:16
5574,*,4248002,Llandeilo Junction R.R (Disconnected),Off A484,Duffryn,Llanelli,,,SA14 9SH,,,1092,0,0,0,,,No,,,0,0,0,0,223,"Site Location - From J47  M4 take A4240 & A484 towards Llanelli.  At 2nd roundabout after crossing river estuary take left turn onto minor road then bear right & continue to 2nd road over rail bridge.  Access gate to relay room on right over bridge.
Site Access - None.
Site Usage Notes - No other usage.  Meter reading         14/06/00 :- 02313  18/01/01 :- 04165  13/03/01 :- 05083  08/06/01 :- 06505  20/06/01 :- 06747  31/08/01 :- 07852  08/11/01 :- 08083  18/12/01 :- 08852. THIS SUPPLY REPLACED BY E2370470
SP Disconnection tracker - NWR were quoted £537.41 and paid £447.84, WPower awaiting balance of £89.57 and confirmation as to when NWR would like this job done, notice is required. Email to Cherry on 22/3/11 with update.",2017-04-12 13:51:56.9330000,Adam De Benedictis,,Llandeilo Junction R.R (Disconnected)-4248002,,,,,-313168883,0,0,276,1078,0,0,0,0,SWM2,,Wales,Cardiff,Swan-Llanelli,280,0,0,09-10-2025 09:02:24
22392,,E2341793,Wyke Cop Level Crossing AHB MCB OD,Wyke Cop,,Scarisbrick,,,PR9 8AA,,,1120,0,0,0,,,,,,0,0,0,0,32,,2026-01-22 13:15:08.0000000,Terry Bleasdale,,Wyke Cop Level Crossing AHB MCB OD,,,,,0,0,0,0,440,0,0,0,852031,WBS3,,LNW,North West,Liverpool,280,0,0,23-01-2026 04:00:39
10380,*,2370912,Lighting (Stop Blocks) + <  - Merthyr Tydfil,Tramroad Side,,Merthyr Tydfil,,,CF47 8DT,,,1092,0,19,676,,,,,,0,0,0,0,24,"Off charged from ATW for TPWS & Stop Block Lights
Units per year 1480kWh",2021-01-29 11:26:14.0000000,Adam De Benedictis,,Merthyr Tydfil-2370912,,,,,-103985314,0,0,0,968,0,0,0,894031,CAM,,Wales,Cardiff,Cardiff-Aber,280,51.7443,-3.377281,09-10-2025 09:02:35
4664,,2370529,GSM-R - Bristol Temple Meads 1214B,Silverthorne Lane,,Bristol,,,BS2 0QD,,,1123,0,36,676,16/10/2014,Yes - Siemens AMR Phase 2,"890031 IMDM, Bristol, Indirect",,,0,0,0,0,118,"Site Location - Exit From Temple Meads Station through main entrance go down to bottom of approach road  turn left take 1st left go under railway bridge, take 1st left over Feeder canal take 1st right.  Opposite Kingsland PUB take 1st Right down Silverthorne Lane to railway bridge. Cubicle by bridge abutment.
Site Access - BRW & Triangle keys
",2025-03-04 17:34:09.0000000,Drew.Gallagher,,Bristol Temple Meads GSM-R 1214B-2370529,,,,,-1033179230,0,0,278,0,6,890031,0,890031,MLN1," ",Wales & Western,Western,Central,0,51.45131,-2.568795,09-10-2025 09:02:21
3203,,E2351141,GSMR - Enterkinfoot (5216A),nr.Bridge 245,Enterkinfoot,Thornhill,,Scotland,DG3 5BY,,,1121,0,36,681,15/05/2015,Yes - Siemens AMR Phase 2,"861031 IMDM, Motherwell, Indirect",,,0,0,0,0,72,"Site Location - from Sanquhar  A76(T)<southbound> approx 9kms; fork left onto minor road to Durisdeer <unsigned>  follow up hill approx 1km;  mast/REB conspicuous on l.h.s beyond access gate before road crosses bridge over railway north end Drumlanrig Tunnel cutting
Site Access - direct from minor road verge     221 / triangular only
Site Usage Notes - 15 kVA - REB domestics - pwr/ltg/AC and battery UPS for 4no.base tranceiver stations)
Meter is located in a steel cabinet in front of gsmr mast",2025-03-04 17:32:37.0000000,Drew.Gallagher,Utilities Scotland <UtilitiesScotland@networkrail.co.uk>,Enterkinfoot GSM-R 5216A-2351141,,,,,2091049272,0,0,278,1140,6,861031,0,861031,GSW," ",Scotland's Railway - Scotland,Delivery Units,Motherwell DU,280,0,0,09-10-2025 09:02:16
21716,,2360019,PH - Sevenoaks Junction,Sevenoaks Station Car Park,Moorewood Close,Sevenoaks,,,TN13 3HU,,,1122,0,0,0,,,,,,0,0,0,0,22,CCC2 key for cabinet.,2025-07-30 10:55:49.0000000,George.Murray@networkrail.co.uk,,Sevenoaks Junction PH,,,,,580112263,0,0,278,30,5,0,0,113671,XTD,,Southern,Kent,Orpington,280,0,0,09-10-2025 09:02:49
13747,*,4141303,Tulse Hill Signalling 2 _B NTfT,Opposite 100-125 Leigham Vale,Tulse Hill,London,,,SW2 3JH,,,1092,0,0,666,,Yes - EDF Sub Meter,Yes NTfT,,Feb 2017,0,0,0,0,6,"From TULSE HILL STAION
Exit station onto STATION RISE and turn left into NORWOOD ROAD continue until you come to the bridge and turn right into LEIGHAM VALE.
SUB STATION is 50m up on your left.
Level 'C' Required to enter SUB STATION.
Shared with 4141302 NTfT and 5390003
This is a C.T Meter",2020-12-11 13:31:45.0000000,Rachel.Fisch,,Tulse Hill Supply 2-4141303,,,,,-1742077648,0,0,0,413,3,0,0,113658,BTH1,U,Southern,Sussex,Croydon,280,51.43843,-0.10742,09-10-2025 09:02:40
9760,,E2341050,"Grand Junction Points Heating, RR, SMOS & Depot (CLOSED)",Montague Street,,Birmingham,,,B9 4BA,,,1092,0,0,667,05/06/2014,Yes - Siemens AMR Phase 2,"857031 IMDM, Sandwell & Dudley, Indirect",Depot PH RR SMOS,28/04/2021 TSB,0,0,0,0,41,"Site Directions: Approach via the A450 Middleway into Montague Street, the access gate is adjacent to the waste disposal site entrance.
in s/steel kiosk on left inside access gate. KEY B-PH 17 key for access gate
also feeds Curzon Street Depot
SIM Swap 25/04/2017 and again 06/11/2018
De energised 28/04/2021
",2022-05-16 08:32:55.0000000,Terry Bleasdale,,Grand Junction Points Heating-2341050,,,,,-1319910502,0,0,276,733,5,3003,0,857031,DBP3,,X-Deleted,Old record,Sandwell & Dudley,280,0,0,09-10-2025 09:02:35
2531,*,2340733,Hamilton Square Station - SUPERCEDED?,Hamilton Street,,Birkenhead,,,CH41 1AL,,,1092,0,0,0,,,No,,,0,0,0,0,1,"Site Location - Enter Birkenhead and follow the road signs for directions to the station
Site Access - Access from the Booking Hall and down the staircase to meter room  keys obtained from Station Super.
Site Usage Notes - Station Complex - Merseyrail                                                             Tunnel Lighting - Signalling Supply - Network Rail",2016-11-04 15:28:33.6700000,Andrew Vickers,,Hamilton Square Station-2340733,,,,,1060675489,0,0,0,1470,0,0,0,0,MIR2,,London North Western,Liverpool,Merseyrail-South,280,0,0,09-10-2025 09:02:16
2165,*,2340240,Reddish,Mill Lane,,,,,,,,1092,0,0,0,,,No,,,0,0,0,0,0,,2017-02-22 12:50:14.5870000,Andrew Vickers,,Reddish-2340240,,,,,-1719753141,0,0,0,0,0,0,0,0,0,,London North Western,Manchester,,0,0,0,09-10-2025 09:02:16
8273,,X9997062,Millerhill (Bilston Glen bch) no71 PH old (Closed),Millerhill Road,Wester Millerhill,Dalkeith,,,EH22 1RY,,,1092,0,0,672,,,"860031 IMDM, Edinburgh, Indirect",,,0,0,0,0,6,"Site Location - A720<City bypass> to Sherriffhall Roundabout (junction with A7/A68/A6106) exit north onto A6106<Millerhill Road>, follow 1.1km to road over rail bridge thence 130m & field access on r.h.s. (before public house) and back through field to fence line
Site Access - from A6106 along field boundary to post/wire fence and across siding     dual locked: PS1/DNO  E
Site Usage Notes - nov12: in connection with Borders Railway project, Bilston Glen branch siding to be truncated; No.71 points identified as redundant and PH supply to be disconnected - D-UH submitted 27nov12 - msn A307P18038 removed 7jan13
",2019-02-07 10:50:57.0000000,Rik Ellis,,Millerhill (Bilston Glen bch) no.71 PH old record-9997062,,,,,1109431541,0,0,277,1300,5,860031,0,860031,NDE2,,X-Deleted,Old Record,,280,0,0,09-10-2025 09:02:30
21685,,G2352479,Offices - Shettleston Rail Plant Depot (Office) (Gas),1 Sandilands Street,(Meter located rear of Gartocher Road wall),Glasgow,,,G32 0HT,,,1121,0,49,0,,,,,11/6/19  RE,0,0,0,0,3,"gas meter located in brick enclosure at foot of banking at east end of depot (inside Gartocher Road boundary wall) access via main gate on Sandilands Street and thru depot to gate in palisade fencing at rear of storage containers

11jun19: Schlumberger R5 meter s/no.8005776S rdg = 202356hcf

cost centre change to 860002 as this is a works delivery site",2025-03-04 17:32:48.0000000,Drew.Gallagher,,Shettleston Depot office block,,,,,2130821142,0,0,994,720,0,0,0,860002,NEM2,,Scotland's Railway - Scotland,Works Delivery,Glasgow DU,280,0,0,09-10-2025 09:02:49
22343,*,237,Signal Box - Newport,Newport Park Junction,Park Gardens,Newport,,,,,,1092,0,0,0,,,,,,0,0,0,0,0,,2023-03-07 13:19:29.0000000,Clare Rich,,,,,,,864705730,0,0,278,1181,0,0,0,894031,NWN,,Wales & Western,Wales,Cardiff,280,51.5707,-3.019469,09-10-2025 09:02:52
1733,,2330526,Welwyn Garden City Station South Point Heating,Osborne Way,Welwyn Garden City,Hertfordshire,,United Kingdom,AL8 6PZ,,,1117,0,0,666,16/05/2011,Yes - EDF Phase 1,"843031 IMDM, Hitchin, Indirect",,,0,0,0,0,20,30/09/2024 - JN - Requested by AS to change CC. Email sent to EB-AS Queries titled Welwyn Garden City Station Electricity Supply.,2025-03-04 17:30:05.0000000,Drew.Gallagher,,Welwyn Garden City Station South Point Heating-2330526,,,,,-2083064368,0,0,278,9,5,2002,522000,710150,ECM1,,Eastern,East Coast,Kings Cross,280,0,0,09-10-2025 09:02:12
4313,,2370135,Principal Supply Point + - Wentloog,European Freight Terminal,Newland Road,Wentloog,Cardiff,South Wales,CF3 2EU,,,1123,0,53,676,28/01/2010,Yes - SP metering (Dataserve),"894031 IMDM, Cardiff, Indirect",,,0,0,0,0,165,"Site Location - From J29  M4 take A 48(M) towards Cardiff then take A4161 towards Pengam.  After passing over railway take first left towards Wentloog Corporate Park then 3rd roundabout into Wentloog Road  & Freightliner terminal at end of road.
Site Access - Cabinet in fence line at main gate to compound. BRW key
Site Usage Notes - Supply upgraded to 115kva 28/01/2010 and HH meter fitted                          SUPPLIES Principle signalling supply; lighting; points heating. 
Meter reading 09/01/01 :- 685696.",2025-03-04 17:34:30.0000000,Drew.Gallagher,,Wentloog signalling PSP & MAS Generator-2370135,,,,,-457132999,0,0,278,742,9,7001,522000,894031,SWM2,,Wales & Western,Wales,Cardiff,280,51.51159,-3.083937,09-10-2025 09:02:21
11820,,E2341461,Whitehaven MDU,North Shore Road,,Whitehaven,,,CA28 6AX,,,1120,0,34,681,,Yes - EDF,"851031 IMDM, Carlisle, Indirect",Delivery Units,22/06/2023 TSB,238.22,0,0,0,74,In large GRP cubcile on LHS of enetrance to depot as you drive in off north shore road along with signalbox meter,2025-03-04 17:32:00.0000000,Drew.Gallagher,,Whitehaven MDU-2341461,,,,,-1823174847,0,0,278,1601,1,3002,522000,851031,CBC1,,LNW,North West,Carlisle,280,0,0,09-10-2025 09:02:38
9730,,5966048,Ashford International Station (Gas),Newtown Road,Ashford,Kent,,,TN24 0PS,,,1119,0,0,677,,," ",,,0,0,0,0,0,,2025-03-04 17:31:15.0000000,Drew.Gallagher,,Ashford International Station (Gas)-5966048,,,,,-709791315,0,0,276,0,11,0,0,0,,,HighSpeed1,HS1 South,0,280,0,0,09-10-2025 09:02:35
2311,*,2340417,Birkenhead Park GSM-R (CLOSED),,,,,,,,,1092,0,0,0,,,No,,,0,0,0,0,0,,2017-02-22 11:59:54.5330000,Andrew Vickers,,Birkenhead Park GSM-R-2340417,,,,,61413179,0,0,276,0,0,0,0,0,0," ",London North Western,Liverpool,,280,0,0,09-10-2025 09:02:16
10211,,2370897,Signalling Supply Point +  - Eastbrook,Cardiff Road (A4055),,Dinas Powys,,,CF64 4JU,,,1123,0,5,676,13/08/2012,Yes - EDF,"894031 IMDM, Cardiff, Indirect",High Street,06/06/2025,0,0,0,0,3,"Adjacent to the Pavement on the A4055 approx 100m to the south of Eastbrook Railway Station.

What3words - worm.grow.pokers

Key - BRW
",2025-06-06 10:19:15.0000000,Rhys Samuel,,Eastbrook ASP-2370897,,,,,-2073556014,0,0,278,1057,9,7001,0,894031,BRY,,Wales & Western,Wales,Cardiff,280,51.43697,-3.208072,09-10-2025 09:02:35
5113,,E2871001,Macclesfield North Strategic Stores (Closed),Hibel Road,Macclesfield,Cheshire,,,SK10 2AB,,,1092,0,0,679,,,"854031 IMDM, Manchester, Indirect",MISC,08/12/2020 TSB,0,0,0,0,0,"Site Access - Access from Hibel Road and through the Track Access Gate to the site
Site Usage Notes - Strategic Stores - Network Rail
De energised - 2013
Disconenction quote requested 23/11/2020 from ENWL
Disconnected 27/05/2022 Job ref 5500172361",2023-01-11 15:18:40.0000000,Terry Bleasdale,,Macclesfield North Strategic Stores-2871001,,,,,-1079269713,0,0,276,96,1,854031,0,854031,CMD1,,X-Deleted,Old Record,Manchester,280,0,0,09-10-2025 09:02:21
237,,E1457006,Willesden Pumps & Jct Ltg,Harley Road,Willesden,London,,,NW10 7AA,,,1120,0,63,666,28/11/2014,Yes - Siemens AMR Phase 2,"859031 IMDM, London Euston, Indirect",Delivery Units,26/03/2019 TSB,0,0,0,0,5,"Site Usage Notes - Also feeds Pumping Station
IN BRICK CUPBOARD INSIDE THE GATEON THE LEFT HAND SIDE. 
MEx 26/03/2019 (old meter no display) ",2025-03-04 17:31:25.0000000,Drew.Gallagher,,Willesden Power Signal Box-1457006,,,,,18214549,0,0,278,1320,4,859031,522000,859031,LEC1,,LNW,WCS,Euston,280,0,0,09-10-2025 09:02:04
12521,,2331374,Corby Freight Sidings Lighting,(Off) Courier Road Business Park,,Corby,,,NN17 5DT,,,1117,0,0,667,28/10/2014,Yes - Siemens AMR Phase 2,"900031 IMDM, Bedford, Indirect",,,0,0,0,0,79,"Probably X-EWS/GBRF supply, currently with E-on, not used since 1995?
Site Access: Lineside, accessed through gates at Courier Road
Meter Acces: DNO Cubicle inside Fenceline - Net Rail Side.",2025-03-04 17:30:22.0000000,Drew.Gallagher,,Corby Freight Sidings Lighting-2331374,,,,,1591618489,0,0,278,1659,0,900031,0,118618,GSM1,,Eastern,East Midlands,Bedford,0,0,0,09-10-2025 09:02:40
9038,,4249080,GSMR - Stoborough-1114,Network Rail Bridge No. 28/1,Track leading from Worgret Manor Farm,Off A352,Wareham,Dorset,BH20 6AB,,,1122,0,0,0,30/11/2010,Yes - UPL,"881031 IMDM, Eastleigh, Indirect",,1st September 2016,0,0,0,0,126,"HOW TO GET THERE
Just before the rail bridge take a left down Worgret Farm track/entrance an proceed past the farmhouse on the right and take the right track between 2 barns.  you will see the mast and proceed towards that.  You need to hegotiate a low barbed wire fence, the other side of which is a brick rail bridge.  

METER LOCATION
The small grey cabinet is located at the nearest end of the bridge behind an unpadlocked wooden gate, near the mast

NOTES
WHOLE CURRENT, single phase, 230v
Agreed capacity 15 kVA

PARKING
Ample in farm but  not right at the meter because of the barbed wire fence",2025-07-30 10:55:30.0000000,George.Murray@networkrail.co.uk,,Stoborough GSM-R site 1114-4249080,,,,,1489613261,0,0,278,857,6,881031,522000,113671,FUR," ",Southern,Wessex,Outer,280,50.68082,-2.135464,09-10-2025 09:02:32
394,,1904007,Oakham Signal Box,Barleythorpe Road,Oakham,Leicestershire,,,LE15  6H,,,1117,0,0,667,,,Yes,,,0,0,0,0,93,"Site Access - Not Known

The below account number is the old property number for STW and not the current account is correct on this record.

STW had the incorrect site name and billing address I have email Martin Smith asking him to add to group account and correct the billing address and the acccount name on the account, 

STW have placed the account on hold for 28 days from 18/10/2016. 

Update by SPT on the 18/10/2016. 



Site Usage Notes - 

Severn Trent acc. no.2638 8180 5656 is for Oakham signal box.ST tel.0845 7500500.",2025-03-04 17:30:34.0000000,Drew.Gallagher,,Oakham Signal Box-1904007,,,,,-219051881,0,0,0,1230,0,0,0,118618,GSM2,,Eastern,East Midlands,Derby,280,0,0,09-10-2025 09:02:04
18223,,4142404,CRH - Haywards Heath Down Main CRH2 (03766-S-01),Haywards Heath Station,,Sussex,,,RH16 1QW,,,1122,0,0,0,,Yes - EMig Con Rail Sub Meter,Yes NTfT,,,0,0,0,0,37,,2025-07-30 10:55:09.0000000,George.Murray@networkrail.co.uk,,Haywards Heath Down Main CRH2 (03766-S-01)-4142404,,,,,-782629327,0,0,278,1452,14,0,0,113671,VTB3,U,Southern,Sussex,Brighton,280,0,0,09-10-2025 09:02:44
11757,,2370956,Lighting (Navigation) <  - Shrewsbury Bridge,Shrewsbury Footbridge,Castle Foregate,Shrewsbury,,,SY1 2DQ,,,1123,0,19,667,,,No,,11/06/2024,0,0,0,0,171,"Meter and DB are located on Platform 3, next to the brick building housing the gas meter. At elevation, ladder required for reads.",2025-03-04 17:34:21.0000000,Drew.Gallagher,,Carmarthen Station - Shrewsbury Footbridge-2370956,,,,,-1625219080,0,0,278,1050,0,0,0,891031,WSJ2,,Wales & Western,Wales,Shrewsbury,280,52.71156,-2.749176,09-10-2025 09:02:38
12118,,7405697,Trent Meadow Crossing IM Accom (Gas Closed 2011),Meadow Lane,Long Eaton,Nottingham,,,NG10 2FP,,,1092,0,0,671,,,,,,0,0,0,0,120,,2020-07-15 10:58:33.0000000,Tom Ward,,Trent Meadow Crossing IM Accom (Gas)-7405697,,,,,-1428804385,0,0,276,250,0,0,0,0,TSN1,,Eastern,East Midlands,Derby,280,0,0,09-10-2025 09:02:38
13853,*,4141386,Brentford Signalling2 F473 NTfT,Brook Lane North,,Brentford,,,TW8 0RE,,,1092,0,0,666,25/04/2014,Yes - EDF Sub Meter,Yes NTfT,,,0,0,0,0,10,Also supplied by 4141385 and 5552004,2021-01-13 09:25:30.0000000,Rachel.Fisch,,Brentford C2-4141386,,,,,1682127474,0,0,0,710,3,0,0,880031,HOU,U,Southern,Wessex,Inner,280,0,0,09-10-2025 09:02:40
5660,,4731004,Signal Box + - Alstone Lane,Alstone Lane,Cheltenham,Gloucestershire,,,GL51 8EL,,,1123,0,45,676,19/08/2014,Yes - Siemens AMR Phase 2,"890031 IMDM, Bristol, Indirect",,21/11/2023,0,0,0,0,86,"Site Location - From J11  M5 take A40 towards Cheltenham taking B4633 after second roundabout.  After roundabout outside station take 1st left into Alstone Lane.  Crossing box is 1/4 mile down lane on left.
Site Access - 221. No 5 Keys
Site Usage Notes - Also supplies signal box  relay room  crossing lighting  yard lighting & portaloo.  Meter reading 16/03/98 :- L-008252  N-014113.  05/08/08:- LOW 061826  NOR 102473

Correct postcode for box is GL51 8HQ but this is broad, for SATNAV use GL51 8EL and follow road to signal box",2025-03-04 17:34:33.0000000,Drew.Gallagher,,Alstone Lane Signal Box & Sidings-4731004,,,,,746414873,0,0,278,462,4,890031,0,890031,BAG2,,Wales & Western,Western,Central,280,51.90295,-2.097024,09-10-2025 09:02:24
3114,,E2351048,GSMR - Ardrossan South Beach Station (5170A),Ardrossan South Beach Station,South Beach Road,Ardrossan,Ayrshire,Scotland,KA22 8AX,,,1121,0,36,680,19/08/2014,Yes - Siemens AMR Phase 2,"861031 IMDM, Motherwell, Indirect",,12/1/2018  RE,0,0,0,0,30,"Site Location - from station car park TR onto South Beach Road <B728>  cross road over rail bridge #16 and immediately TL into lane (front of newsagents kiosk) and follow 50m back to fenceline
Site Access - direct from waste ground; padlock key stored in Ard SB FS/Holm Jn PH supply meter pillar",2025-03-04 17:32:32.0000000,Drew.Gallagher,Utilities Scotland <UtilitiesScotland@networkrail.co.uk>,Ardrossan Sth Beach Stn GSM-R 5170A-2351048,,,,,1315869370,0,0,278,1000,6,861031,0,861031,LGS2," ",Scotland's Railway - Scotland,Delivery Units,Motherwell DU,280,0,0,09-10-2025 09:02:16
10594,,T4141072,Stone Station Yard PSP NTfT,Station Approach,,Stone,,,ST15 8ER,,,1120,0,53,667,,Yes - EDF Sub Meter,Yes NTfT,Non-Traction from Traction,NTfT,0,0,0,0,0,Shared with 2340466,2025-03-04 17:32:22.0000000,Drew.Gallagher,,Stone Station Yard PSP.-4141072,,,,,-908671375,0,0,0,240,9,0,0,858031,NBS,G,LNW,WCS,Stafford,280,0,0,09-10-2025 09:02:35
7130,,7187005,Eastrea AHB Railway Crossing,Wype Road off A605,Whittlesey,Cambridgeshire,,,PE15,,,1117,0,0,670,24/07/2014,Yes - Siemens AMR Phase 2,"822031 IMDM, Tottenham, Indirect",,,0,0,0,0,93,"Site Location - East from Whittlesey on A605 to Eastrea  1 km south on Wype Road to crossing.
Site Access - Key reg. 3A752
Site Usage Notes - No other usage
According to google maps use postcode PE7 2HG",2025-03-04 17:29:57.0000000,Drew.Gallagher,,Eastrea AHB Railway Crossing-7187005,,,,,-1938401271,0,0,278,28,7,822031,0,822031,EMP,,Eastern,Anglia,Tottenham,0,0,0,09-10-2025 09:02:27
7252,,7490006,Fenchurch Street Points Heating,Fenchurch St Railway Station,Goodmans Yard,Mansell Street,London,,EC3M 4AJ,,,1117,0,0,666,,,"821031 IMDM, Romford, Indirect",,,0,0,0,0,0,"Site Location - From  Fenchurch Street Station East to Mansell Street
Site Access - Previously supplied Balfour Beatty S & T portacabins 3 x 63A.  These switches currently off
Site Usage Notes - No other usage (Some confusion exists over this supply - See also Record No. H00542)",2025-03-04 17:30:33.0000000,Drew.Gallagher,,Fenchurch Street Points Heating-7490006,,,,,-1902783192,0,0,278,0,5,1001,0,821031,FSS1,,Eastern,Anglia,Romford,0,0,0,09-10-2025 09:02:27
3548,,2360033,"GSMR(+) - Witley GSMR  2309, Bearer, ORN CSR",Combe Lane,Witley,Godalming,Surrey,,GU8 5TP,,,1122,0,0,666,26/11/2014,Yes - Siemens AMR Phase 2,"882031 IMDM, Woking, Indirect",,8th July 2020,0,0,0,0,38,"HOW TO GET THERE
Exit Witley Station into Robin way then left into Coombe Lane and it is in the Railway fenceline on the left.

METER LOCATION
Railway fenceline adj the mast in Coombe Lane

NOTES
CCC2
Opens to road.  CARE - no pavement but on small incline.
Feeds GSMR 2309, Bearer, ORN and CSR
WHOLE CURRENT, single phase, 230v

PARKING
On narrow pavement opposite meter (temporary only) or at station then walk.


",2025-07-30 10:55:31.0000000,George.Murray@networkrail.co.uk,,Witley Cab Secure Radio-2360033,,,,,-320049403,0,0,278,480,6,882031,522000,113671,WPH1,,Southern,Wessex,Outer,280,51.13539,-0.643396,09-10-2025 09:02:18
21518,,E2352458,PSP - West Calder,West Calder Station,"Station Road, East End",West Calder,Edinburgh,Scotland,EH55 8BS,,,1121,0,53,680,3/4/2018,Yes - SMS,,unrestricted - direct from station car park - PS1,26/4/2018  RE,0,0,0,0,18,,2025-03-04 17:32:42.0000000,Drew.Gallagher,Utilities Scotland <UtilitiesScotland@networkrail.co.uk>,West Calder PSP - 2352458,,,,,-2022198505,0,0,278,650,0,0,0,860031,"EGS2 ",,Scotland's Railway - Scotland,Delivery Units,Edinburgh DU,280,0,0,09-10-2025 09:02:49
22515,,2371189,Signalling Supply Point + - Bertwyn,Carmarthen Bay Holiday Park,,Kidwelly,,,SA175EX,,,1123,0,5,977,TBA,TBA,,,,0,0,0,0,235,"The LoCoDR site is located adjacent to the Up Main line to the north‐west corner of
Bertwyn Level Crossing. Access to this location is via railway access gates, which are
off an un‐named access road, nearby the “Sea View Holiday Chalets”, at 235M 1331yds
(Grid reference SS 379 069) on the SWM2 line.
Cubicle lock is a railway BRW access gate lock is Viro",2025-03-04 17:34:39.0000000,Drew.Gallagher,,,,,,,-795277739,0,0,994,1331,0,0,0,894031,SWM2,,Wales & Western,Wales,Cardiff,280,51.73777,-4.348637,09-10-2025 09:02:52
6044,,5490001,RR(+) - Old Wickham Lane PH RR (CLOSED) 14-05-09,Old Wickham Lane,Haywards Heath,West Sussex,,,RH16,,,1092,0,0,0,,,No,,14/05/09,0,0,0,0,37,"Site Location - Out of Haywards Heath Station right  first left into Mill Green Road  right into College Road  left into Wickham Way  left into Old Wickham Lane.
Site Access - CCC2 key for cabinet.
Site Usage Notes - Relay Room  Points Heating and Motorised Hook Switches.  Disconnected 11/6/09",2025-07-31 13:00:29.0000000,George.Murray@networkrail.co.uk,,Old Wickham Lane Points Heating & Relay Room-5490001,,,,,2105465000,0,0,276,345,9,0,0,0,VTB3,,Southern,Sussex,Brighton,280,0,0,09-10-2025 09:02:24
216,,E1404006,Harlesden Power House Domestics,Acton Lane,,Harlesden,,,NW10 7AA,,,1120,0,58,666,17/06/2015,Yes - Siemens AMR Phase 2,"859031 IMDM, London Euston, Indirect",Delivery Units,17/02/2015 TSB,0,0,0,0,6,"Site Access - Via track access at Hartley Road (former willesden PSB Yard accross the sidings then walk approx 400 meters on safe walkway towards Harlesden pass through first bridge then switch house is before Acton Lane bridge
Site Usage Notes - No Other Usage
LOCATED IN HARLESDEN SWITCH HOUSE
Site Security - LEVEL C AND COSS access via track from Harlesden Down platform
Previously called Acton Lane Points Heating  - changed to Harlesden Power House at request of T.Bleasdale 30.10.14",2025-03-04 17:31:25.0000000,Drew.Gallagher,,Harlesden Power House-1404006,,,,,737779384,0,0,278,50,5,859031,0,859031,LEC1,,LNW,WCS,Euston,280,0,0,09-10-2025 09:02:04
3340,,E2352060,WILD - New Cumnock,nr Bridge 187 Mansefield Mains Farm,off Mansefield Road,New Cumnock,Cumnock,Scotland,KA18 4NS,,,1121,0,56,680,19/06/2012,Yes - EDF DUMB meter,"861031 IMDM, Motherwell, Indirect",,29/3/2018  RE,0,0,0,0,56,"Site Location - from A76(T) in Pathhead <east> on Mansefield Rd (unclassified)  2kms to xrds Hall of Mansefield/Mansefield Mains farms  TR into Mansefield Mains  keep right past farm bldgs  thru 2 gates and farm track down hill 300m to l.h. bend and steps down on r.h.s. (OB187 ahead)
Site Access - direct from farm track and down steps   PS1 only
Site Usage Notes - Gotcha site",2025-03-04 17:32:48.0000000,Drew.Gallagher,Utilities Scotland <UtilitiesScotland@networkrail.co.uk>,New Cumnock Wheelchex site-2352060,,,,,1086776871,0,0,278,460,10,861031,0,861031,GSW,,Scotland's Railway - Scotland,Delivery Units,Motherwell DU,280,0,0,09-10-2025 09:02:18
18047,,4142228,CRH - Dover Priory Up CRH2 (07716-K-01),Dover,,Kent,,,CT17 9SA,,,1122,0,0,0,,Yes - EMig Con Rail Sub Meter,Yes NTfT,,,0,0,0,0,77,,2025-07-30 10:55:06.0000000,George.Murray@networkrail.co.uk,,Dover Priory Up CRH2 (07716-K-01)-4142228,,,,,415915341,0,0,278,352,14,0,0,113671,FDM,U,Southern,Kent,Ashford,280,0,0,09-10-2025 09:02:44
14554,,4141561,Luton SSP NTfT,Station Road,,Luton,,,LU1 2LT,,,1117,0,0,666,,Yes - EDF Sub Meter,Yes NTfT,,,0,0,0,0,30,"Shared with leag
",2025-03-04 17:31:10.0000000,Drew.Gallagher,,Luton PSP NTfT-4141561,,,,,652539296,0,0,0,620,3,0,0,118618,SPC1,N,Eastern,East Midlands,Bedford,280,0,0,09-10-2025 09:02:44
9284,,2310388,Waltham Cross Cab Secure Radio (CLOSED),Platform 1  Waltham Cross Station,Station Approach,Waltham Cross,,,EN8 7LU,,,1092,0,0,666,,,"822031 IMDM, Tottenham, Indirect",,,0,0,0,0,12,"From Waltham Cross railway Station: inside railway boundary fence line North end of Platform 1 adjacent to access steps from Eleanor Cross Road bridge.

 03/08/16 NPower meter technician (07976725741) calls on route to disconnect meter, Gary Smith attended and advises meter left in situ and fuses removed.",2020-07-15 10:58:51.0000000,Tom Ward,,Waltham Cross Cab Secure Radio x2-2310388,,,,,557951546,0,0,276,1534,0,822031,522000,822031,BGK," ",Eastern,Anglia,Tottenham,280,0,0,09-10-2025 09:02:32
2780,,E2341043,Fairfield GSM-R 4446,Victory Grove,Audenshaw,Manchester,,,M34 5XA,,,1120,0,36,679,10/03/2010,Yes - SP metering (Dataserve),"854031 IMDM, Manchester, Indirect",Delivery Units,13/07/2022 TSB,0,0,0,0,4,"Located in fenceline at the end of Victory Close
MEx 13/07/2022",2025-03-04 17:31:54.0000000,Drew.Gallagher,,Fairfield GSM-R-2341043,,,,,-1735372124,0,0,278,167,6,854031,0,854031,HAJ," ",LNW,North West,Manchester,280,0,0,09-10-2025 09:02:16
6540,,6110004,St Neots North Jn Point Heating,Priory Hill,off Hawkesden Road,St Neots,Huntingdon,United Kingdom,PE19 1QF,,,1117,0,0,670,14/09/2011,Yes - EDF Phase 1,"843031 IMDM, Hitchin, Indirect",,,0,0,0,0,52,"Site Location - From station go North on the Hawkesden Road 0.5km. Right to bridge 133 & Anglia Water premises.
Site Access - None
Site Usage Notes - No other usages. RT",2025-03-04 17:29:52.0000000,Drew.Gallagher,,St Neots North Jn Point Heating-6110004,,,,,-767866800,0,0,278,190,5,843031,522000,118617,ECM1,,Eastern,East Coast,Peterborough,0,0,0,09-10-2025 09:02:27
6762,,6524001,Godnow Bridge Signal Box,Godnow Bridge,Crowle,Scunthorpe,,United Kingdom,DN17 4BN,,,1117,0,0,671,23/05/2014,Yes - Siemens AMR Phase 2,"842031 IMDM, Doncaster, Indirect",,,0,0,0,0,14,"Site Location - Go off the A18 Doncaster to Scunthorpe road to Crowle  at the village take the 1st left on a minor road to Thorne signal box  follow for 1½ miles.
Site Usage Notes - No other usages RT",2025-03-04 17:30:53.0000000,Drew.Gallagher,,Godnow Bridge Signal Box-6524001,,,,,336921653,0,0,278,170,4,842031,0,118616,DOW,,Eastern,East Coast,Doncaster,0,0,0,09-10-2025 09:02:27
9308,,4249138,GSMR - New Malden Junction-6179,Network Rail site,New Malden Junction,Opposite No. 2 Raby Road,Off Montem Road,New Malden,KT3 3QT,,,1122,0,0,666,18/01/2012,Yes - UPL,"880031 IMDM, Clapham, Indirect",,29th January 2018,0,0,0,0,10,"HOW TO GET THERE
Exit New Malden Station and turn left into the B283 High St.
Then take the 2nd right turn into Cambridge Road.  Proceed and take the 3rd right into Montem Road.
Go down Montem rd and at the point where it veers sharply to the left, it becomes raby Rd.

METER LOCATION
The cabinet is immediately on the right in the railway fenceline adj an access gate, opening out onto a small grass verge.  
It is the smaller left hand cabinet.  Opposite no. 2 Raby Road

NOTES
WHOLE CURRENT, single phase, 230v
Agreed capacity 15 kVA
CCC2, opens on to small grass verge.

PARKING
Residential parking by meter",2025-07-30 10:55:28.0000000,George.Murray@networkrail.co.uk,,New Malden Junction GSM-R site 6179-4249138,,,,,2116947802,0,0,278,0,6,880031,0,113671,BML1," ",Southern,Wessex,Inner,280,51.40243,-0.261286,09-10-2025 09:02:32
22147,*,,Leigh-on-Sea Point Heating 'B' Country end,,,,,,,,,1092,0,0,0,,,,,,0,0,0,0,0,,2021-07-14 13:51:33.0000000,John Brown,,,,,,,-1244739477,0,0,0,0,0,0,0,0,,,,,,0,0,0,09-10-2025 09:02:49
3113,,E2351047,GSMR - Stevenston (5169A),Ardeer Park,Stevenston,North Ayrshire,,Scotland,KA20 3LH,,,1121,0,36,680,19/08/2014,Yes - Siemens AMR Phase 2,"861031 IMDM, Motherwell, Indirect",,,0,0,0,0,27,"Site Location - from Ardeer at roundabout east/north of Caledonian Rd/Lundholm Rd follow B752 270m northwards to overbridge 4A and AAP(P) on l.h.s.at north end of west parapet
Site Access - direct from Ardeer Park perimeter footpath
Site Usage Notes - mast + REB0329",2025-03-04 17:32:31.0000000,Drew.Gallagher,Utilities Scotland <UtilitiesScotland@networkrail.co.uk>,Stevenston GSM-R site 5169A-2351047,,,,,1985750554,0,0,278,1620,6,861031,0,861031,LGS1," ",Scotland's Railway - Scotland,Delivery Units,Motherwell DU,280,0,0,09-10-2025 09:02:16
7694,,8468004,Cononley Level Crossing,Station Road,Cononley,Keighley,West Yorkshire,,BD20 8,,,1117,0,0,671,26/03/2014,Yes - Siemens AMR Phase 2,"844031 IMDM, Leeds, Indirect",,,0,0,0,0,218,"Site Location - From  A629 3 miles South East of Skipton take road East to Cononley  200m to level crossing.
Site Access - Unable to gain access to kiosk. MMF / C Key is required. Gate in fence is locked with RKB 222 lock
Site Usage Notes - Other usage:  RRNE Station Lighting CCTV/REB/Emerg Cabin RT
meter in metal cabinet next to train station below camera mask",2025-03-04 17:30:52.0000000,Drew.Gallagher,,Cononley Level Crossing-8468004,,,,,-1232470019,0,0,278,480,7,844031,0,118612,TJC3,,Eastern,North & East,Leeds,0,0,0,09-10-2025 09:02:30
21830,,1018513,Points Heating - Bascule Bridge,"Old Llansteffan Road		",Johnstown,Carmarthen,,,SA31 3NF,,,1123,0,20,0,,,,,,0,0,0,0,245,"At the end of Old Llanstaffan Road, adjacent to Old Llansteffan Road footpath crossing, to the south of the railway.					
",2025-03-04 17:34:23.0000000,Drew.Gallagher,,,,,,,-1154342856,0,0,278,1295,0,0,0,894031,SWM2,,Wales & Western,Wales,Cardiff,280,51.84974,-4.324449,09-10-2025 09:02:49
13562,,4141118,NTfT - Folkestone Signalling F1034,Access off Southern Way,,"Folkestone ",,,CT19 6DD,,,1122,0,0,0,,Yes - EDF Sub Meter,Yes NTfT,,,0,0,0,0,71,Also supplied by 4141119 and 5035008,2025-07-30 10:55:39.0000000,George.Murray@networkrail.co.uk,,Folkestone Sub 1-4141118,,,,,1630380643,0,0,278,100,3,0,0,113671,XTD,U,Southern,Kent,Ashford,280,0,0,09-10-2025 09:02:40
20215,,4249630,TP Hut - Offham 4249630,"KIOSK, up dirt track leading from No 1 Buckwell Co",Offham,Lewes,,United Kingdom,BN7 2DY,,,1122,0,0,0,,,,,,0,0,0,0,48,"CCC2 key for cabinet.
No COSS required

Enter STATION RD turn right on to (B2193) proceed to cross roads via right into LANSDOWN PLACE (B2193) proceed & turn left into the HIGH STREET (A2029)
Take a right turn into KINGSLEY ROAD bare left into MERIDIAN ROAD bare left into FITZROY ROAD 
Then turn left into PELLBROOK ROAD the right into CRISP ROAD
Follow road around & it Becomes CHURCHILL ROAD turn left into FULLER ROAD go to end & turn left into BUCKWELL COURT Proceed towards No: 1 BUCKWELL COURT.
Take path through field adjacent to No: 1 & proceed towards the dirt track 30m in front of you, follow track & go under rail bridge turn left & follow path to TP hut (140m) pass Hut (188m) to next rail bridge & turn left, cabinet is just before the bridge on your left, cabinet opens out onto the path.",2025-07-30 10:56:03.0000000,George.Murray@networkrail.co.uk,,Offham TP Hut 4249630-4249630,,,,,777034226,0,0,278,1067,8,0,0,113671,KJE1,,Southern,Sussex,Brighton,280,0,0,09-10-2025 09:02:49
22564,,W9999925,"RR - Kirkcaldy ","Junction Road ","West Gallatown ","Pathhead "," KIRKCALDY",Scotland,KY1 2BH,,,1092,0,38,672,,,,,,0,0,0,0,0,Account was in Unknown Accounts and be reassigned to its individual account,2024-08-08 15:56:09.0000000,Catriona.Mclean@networkrail.co.uk,Utilities Scotland <UtilitiesScotland@networkrail.co.uk>,,,,,,-1168810533,0,0,0,0,0,0,0,860031,,,Scotland's Railway - Scotland,Delivery Units,Edinburgh DU,280,0,0,09-10-2025 09:02:52
1806,,2330685,Hornsey GSM-R (Closed),Clarendon Road,Hornsey,Wood Green,,United Kingdom,N8 0NW,,,1092,0,0,666,,,No,,,0,0,0,0,4,,2022-08-01 13:33:21.0000000,Bradley.France@networkrail.co.uk,,Hornsey GSM-R-2330685,,,,,899373414,0,0,276,500,6,0,0,118617,ECM1," ",Eastern,East Coast,Kings Cross,280,0,0,09-10-2025 09:02:12
7625,,8201007,Templehirst Junction Relay Room (kiosk H),Station Cottages,Temple Hirst,SELBY,North Yorkshire,United Kingdom,YO8 8QL,,,1117,0,0,674,20/12/2011,Yes - EDF Phase 1,"848031 IMDM, York, Indirect",,,0,0,0,0,169,"Site Location - From  A19 Selby to Doncaster Road  4 1/2 miles south of Selby  turn left on minor Road to Templehirst  In 3km afer 2nd railway bridge left to relay room.
Site Access - None
Site Usage Notes - Other usage:  Points Heating (Railtrack) and Other Maintenance Accommodation (Jarvis - not taken up in IMC2000)",2025-03-04 17:30:58.0000000,Drew.Gallagher,,Templehirst Junction Relay Room (kiosk H)-8201007,,,,,301477031,0,0,278,350,3,848031,522000,118615,ECM2,,Eastern,East Coast,Darlington,0,0,0,09-10-2025 09:02:30
18360,,4142541,CRH - Marden Down CRH1 (03941-K-01),Marden,,kent,,,TN12 9AG,,,1122,0,0,677,,Yes - EMig Con Rail Sub Meter,Yes NTfT,,,0,0,0,0,39,,2025-07-30 10:55:11.0000000,George.Murray@networkrail.co.uk,,Marden Down CRH1 (03941-K-01)-4142541,,,,,1781137401,0,0,278,902,14,0,0,113671,XTD,U,Southern,Kent,Ashford,280,0,0,09-10-2025 09:02:44
19575,,7406075,Howsham AHB Level Crossing (8) (Water),Searby Road,Howsham,Market Rasen,Linconshire,,LN7 6JY,,,1117,0,0,671,,,Yes,,,0,0,0,0,0,,2025-03-04 17:30:46.0000000,Drew.Gallagher,,Howsham AHB Level Crossing (8) (Water)-7406075,,,,,-1206039094,0,0,0,0,0,0,0,0,,,Eastern,North & East,Sheffield,0,0,0,09-10-2025 09:02:47
10124,,2331205,Micklefield Station GSM-R 4115,Nr A1(M) Nr Sunnybank Road,New Micklefield,Garforth,Leeds,,LS25 4DG,,,1117,0,0,671,14/12/2012,Yes - UPL,"844031 IMDM, Leeds, Indirect",,,0,0,0,0,15,"GRP cabinet locatd to eastern end of station car park at ///songbird.movements.removal, 859 lock

Meter Serial K12UP06900",2025-05-30 13:10:47.0000000,Thomas.blencowe@networkrail.co.uk,,Micklefield Station GSM-R 4115-2331205,,,,,-2139998816,0,0,278,1372,6,844031,0,118612,CFM," ",Eastern,North & East,Leeds,280,0,0,09-10-2025 09:02:35
21843,,1018520,Points Heating - Cadoxton,Palmerston Trading Estate,Palmerston Road,"Barry	",,,CF63 2YZ,,,1123,0,20,0,,,,,,0,0,0,0,5,Access to DNO is through the Palmerston Trading Estate,2025-03-04 17:34:24.0000000,Drew.Gallagher,,,,,,,-545258676,0,0,278,1632,0,0,0,894031,BRY,,Wales & Western,Wales,Cardiff,280,51.41408,-3.2443,09-10-2025 09:02:49
7685,,8411001,Elland Signal Box (Disconnected),Exley Lane,Elland,West Yorkshire,,,HX5 9HY,,,1117,0,0,671,,," ",,,0,0,0,0,31,"Site Location - From A629  take  A6025  towards Brighouse  immediatley turn into old goods warehouse  signal box is just past the main building.
Site Access - None
Site Usage Notes - No other usages. RT
SP Disconnection tracker 143:- Aborted see notes",2025-03-04 17:30:01.0000000,Drew.Gallagher,,Elland Signal Box (Disconnected)-8411001,,,,,549850385,0,0,276,1340,4,0,0,0,MVN2,,Eastern,North & East,Leeds,280,0,0,09-10-2025 09:02:30
12513,,2370993,GSM-R - Ebbw Vale (6587),Off Glan Ebbw Terrance,,Ebbw Vale,,,NP23 8AP,,,1123,0,36,676,,Yes - UPL,"894031 IMDM, Cardiff, Indirect",,21/05/2025,0,0,0,0,18,"Cabinet is located at Ebbw Vale Parkway Station. On the approach to the platform there are 3 cabinets next to each other, the meter is in the light grey cabinet nearest to the car park.

What3words - gravel.influencing.enhancement

Key - BRW",2025-05-22 08:24:30.0000000,Rhys Samuel,,Ebbw Vale - GSMR 6587-2370993,,,,,-114464097,0,0,278,855,6,894031,0,894031,EBW," ",Wales & Western,Wales,Cardiff,280,51.75713,-3.1963,09-10-2025 09:02:40
4223,,2370035,Points Heating - Exmouth Junction,Rear of 89 Priory Road,Exeter,Devon,,,EX4 7AP,,,1123,0,20,0,15/12/2011,Yes - EDF Phase 1,"892031 IMDM, Plymouth, Indirect",,,0,0,0,0,170,"Site Location - From M5 J29  take A3015 towards Exeter. Pass under rly bridge then at roundabout take 2nd exit and go under road bridge.  Take 1st right to B3181.  Then left on B3212 Pinhoe Road. After 1.5 miles go right into Mount Pleasant Rd & 2nd right into Priory Rd.
Site Access - No.5 key. BRW key
Site Usage Notes - No other usage.  EAC 13 000kWh.",2025-03-04 17:34:24.0000000,Drew.Gallagher,,Exmouth Junction Points Heating-2370035,,,,,-558099585,0,0,278,690,5,892031,0,892031,BAE2,,Wales & Western,Western,West,0,50.73296,-3.511383,09-10-2025 09:02:19
2785,,E2350007,SB (+) - Barnhill - [PH],Island View,off Dundee Road,Perth,,Scotland,PH2 7HS,,,1121,0,45,672,26/06/2012,Yes - EDF Phase 1,"862031 IMDM, Perth, Indirect",,,0,0,0,0,19,"Site Location - From A85 junction at start of M90 continue on A85 towards Perth (also signed Coupar Angus); in Barnhill (Dundee Rd) first left into Island View (cul de sac). 130m to end then lane on right leads 50m to parking area

Site Access - direct from staff vehicle parking/turning area

Site Usage Notes - Point heating via  CC A  - 1 end: No.15 points (4 kW htg load)  signal box lighting  heating  small power + walkway lighting (2 @ 70W(?) on columns + 2  PLs  in bulkhead fittings on box wall)",2025-03-04 17:32:44.0000000,Drew.Gallagher,Utilities Scotland <UtilitiesScotland@networkrail.co.uk>,Barnhill SB & point heating-2350007,,,,,1864060165,0,0,278,1520,9,862031,0,106681,SCM5,,Scotland's Railway - Scotland,Operations,OM North,280,0,0,09-10-2025 09:02:16
22178,,E2331634,Glinton Junction DNO,Off Hodgson Avenue,,Peterborough,,United Kingdom,PE4 5EH,,,1117,0,0,0,,,,,,0,0,0,0,80,Take public footpath from Hodgson Avenue to railway boundary. Cubicle in fenceline.,2025-03-04 17:30:15.0000000,Drew.Gallagher,,Glinton Junction DNO,,,,,2023560739,0,0,278,1034,0,0,0,118617,WEB,,Eastern,East Coast,Peterborough,280,0,0,09-10-2025 09:02:52
9007,,4249072,GSMR - Wokingham (Chapel Green) -2414,"Network Rail Bridge 19/1375, ad Molly Millars Lane","adj Molly Millars Lane, Finchampstead Road (A321)","Chapel Green, Wokingham",Surrey,,RG40 2NT,,,1122,0,0,666,05/11/2010,Yes - UPL,"882031 IMDM, Woking, Indirect",,21st November 2018,0,0,0,0,61,"HOW TO GET THERE
Exit Wokingham Station UPSIDE plat 1.  Turn right into Station Approach.
Go straight over the crossroads, do not go over the xng which is on your right.
Now in Wellington Road go to the roundabout and take a right turn into Finchampstead Rd.
Proceed and go under Netrail Bridge # 4/34.  Proceed to next roundabout.
Go straight on and proceed to Network Rail Bridge # 19/1375.  Go under it and the cabinet is on the far side on the right close to Molly Millar's Lane.

METER LOCATION
In Railway fenceline on grass verge close to bridge

NOTES
CCC2 for cabinet
GSMR only
Getting to cabinet is difficult - no pavement here and a busy road.
Cabinet opens on to a small grass verge.
WHOLE CURRENT, single phase, 230v
Agreed capacity 15 kVA

PARKING
Tesco superstore opp. Molly Millars Lane.",2025-07-30 10:55:31.0000000,George.Murray@networkrail.co.uk,,Wokingham (Chapel Green)  GSM-R site 2414-4249072,,,,,1609928074,0,0,278,943,6,882031,522000,113671,GTW2," ",Southern,Wessex,Inner,280,51.40373,-0.839195,09-10-2025 09:02:32
9159,,2370706,GSM-R - Scorrier (Redruth) 1008,Scorrier West End,Blackwater,Truro,Cornwall,,TR4 8EX,,,1123,0,36,682,07/10/2014,Yes - Siemens AMR Phase 2,"892031 IMDM, Plymouth, Indirect",,,0,0,0,0,306,"From Truro:
1. Head north on Lemon St toward Prince's St  121 ft 
2. Turn right at Prince's St  177 ft 
3. Slight left at Boscawen St  0.1 mi 
4. Turn left at B3284/St Clement St  0.3 mi 
5. Turn right at B3284/Pydar St 
Continue to follow B3284  4.2 mi 
6. Slight left at A30  2.2 mi 
7. At the roundabout, take the 3rd exit onto B3277 heading to St Agnes  0.2 mi 
8. At the roundabout, take the 2nd exit  0.9 mi 
9. Turn left at N Hill  0.4 mi 
Just before the road turning on the right there will be track access on the right. You will need to proceed down the track for approximately 170m. Cabinet will be situated at the side of the track.
ON BRIDGEACCESS POINT TO TRACK IN METAL CABINET ON WOODEN GATE OPP RAILWAY BRIDGE DU WAS ASKED FOR ACCESS INFORMATION
",2025-03-04 17:34:15.0000000,Drew.Gallagher,,Scorrier (Redruth) GSM-R 1008-2370706,,,,,204583568,0,0,278,445,6,892031,522000,892031,MLN4," ",Wales & Western,Western,West,0,50.26541,-5.174344,09-10-2025 09:02:32
22436,,2371227,Signalling Supply Point - Llandeilo Junction,Bynea,,Llanelli,Carms,,SA14 9SD,,,1123,0,5,977,,,,,,0,0,0,0,224,"DNO cubicle located off Piano Bridge, Trostre Road B4034,  through Network Rail access gate, down access road. 
What3Words: edgy.formed.sheets
Cubicle lock is a railway BRW access gate lock is Viro",2025-03-14 08:17:57.0000000,Clare Rich,,,,,,,261382965,0,0,278,6,132,0,0,894031,SWM2,,Wales & Western,Wales,Cardiff,280,51.67062,-4.132688,09-10-2025 09:02:52
18603,,4142784,CRH - Strood Down North Kent CRH1 (03123-K-01),Strood,,Kent,,,ME2 4DR,,,1122,0,0,0,,Yes - EMig Con Rail Sub Meter,Yes NTfT,,,0,0,0,0,31,,2025-07-30 10:55:15.0000000,George.Murray@networkrail.co.uk,,Strood Down North Kent CRH1 (03123-K-01)-4142784,,,,,720848081,0,0,278,517,14,0,0,113671,HDR,U,Southern,Kent,Ashford,280,0,0,09-10-2025 09:02:44
7873,,8976002,Craiginches north PH (old record) (Closed),,,,,,AB11 8,,,1092,0,0,673,,,No,,,0,0,0,0,0,,2018-03-26 11:23:49.5570000,Andrew Vickers,,Craiginches north PH (old record)-8976002,,,,,-739780179,0,0,276,0,0,0,0,0,,,X-Deleted,Old Record,,280,0,0,09-10-2025 09:02:30
11800,,2331331,Rectory Junction Relay Room,Pintail Close,,Nottingham,,,NG4 2JT,,,1117,0,0,671,,Yes - EDF,"901031 IMDM, Derby, Indirect",,,0,0,0,0,123,"Site Access:This site is accessed from the network rail access point off pintail close and down the access track towards the viaduct.
The cabinet is to be sited on the left hand side of the track on the approach to the viaduct
DNO cabinet is sited at the bottom of the embankment adjacent to the wing wall of the viaduct accessed from service road no4 of Colwick industrial estate
The meter housing is a single sided GRP cabinet in the fence line of the wing wall",2025-03-04 17:30:30.0000000,Drew.Gallagher,,Rectory Junction Relay Room-2331331,,,,,-1521744970,0,0,278,1573,3,901031,0,118619,NOG1,,Eastern,East Midlands,Derby,0,0,0,09-10-2025 09:02:38
17941,,4142122,CRH - Buckland J c n/East Dover Down CRH1 (09801-K-01),Buckland,,Dover,,,CT16 2NJ,,,1122,0,0,0,,Yes - EMig Con Rail Sub Meter,Yes NTfT,,,0,0,0,0,98,,2025-07-30 10:55:04.0000000,George.Murray@networkrail.co.uk,,Buckland J c nEast Dover Down CRH1 (09801-K-01)-4142122,,,,,-406004773,0,0,278,33,14,0,0,113671,BME2,U,Southern,Kent,Ashford,280,0,0,09-10-2025 09:02:44
2626,,E2340857,Tyseley Principal Supply Point,Tyseley Hill Road,Tyseley,Birmingham,,,B11 2AD,dimes.herbs.young,,1120,0,53,667,06/07/2011,Yes - EDF Phase 1,"856031 IMDM, Saltley, Indirect",Delivery Units,11/05/2017 TSB,0,0,0,0,125,"In Brick cubicle in fenceline by track access gate
CT 200/5
MEx Emlite Port 56703 - 10/09/2025",2025-09-10 15:16:48.0000000,Terry Bleasdale,,Tyseley Principal Supply point-2340857,,,,,80777198,0,0,278,1717,9,3002,522000,856031,DCL,,LNW,Central,Saltley,280,0,0,09-10-2025 09:02:16
1478,,2330225,Malton Signal Box & station Point Heating,Welham Road,Norton,Malton,,,YO17 9DR,,,1117,0,0,674,07/11/2011,Yes - EDF Phase 1,"848031 IMDM, York, Indirect",,,0,0,0,0,21,"Site Location - From Malton Station turn right and over river. Continue across the level crossing and into Welham Road.
Site Usage Notes - Point Heating  & Sig Box RT:  Station will have separate supply.",2025-03-04 17:30:37.0000000,Drew.Gallagher,,Malton Signal Box & station Point Heating-2330225,,,,,-383436864,0,0,278,700,9,848031,0,118615,YMS,,Eastern,North & East,York,0,0,0,09-10-2025 09:02:12
8425,,CRSG,Crowlands,UKPN-EPN Substation,Crow Lane,Romford,,,RM7 0EE,,,1092,0,0,670,,,No,,,0,0,0,0,0,"Import Capacity: 15,000kVA; Export Capacity: 3,000kVA.
///minus.limbs.sing
",2024-03-01 17:03:46.0000000,Alan Bullock,,Crowlands-CRSG,,,,,433118940,0,0,278,0,0,0,0,0,LWA,P,Traction,Great Eastern,,280,51.56886,0.15913,09-10-2025 09:02:30
11351,,2331313,Kesteven Level Crossing FTN,Skellingthorpe Road,Saxilby,Lincoln,,,LN1 2LR,,,1117,0,0,671,,Yes - EDF,"901031 IMDM, Derby, Indirect",,,0,0,0,0,87,"Located off Skellingthorpe Road, Saxilby the DNO cubical will be located in the ZO corner of the level crossing. The DNO cubical is single sided located within the fence line.
No requirement to go on or near the line to access the cubical.
",2025-03-04 17:30:30.0000000,Drew.Gallagher,,Kesteven Level Crossing FTN-2331313,,,,,754626479,0,0,278,902,7,901031,0,118619,SPD3," ",Eastern,East Midlands,Lincoln,0,0,0,09-10-2025 09:02:38
6623,,6353001,Staythorpe Signal Box and Level Crossing (Closed),Main Road,Rolleston,Nottinghamshire,,,NG23 5RN,,,1092,0,0,671,04/10/2014,Yes - Siemens AMR Phase 2,"901031 IMDM, Derby, Indirect",,,0,0,0,0,14,"Site Location - From  Newark on A617  turn left at Averham. Crossing  1 mile.
Site Access - none
Site Usage Notes - SB & PH?
Ladders required to read metre ladders in basement of signal box
SB closed 5/11/16

Disconnected 10 Aug 2020",2020-10-08 10:28:01.0000000,Vicky Jarvis,,Staythorpe Signal Box and Level Crossing-6353001,,,,,-939017516,0,0,276,440,9,901031,522000,118619,NOB1,,Eastern,East Midlands,Derby,280,0,0,09-10-2025 09:02:27
13675,*,4141231,Rainham (Kent) Signalling2 F1002 NTfT,Off Winchester Road,,Rainham,Kent,,ME8 8DH,,,1092,0,0,0,,Yes - EDF Sub Meter,Yes NTfT,,,0,0,0,0,39,AMR project postcode - RM13 0XX not found,2021-01-13 11:40:28.0000000,Rachel.Fisch,,Rainham Supply 2-4141231,,,,,1159299284,0,0,0,510,3,0,0,113658,VIR,U,Southern,Kent,Ashford,280,0,0,09-10-2025 09:02:40
23033,,GLC13509,249 ARGYLE STREET - ARCH," ",Glasgow,Glasgow,x,,G2 8DL,,,1126,0,0,0,,,,,,0,0,0,0,0,,2025-03-12 12:24:11.0000000,Grace.Emmence,,,,,,,1018484571,0,0,1112,0,0,0,0,705220,,,Scotland Commercial Property,Glasgow," ",0,0,0,09-10-2025 09:02:52
19921,,T4141708,Edge Hill Pre-Heat1 NTfT (ums),Picton Road,Wavertree,Liverpool,,,L15 4LD,,,1120,0,0,679,,No - Unmetered NTfT,"Yes - IMDM, Liverpool, Indirect NTfT",Points Heating,NTfT UMS,0,0,0,0,191,,2025-03-04 17:32:07.0000000,Drew.Gallagher,,,,,,,-2068414376,0,0,278,1300,0,0,0,852031,WJL3,J,LNW,Liverpool,,280,0,0,09-10-2025 09:02:47
2027,,W2340048,Whitehaven Bransty Signal Box (water) (CLOSED),North Shore Road,Whitehaven,Cumbria,,,CA28 7XY,,,1092,0,0,681,,,"851031 IMDM, Carlisle, Indirect",,16/04/2021 TSB,0,0,0,0,74,"UU record state meter is 1/4 mile down wagon lane LHS in brambles Located in a cast oblong chamber on the left hand side of the road . UU located meter 04/02/2021 found isolated at inlet valve and meterr eading 0000  UU(Dave)  to arrange disconnection of dead supply and to locate supply to signalbox .
Disconenction requested via BS 01/09/2021 meter found removed by UU 01/10/2021 BS Advised.

Box confirmed to be fed from the MDU supply W7406195
	
Logical Disconnection 26/9/14 DNO removed supply circa 01/03/2014
De-Energised 26/6/14
",2025-08-21 14:38:10.0000000,Andrew.Facer@networkrail.co.uk,,Bransty Signal Box-2340048,,,,,-597588970,0,0,276,1600,4,851031,0,851031,CBC1,,X-Deleted,Old Record,Carlisle,280,0,0,09-10-2025 09:02:12
929,,2310288,Hythe Fixed Telephone Network,Hythe Station Road,Colchester,Essex,,,CO2 8JZ,,,1117,0,0,670,03/11/2014,Yes - Siemens AMR Phase 2,"820031 IMDM, Ipswich, Indirect",,,0,0,0,0,53,1.Site is located on Hythe Station Road beside level crossing. This is beside Easy Storage office,2025-03-04 17:30:11.0000000,Drew.Gallagher,,Hythe Fixed Telephone Network-2310288,,,,,-1898096542,0,0,278,1175,6,820031,0,820031,COC," ",Eastern,Anglia,Ipswich,0,0,0,09-10-2025 09:02:04
5039,,2685008,Lancaster Station (elec) ON CHARGE,Meeting House Lane,Lancaster,Lancashire,,,LA1 5NW,,,1120,0,0,679,,,No,On charge,,0,0,0,0,20,"Site Location - On entering Lancaster City Centre  follow the road signs for directions to the station
Site Access - Access from Platform No.3 - the keys are kept in the station supervisors office
Site Usage Notes - Station  Premises  -  Virgin Trains                                                     Per-way Offices  -  MSN LA8  -  LA13 - Network Rail                        Telecommunications  -  Global Crossing
OPAS address - Westbourne Road, Lancaster LA1 5SJ",2025-03-04 17:32:20.0000000,Drew.Gallagher,,Lancaster Station-2685008,,,,,1666318688,0,0,0,1660,11,0,0,851031,CGJ6,,LNW,Carlisle,,280,0,0,09-10-2025 09:02:21
19771,,Off-WM,West Midlands 72690 - Customer (x LondonMidland),102 New Street,,Birmingham,,,B24  4JB,,,1092,0,0,667,,,,,,0,0,0,0,0,"From: Lechareas Nicholas 
Sent: 03 May 2019 15:21
To: Kiran Murat <Murat.Kiran@networkrail.co.uk>
Subject:  London & Birmingham Railway Ltd t/a London Midland (27576)
Hi Murat, The franchise change is as below :
London Midland 27576 ( 11Nov2007 – 10Dec2017) 
West Midlands Trains 72690 (10Dec2017 – Mar 2026)

My only query is as the charges you have submitted oversee the franchise change , should the invoice be split into two, charging the old franchise for the period that they were active and charging the remaining to the franchise that took over ?
Kind regards
Nick Lechareas 
Shared Services Assistant (Billings)
Nicholas.Lechareas@networkrail.co.uk",2020-01-20 15:15:44.0000000,Murat Kiran,,,,,,,588381332,0,0,278,0,0,0,0,0,,,Off Charging,,,280,0,0,09-10-2025 09:02:47
4676,,2370543,Signalling Centre - Wales Rail Operating Centre,De Croche Place,Riverside,Cardiff,South Wales,,CF11 6JL,,,1123,0,35,676,,,"894031 IMDM, Cardiff, Indirect",,,0,0,0,0,170,"Site Usage Notes - South Wales Control Centre. Signalling  ICC. Main and backup supplies
Paige Tipple - Cotnact if any issues of supplies on site

Meter change scheduled for 7th June 16",2025-03-04 17:34:34.0000000,Drew.Gallagher,,South Wales Control Centre - Electricity-2370543,,,,,-446981508,0,0,278,1650,2,7001,522000,894031,SWM2,,Wales & Western,Wales,Cardiff,280,51.47678,-3.192275,09-10-2025 09:02:21
1916,,2330886,Clay Cross SSP,Station New Road,Tupton,Derbyshire,,,S42 6DA,,,1117,0,0,667,01/09/2014,Yes - Siemens AMR Phase 2,"901031 IMDM, Derby, Indirect",,,0,0,0,0,147,"Site Location - @ M1 (J28) take A38 towards alfreton  Ripley & Derby. @ 2ndjunction take A61 towards Higham  Clay Cross  Chesterfield & Sheffield. @ Clay Cross TR onto A6175  TL onto Station Rd towards Tupton.
Site Usage Notes - SSP & Pt Htg.",2025-03-04 17:30:27.0000000,Drew.Gallagher,,Clay Cross SSP-2330886,,,,,-1977912937,0,0,278,1507,3,2002,0,118619,SPC8,,Eastern,East Midlands,Derby,0,0,0,09-10-2025 09:02:12
11462,,7405408,Doncaster BTP Offices (water) (closed),Unit 7,Trafford Court,Off West St,Doncaster,United Kingdom,DN1 1PN,,,1092,0,0,671,,,Yes,,,300,0,8760,0,155,"Site Location - From Doncaster Station :- Turn to right leaving station Trafford Court is the building with the private car parking around it.


Supply tranferred to BTP 04/20",2022-08-01 13:33:19.0000000,Bradley.France@networkrail.co.uk,,Doncaster BTP Offices (water)-7405408,,,,,35677585,0,0,279,1650,0,0,0,118616,ECM1,,Eastern,East Coast,Doncaster,280,0,0,09-10-2025 09:02:38
14292,,2380161,Station - London Bridge Tenants (E),Station Approach,,London,,,SE1 9SP,,,1122,0,0,666,,,,,,0,0,0,0,0,LBG,2025-07-31 13:00:32.0000000,George.Murray@networkrail.co.uk,,London Bridge Station Tenants (Elect)-2380161,,,,,-78743864,0,0,278,0,0,0,0,113671,,,Southern,Managed Station,London Bridge Stn,280,0,0,09-10-2025 09:02:40
3072,,E2351005,GSMR - Cambuslang (0615A),Glasgow Road,Cambuslang,Glasgow,,Scotland,G72 7DW,,,1121,0,36,680,10/10/2014,Yes - Siemens AMR Phase 2,"861031 IMDM, Motherwell, Indirect",,,0,0,0,0,97,"Site Location - on Glasgow Road <southbound> park in lay-by/bus stop at end of terrace (Nos.51-39) thence over  mown  grass area to fenceline at rear of advertising hoarding
Site Access - direct over  mown grass  area
Site Usage Notes - mast + REB 0228
Survey 04/06/14 - This cab had Broken glass on the front of the cab",2025-03-04 17:32:36.0000000,Drew.Gallagher,Utilities Scotland <UtilitiesScotland@networkrail.co.uk>,Cambuslang GSMR 0615A-2351005,,,,,-1945650726,0,0,278,860,6,861031,0,861031,WCM2," ",Scotland's Railway - Scotland,Delivery Units,Motherwell DU,280,0,0,09-10-2025 09:02:16
22254,,E2341763,Crewe Rockwell House,Gateway,Crewe Gates Industrial Estate,Crewe,,,CW1 6YT,,,1120,0,0,0,01/08/2022,|Yes Eon,,,10/03/2023 TSB,0,0,0,0,0,"in main switcroom LHS  in warehouse. Through right hand corridor past ladies toilet through door on LHS into warehouse.
MEx 01/08/2022 - EOn IPort modem 14982
CT ratio 400/5

NPower reg 19/08/2022",2025-03-05 13:52:55.0000000,Terry Bleasdale,,Crewe Rockwell House,,,,,-709928550,0,0,278,0,0,0,0,706213,LWA,,LNW,Workplace Management,,280,0,0,09-10-2025 09:02:52
7525,,8025011,Snaith Station & Level Crossing,Selby Road,Snaith,Goole,North Humberside,,DN14 9HS,,,1117,0,0,671,09/06/2014,Yes - Siemens AMR Phase 2,"848031 IMDM, York, Indirect",,,0,0,0,0,68,"Site Location - A 1041 - Snaith - Selby Road.
Site Access - Dual locking facility provided for supply cubcle. Cubicle fitted with MMD / E8 & Y.E.B. locks.
Site Usage Notes - Other usage:  station (RRNE).
At snaith level crossing meter located in stainless steel cabinet in white fence line",2025-03-04 17:30:58.0000000,Drew.Gallagher,,Snaith Station & Level Crossing-8025011,,,,,-435763046,0,0,278,220,9,848031,522000,118615,WAG1,,Eastern,North & East,York,0,0,0,09-10-2025 09:02:30
11569,,7405441,Gilberdyke Junction Signal Box (Water),Station Road,Gilberdyke,Brough,North Humberside,,HU15 2ST,,,1117,0,0,671,,,Yes,,,0,0,0,0,17,"Site Location - B1230 turn off at Clemthorpe road  Gilberdyke  proceed to Station road  station well signed. Access off Station Road through gate along access to signal box
Site Access - Key to signal box held by Duty signal man normal hours 05.00 - 23.00 of working",2025-03-04 17:30:00.0000000,Drew.Gallagher,,Gilberdyke Junction Signal Box (Water)-7405441,,,,,-1419456182,0,0,0,150,0,0,0,118615,HUL1," ",Eastern,North & East,York,280,0,0,09-10-2025 09:02:38
3053,,E2350294,SB (+) - Thornhill - [AR],Thornhill Station,Thornhill,Dumfries & Galloway,,Scotland,DG3 5DX,,,1121,0,45,681,01/10/2014,Yes - Siemens AMR Phase 2,"861031 IMDM, Motherwell, Indirect",,,0,0,0,0,77,"Site Location - A76(T)<northbound> into Thornhill village  TR<east> at the Cross  follow unclassified road approx 2kms and thru  rail over road bridge (UB259)  TR and veer right (old station house - now flats  on r.h.s.) to AAP(V) access gate; AR thru  gate on l.h.s.
Site Access - via SB AWR (thru   field gate  approx 30m beyond old station house)   PS1 locked
Site Usage Notes - signal box (new S&C x/o installed summer 2007 - PH/clamplocks now fed separate DNO incomer CC A  3 ends - 11a/b + 13 [UM>UPL]; CC 2  - 1 end No.18 [UPL>UM])
Site is located in power house with blue doors on approach road to signal box, in the door to the right on the wall at the back. This meter has two metres on a 3 phase supply",2025-03-04 17:32:39.0000000,Drew.Gallagher,Utilities Scotland <UtilitiesScotland@networkrail.co.uk>,Thornhill signal box + AR-2350294,,,,,-978999498,0,0,278,1190,9,861031,0,106285,GSW,,Scotland's Railway - Scotland,Operations,OM Glasgow,280,0,0,09-10-2025 09:02:16
4641,,2370504,Workplace Management - Bristol Parkway Training Centre,Hunts Ground Road,Stoke Gifford,Bristol,Avon,,BS34 8PU,,,1123,0,0,676,,,No,,,3300,0,0,0,111,"Site Usage - Supply for the full  operation of the training centre and all associated machines & equipment
THE GAS ACCOUNT (G2370492) IS WITH NPOWER BUSINESS
Account number 7013241
Site ref; 1292088A
MPR 8884231705
MSN 80001736S",2025-03-25 13:03:37.0000000,Clare Rich,,Bristol Parkway Training Centre-2370504,,,,,1006105545,0,0,278,1190,0,9001,0,708520,SWB,,Wales & Western,Western,Workplace Management,280,51.51417,-2.539877,09-10-2025 09:02:21
18719,,4142900,CRH - Westenhanger Up CRH2 (06402-K-01),Westenhanger Station,,Kent,,,CT21 4HX,,,1122,0,0,0,,Yes - EMig Con Rail Sub Meter,Yes NTfT,,,0,0,0,0,64,,2025-07-30 10:55:17.0000000,George.Murray@networkrail.co.uk,,Westenhanger Up CRH2 (06402-K-01)-4142900,,,,,-1664758615,0,0,278,55,14,0,0,113671,XTD,U,Southern,Kent,Ashford,280,0,0,09-10-2025 09:02:47
9211,,4249535,GSMR - West Worthing 2294,Friar Walk,Off Canterbury Road,Worthing,West Sussex,,BN13 1BL,,,1122,0,0,0,15/04/2011,Yes - UPL,"113658 IMDM, Brighton, Indirect",,,0,0,0,0,11,"1. Head north on Chapel Rd/A259 toward Stoke Abbott Rd,Continue to follow Chapel Rd,Go through 1 roundabout 0.2 mi  
2. At the roundabout, take the 1st exit onto Teville Rd/A2031,Continue to follow A2031,0.8 mi  
3. Turn right at South St/A2031,0.1 mi  
4. Take the 2nd left onto Canterbury Rd,0.2 mi  
5. Take the 3rd left onto Friar Walk, 115 ft  
6. Keep left at the fork, Destination will be on the left,138 ft.  
",2025-07-30 10:55:31.0000000,George.Murray@networkrail.co.uk,,West Worthing  GSM-R site  2294-4249535,,,,,1737391305,0,0,278,1188,6,113658,522000,113671,BLI1," ",Southern,Sussex,Brighton,280,0,0,09-10-2025 09:02:32
5970,,5357002,FTN - Dorking 2285  (ex CE PH) 5357002,Pixhome Grove,,Dorking,Surrey,,RH4 1NJ,,,1122,0,0,666,30/10/2011,Yes - EDF Phase 1,"113658 IMDM, Brighton, Indirect",,02/11/2018,0,0,0,0,22,"TRANSPORT: Car 
SITE DIRECTIONS: From Dorking Station and left through car park to railway bridge.   Public footpath to Pixholme Grove on right. Cabinet 100m down on right. 
METER LOCATION: Meter cabinet located down path next to no:9 pxholme grove. SITE NOTES: Site Usage Notes - FTN 2285 only. It used to feed pts htg but the FTN project this supply over.
MSN P09A11255 was installed in 2011 and it replaced K9501097. 
KEYS REQUIRED: CCC2 
METER TYPE: WC 
CONTACT: John Kennedy: 0779933 7439
",2025-07-30 10:55:21.0000000,George.Murray@networkrail.co.uk,,Dorking FTN 2285  (ex country end PTS HTG) 5357002-5357002,,,,,1967889520,0,0,278,414,5,113658,0,113671,BTH3," ",Southern,Sussex,Brighton,280,51.23954,0.321513,09-10-2025 09:02:24
10998,*,2370938,Gwaun Cae Gurwen Fob GSM-R 6547,Glanaman,,Carmarthernshire,,,SA18 1LQ,,,1092,0,0,683,,Yes - UPL,No,,,0,0,0,0,14,"From Pantyffynnon Train Station
1. Head north towards Pontyffynnon Road leading to New Rd, 0.8 miles
2. Turn right onto Wind St.A483, go straight through lights staying on Wind St, 0.3 miles
3. At lights turn right onto High St, 0.74 miles
4. Turn left onto Ffordd Pontamman/A474, 2.24 miles
5. Turn left onto Station Rd, 0.06 miles
6. Destination on the left in fence line
SUPPLY NEVER USED
Meter Location: Power Cubicle is situated opposite the Signal Box",2021-01-29 11:20:49.0000000,Adam De Benedictis,,Gwaun Cae Gurwen Fob GSM-R 6547-2370938,,,,,1774731085,0,0,0,1602,6,0,0,0,GWA," ",Wales,Cardiff,Cardiff,280,0,0,09-10-2025 09:02:38
2510,,W2340700,Stone HV Training School ( Water),Station Approach,Stone,Stone,,,ST15 8ER,,,1120,0,0,0,,,Yes,,,0,0,0,0,0,,2025-03-04 17:32:17.0000000,Drew.Gallagher,,Stone S.B.-2340700,,,,,-1576928462,0,0,278,206,0,0,0,0,NBS,,LNW,WCS,Stafford,280,0,0,09-10-2025 09:02:16
2141,,2340211,Stockport Carriage Sidings ONCHARGE,Station Road,Stockport,Cheshire,,,SK3 9HZ,,,1120,0,0,0,,,No,On charge,,0,0,0,0,182,"Site Location - From Stockport town centre follow the road signs for directions to the station. Turn off West Shaw Heath Road into Station Road and continue down to the far end
Site Access - Access via the steps adjacent to the sub-way and follow the authorised walking route
Site Usage Notes - Siding Lights - First North Western Trains       Telecommunictions  Room - Global Crossing",2025-03-04 17:32:09.0000000,Drew.Gallagher,,Stockport Carriage Sidings-2340211,,,,,-1625700761,0,0,278,1600,0,0,0,854031,CMP2,,LNW,Manchester,,280,0,0,09-10-2025 09:02:16
2947,,E2350178,PH (+) - Brora (DK1) - [TOC Station],Brora Station,Station Square,Brora,,Scotland,KW9 6QJ,,,1121,0,20,0,12/06/2012,Yes - EDF Phase 1,"862031 IMDM, Perth, Indirect",,22/3/2018  RE,0,0,0,0,90,"Site Location - at entrance from Station Square onto platform (stn building on l.h.s.) TR and 20m to foot of platform ramp then 6m ahead to first smaller s/steel cubicle on low banking
Site Access - from end of platform along low banking adjacent to fence line  - 534 padlock only
Site Usage Notes - PH  PSI  TPWS UPS and platform lighting/CIS/CCTV  (via sub meter s/n 99.06127 which is located within lighting control cubicle)",2025-03-04 17:32:46.0000000,Drew.Gallagher,Utilities Scotland <UtilitiesScotland@networkrail.co.uk>,Brora DK1 south PH + stn ltg-2350178,,,,,1469765641,0,0,278,970,9,862031,0,862031,WCK,,Scotland's Railway - Scotland,Delivery Units,Perth DU,280,0,0,09-10-2025 09:02:16
18371,,4142552,CRH - Merstham Down Slow CRH1 (02072-S-01),Merstham,,Surrey,,,RH1 3EG,,,1122,0,0,666,,Yes - EMig Con Rail Sub Meter,Yes NTfT,,,0,0,0,0,20,,2025-07-30 10:55:11.0000000,George.Murray@networkrail.co.uk,,Merstham Down Slow CRH1 (02072-S-01)-4142552,,,,,1110665382,0,0,278,1584,14,0,0,113671,RED2,U,Southern,Sussex,Brighton,280,0,0,09-10-2025 09:02:44
2690,,E2340938,Griseburn Bridge GSM-R 4503,Off Mask Road,Griseburn,Cumbria,,,CA16 6PY,,,1120,0,36,681,22/07/2014,Yes - Siemens AMR Phase 2,"851031 IMDM, Carlisle, Indirect",Delivery Units,18/12/2018 TSB,0,0,0,0,271,"Access from mask road to turning marked as Grassgill /Asby/Orton follow road to rail oberbridge meter access is on teh RHS beofre overbridge.Through track access gate by Bridge 213
site islocated at griseburn bridgethrough the access gate to the right in the steel cabinet
SIM Swap 18/12/2018 ",2025-03-04 17:31:52.0000000,Drew.Gallagher,,Griseburn Bridge GSM-R 4503-2340938,,,,,682541393,0,0,278,1014,6,851031,0,851031,SAC," ",LNW,North West,Carlisle,280,0,0,09-10-2025 09:02:16
4016,,2360602,Kevington GSM-R,Sweeps Lane,,,,,BR5 3PQ,,,1092,0,0,0,,,No,,,0,0,0,0,0,"Site Location - Located in fence line south side of bridge Sweeps Lane
Site Usage Notes - Disconnected MPAN",2017-09-20 12:00:45.8830000,Wendi Wheeler,,Kevington GSM-R-2360602,,,,,-1595638171,0,0,0,0,6,0,0,0,0," ",X-Deleted,xKent,,0,0,0,09-10-2025 09:02:19
3263,,E2351265,GSMR - Ladybank (5293A),off Pitlessie Road,Ladybank,Cupar,,Scotland,KY15 7SQ,,,1121,0,36,672,03/09/2014,Yes - Siemens AMR Phase 2,"860031 IMDM, Edinburgh, Indirect",,,0,0,0,0,39,"
Site Access - direct from Relay Room access roadway;
Site is located just off pitlessie road, in the fenceline on the pathway leading to the access point 
",2025-03-04 17:32:39.0000000,Drew.Gallagher,Utilities Scotland <UtilitiesScotland@networkrail.co.uk>,Ladybank GSM-R 5293A-2351265,,,,,1995668271,0,0,278,230,6,860031,0,860031,ECN2," ",Scotland's Railway - Scotland,Delivery Units,Edinburgh DU,280,0,0,09-10-2025 09:02:18
22481,,2361152,Station - Victoria VPI Project,,,London,,,SW1V 1JU,,,1122,0,0,0,,,,,,0,0,0,0,0,Outgoing tenants temporary billing,2025-07-30 10:56:00.0000000,George.Murray@networkrail.co.uk,,,,,,,348972558,0,0,0,0,0,0,0,113671,,,Southern,Managed Station,London Victoria,280,0,0,09-10-2025 09:02:52
2897,,E2350128,PH - Tulloch,Tulloch Station,,Roy Bridge,,Scotland,PH31 4AR,,,1121,0,20,0,10/07/2012,Yes - EDF Phase 1,"863031 IMDM, Glasgow, Indirect",,,0,0,0,0,81,"Site Location - A86(T) <east> from Roy Bridge  follow approx 8kms (5miles) to Telephone Exchange bldg + TCB on r.h.s.  fork right onto single track road (signed for station and JSMTC) and c.600m down hill to station
Site Access - direct from road leading to JSMTC
Site Usage Notes - PH  PSIs + TPWS UPS via CCs east and west (PH htg load = 8.8kW)  [poss.also supplies ex SB for water treatment plant?]",2025-03-04 17:32:44.0000000,Drew.Gallagher,Utilities Scotland <UtilitiesScotland@networkrail.co.uk>,Tulloch Point Heaters-2350128,,,,,-1501697249,0,0,278,1300,5,863031,0,863031,WHL,,Scotland's Railway - Scotland,Delivery Units,Glasgow DU,280,0,0,09-10-2025 09:02:16
10262,,T4141023,Northchurch PSP NTfT,Wharf Lane,Dudswell,Berkhamstead,,,HP4 3YA,,,1120,0,0,666,,Yes - EDF Sub Meter,Yes NTfT,PSP,NTfT,0,0,0,0,30,Shared with 2320300,2025-03-04 17:32:21.0000000,Drew.Gallagher,,Northchurch PSP (submetered)-4141023,,,,,-1596532616,0,0,0,240,9,0,0,859031,LEC1,T,LNW,Bletchley,,280,0,0,09-10-2025 09:02:35
5185,,3062007,Remote Monitoring (HABD) - Pewsey,Near Ayrshire Farm,Sharcott,Pewsey,Wiltshire,,SN9 5PA,,,1123,0,25,676,,,"895031 IMDM, Swindon, Indirect",,,0,0,0,1,75,"Site Location - From M4 Jct 15 take A346 to Marlborough & A345 to Pewsey. Go Under railway bridge by station & turn right towards Woodborough. After going over railway take left fork & left turn towards Sharcott untill railway bridge75m 75ch
Site Access - No 5 key for gate. Cabinet not locked 04/05/07
Site Usage Notes - No other usage.Meter changed 04/05/2007 last reading old meter S97C51398; 47353. Initial reading new meter S07R00448.  00001
Meter is located in a cab through the boundry fence for the rail. To acess you need to go through the vegetation accross from ayrshire farm walk towards the railway and you will have to go through the wire fence to access the cab. PLEASE NOTE IT IS ON THE SAME SIDE OF THE RAILWAY AS THE FARM BUT ON THE OPOSITE SIDE OF THE ROAD
Meter acccess very poor will need a machette to chop down vegatation and would strongly advise to be done on days. No door on cab contacted airline and russ contacted du to inform network rail airline reference 2753",2025-03-04 17:34:32.0000000,Drew.Gallagher,,Pewsey HABD-3062007,,,,,1545000921,0,0,278,1650,8,895031,0,892031,BHL,,Wales & Western,Western,West,0,51.33803,-1.782386,09-10-2025 09:02:21
9581,,7050005,RTW Carlisle,,,,,,,,,1092,0,0,0,,,Yes,,,0,0,0,0,0,,2019-01-22 11:13:00.0000000,Terry Bleasdale,,RTW Carlisle-7050005,,,,,-1615570822,0,0,0,0,0,0,0,0,,,X-Deleted,Old Record,Carlisle,280,0,0,09-10-2025 09:02:35
3536,,2360021,"TOC - Winchfield Station CE PH ",Winchfield Station,,Hampshire,,,,,,1122,0,0,0,,,No,,,0,0,0,0,39,"Site Location - Winchfield Station up platform No 1.
Site Access - Key in ticket office.
Site Usage Notes - Points Heating Country End ( 4 sets).
metered i/c charge from SSWT
SSWT re was f E5528002/01",2025-07-31 13:00:39.0000000,George.Murray@networkrail.co.uk,,Winchfield Station CE Points Heating-2360021,,,,,751638806,0,0,278,1461,5,0,0,113671,BML1,,Southern,Wessex,Outer,280,0,0,09-10-2025 09:02:18
4765,,2379004,Maintenance Delivery Unit - Lydney,Lydney Station,Harbour Road,Lydney,,,GL15 5EW,,,1123,0,10,676,,,Yes,,,0,0,0,0,133,"Site Location - M48 Jct 2 take A48 to Lydney and follow signs to station. MDU is through the station car park. From Gloucester M5 jct 11 take A40 around Gloucester & A48 towards Chepstow to Lydney.
Site Usage Notes - Storage  parking for vehicles  offices and work area.",2025-03-04 17:34:22.0000000,Drew.Gallagher,,Lydney MDU Depot-2379004,,,,,-548726235,0,0,278,814,0,0,0,894031,SWM2,,Wales & Western,Wales,Cardiff,280,51.71414,-2.531316,09-10-2025 09:02:21
4877,,2433002,"Signal Box > - Pen-y-Ffordd ",Corwen Road,Pen-y-Ffordd,Flintshire,,,CH4 0HL,,x,1123,0,45,679,30/06/2014,Yes - Siemens AMR Phase 2,"891031 IMDM, Shrewsbury, Indirect",,09/06/2022,0,0,0,0,7,"Site Location - From Wrexham follow the A550 Road towards Pen-y Ffordd and turn left at the roundabout on to the A5104 Corwen Road. Continue and turn right into the station car park
Site Access - From the car park walk over the barrow crossing on to the Birkenhead Platform and the signal box
Site Usage Notes - Per-Way  Cabin  -                                      Station  Lighting   -  F.N.W.
Meter is located in the basement of the signal box. Access platform one and walk to the signal box at the far end of the platform and walk round the stone path to the rear of signal box and go through green door and meter is on the right as you walk in. PTS needed and some step ladders.",2025-03-04 17:34:34.0000000,Drew.Gallagher,,Pen-y-Ffordd Signal Box-2433002,,,,,-1519516127,0,0,278,890,4,891031,0,891031,WDB1,,Wales & Western,Wales,Shrewsbury,280,53.14289,-3.054923,09-10-2025 09:02:21
2694,,E2340943,Galgate GSM-R 0811,Hampson Lane,Hampson,Lancaster,,,LA2 0HY,,,1120,0,36,679,29/07/2014,Yes - Siemens AMR Phase 2,"851031 IMDM, Carlisle, Indirect",Delivery Units,25/05/2017 TSB,0,0,0,0,16,"Cubicle on LHS of road just before railbridge
first left off the motorway roundabout on bridge opposite side to access gate in fence line steel cabinet",2025-03-04 17:31:53.0000000,Drew.Gallagher,,Galgate GSM-R-2340943,,,,,2110305474,0,0,278,13,6,851031,0,851031,CGJ6," ",LNW,North West,Preston,280,0,0,09-10-2025 09:02:16
3696,,2360199,TOC - Three Oaks CSR  (GTR) (CLOSED) 23-09-15,Three Oaks Station,Butcher s Lane,Three Oaks,East Sussex,,TN35 4NG,,,1092,0,0,677,,,No,,23/09/2015,0,0,0,0,78,"TRANSPORT: Train & Walk 
SITE DIRECTIONS: From Site Location - Meter cabinet at access steps down to station
 
METER LOCATION:  
SITE NOTES: CSR was discontinued as of May 2015 as notified in the WON (Weekly Operations Notice) So will need to be removed from On Charge Agreements and close account. supplied by TOC, no longer required by NWR. Site Access - via highway - CCC2 key required for cabinet
Site Usage Notes - Station (CSC). Cab Secure Radio (RT).
CSR switch out on 2/5/2015 noted as per WON South East and Sussex routes week no. 6 
KEYS REQUIRED: CCC2 
METER TYPE:  
CONTACT: John Helmer: 07920 856892, John.Helmer@networkrail.co.uk 
MAP REFS: 
ELR_ ATH- 78 m. 1420 y.  
OS REF: TQ-83834,14547. 
LAT: 50.901128 - LONG: 0.613035 
EASTINGS: 583834 - NORTHINGS: 114547
",2025-07-31 13:00:38.0000000,George.Murray@networkrail.co.uk,,Three Oaks Cab Secure Radio - CLOSED-2360199,,,,,-2999673,0,0,276,1420,0,0,0,0,ATH," ",Southern,Kent,Orpington,280,50.90113,0.613035,09-10-2025 09:02:19
3535,,2360020,Depot - Old Angerstein Yard PH CLOSED,Bramshot Avenue,,London,,,SE3 7EJ,,,1092,0,0,666,,,No,,,0,0,0,0,0,"Site Location - out of Wescombe park station right into station road into Humber road then 2nd right into Mycenae rd left inot Vambrugh park then into Charlton road over motorway then left into Eastcombe ave then left into Bramshot Ave
Site Access - LEB key required to their switchroom.
Site Usage Notes - points heating and relay room",2025-07-31 13:00:20.0000000,George.Murray@networkrail.co.uk,,Old Angerstein Yard Point Heating-2360020,,,,,96590347,0,0,276,0,5,0,0,0,0,,Southern,Kent,London Bridge,280,0,0,09-10-2025 09:02:18
1428,,2330145,Potters Bar Signalling Supply,Darkes Lane,Potters Bar,Herts,,United Kingdom,EN6 1SQ,,,1117,0,0,666,,Yes - OPUS Energy,"843031 IMDM, Hitchin, Indirect",,,0,0,0,0,12,IN STATION TICKET HALL DOOR BETHIN CAFFE AND PEDESTRIAN PASSAGE TO TRACKS. KEY AT SUPERVISOR,2025-03-04 17:30:02.0000000,Drew.Gallagher,,Potters Bar  Signalling Supply-2330145,,,,,1178841271,0,0,278,1280,3,2001,0,118617,ECM1,,Eastern,East Coast,Kings Cross,280,0,0,09-10-2025 09:02:12
19664,,7406165,March Passenger/Maintenance Depot (Water),Down Yard,Station Road,March,,,PE15 8SG,,,1117,0,0,670,,,Yes,,,0,0,0,0,0,Supply Isolated on 01/11/22 reading 21665m3 BS advised,2025-03-04 17:30:46.0000000,Drew.Gallagher,,March MDU Depot (Water)-7406165,,,,,909589119,0,0,0,0,0,0,0,117602,,,Eastern,Anglia,Tottenham,280,0,0,09-10-2025 09:02:47
14019,,4141408,NTfT - Chertsey Signalling F2231,Nr Almners Road,,Chertsey,,,KT16 9NU,,,1122,0,0,666,28/05/2014,Yes - EDF Sub Meter,Yes NTfT,,,0,0,0,0,23,,2025-07-30 10:55:38.0000000,George.Murray@networkrail.co.uk,,Chertsey C1-4141408,,,,,-650947281,0,0,278,392,3,0,0,113671,VWW,U,Southern,Wessex,Inner,280,0,0,09-10-2025 09:02:40
17996,,4142177,CRH - Chelsfield Down CRH1 (01526-K-01),Chelsfield Station,,London,,,BR6 6EU,,,1122,0,0,0,,Yes - EMig Con Rail Sub Meter,Yes NTfT,,,0,0,0,0,15,,2025-07-30 10:55:05.0000000,George.Murray@networkrail.co.uk,,Chelsfield Down CRH1 (01526-K-01)-4142177,,,,,129483118,0,0,278,572,14,0,0,113671,XTD,U,Southern,Kent,Orpington,280,0,0,09-10-2025 09:02:44
6298,,5856020,Points Heating - Hallen Marsh Junction,St. Andrews Road,Avonmouth,Bristol,,,BS11 9ES,,,1123,0,20,676,05/12/2011,Yes - EDF Phase 1,"890031 IMDM, Bristol, Indirect",,,0,0,0,0,14,"Site Location - From junction 18 on the M5 head for Avonmouth docks  at the roundabout turn right into St. Andrews road follow to the crossing.
Site Access - Rail manual MA. For more directions see the Bristol A-Z p33 (¼ mile to the north)
Site Usage Notes - No other usage.  Meter reading 31/10/00 :-   L- 000017  N- 000027.",2025-03-04 17:34:25.0000000,Drew.Gallagher,,Hallen Marsh Junction - Point heating-5856020,,,,,-1048877442,0,0,278,836,5,890031,0,890031,AMB,,Wales & Western,Western,Central,280,51.52171,-2.690718,09-10-2025 09:02:24
5734,,5004033,RR(+) - Gas Works Lane RR PH,Gas Works Lane,Ashford,Kent,,,TN23 1HS,,,1122,0,0,677,11/12/2014,Yes - Siemens AMR Phase 2,"113658 IMDM, Ashford, Indirect",,,0,0,0,0,55,"Site Location - Exit Ashford Station over at roundabout into Elwick Road past old cattle market on left turn left into Gas Works Lane.
Site Access - CCC2 key for cabinet (meters in left hand side part of cabinet).
Site Usage Notes - Relay Room.Superloc.Points Heating.
Site is located on Gas Works Lane close to Rail Bridge. There is no access to meter Cab by car through Rail bridge on Gas Works Lane via bridge underpass as Concrete slabs have been put in place to stop traffic flow, but can park and through to access meter
///storms.warns.shorts",2025-07-30 10:55:55.0000000,George.Murray@networkrail.co.uk,,Gas Works Lane Relay Room & Points Heaters-5004033,,,,,624616130,0,0,278,1190,9,6001,0,113671,XTD,,Southern,Kent,Ashford,280,0,0,09-10-2025 09:02:24
10389,,E2341403,Delamere Station GSM-R 4376,Off Gallowsclough Lane,Delamere,Runcorn,Cheshire,,WA6 8LH,,,1120,0,36,679,24/12/2012,Yes - UPL,"852031 IMDM, Liverpool, Indirect",Delivery Units,05/12/2025 TSB,0,0,0,0,27,"Located in farmers field no access via 3rd party land
COSS and Line Block required access via walk from Delamere station
MEx Emlite IP192.168.8.15 Port 20675 & Ext HG arielk fitted 05/12/2025
",2025-12-12 07:34:12.0000000,Terry Bleasdale,,Delamere Station GSM-R 4376-2341403,,,,,168234648,0,0,278,461,6,852031,0,852031,CDM2," ",LNW,North West,Liverpool,280,0,0,13-12-2025 04:00:29
11956,,W7405599,Walsall MDU - Pway Depot (Water) CLOSED,Corporation Street West,,Walsall,,,WS2 9EF,,,1092,0,0,667,,,Yes,,,0,0,0,0,5,,2020-06-29 10:22:44.0000000,Terry Bleasdale,,Walsall MDU - Pway Depot (Water)-7405599,,,,,-2027167639,0,0,276,1600,0,0,0,0,BJW2,,X-Deleted,Old Record,Sandwell & Dudley,280,0,0,09-10-2025 09:02:38
3476,,X2352240,zzz - NRN - Drumochter - old record -,,,,,,PH19 1xx,,,1121,0,37,0,,,No,,,0,0,0,0,0,[NRN system switched off end dec15],2025-03-04 17:33:00.0000000,Drew.Gallagher,,Drumochter NRNORN Transmitter-2352240,,,,,1671184794,0,0,276,0,0,0,0,0,," ",Scotland's Railway - Scotland,Delivery Units,Perth DU,280,0,0,09-10-2025 09:02:18
1352,,2330036,Marsh Lane RR (Closed),East Field Street,,Leeds,,,LS9 8HB,,,1117,0,0,671,,,"844031 IMDM, Leeds, Indirect",,,0,0,0,0,19,"Site Location - Off York Rd toward Hunslett. !st Lft.on Saxon Lane  along Flax Place. Rt. on Railway St. parallel with railway  to East St. along to T jnc. At end.
Site Access - Key on kiosk MMF/D
Site Usage Notes - Relay Room  Point Heating RT AWR access through gate off Shannon Street. Walk between down line and Marsh Lane sidings. Cross the down and up main lines opposite the relay room  then use the small footbridge to the relay room
Scottish Power Disconnection Tracker No 351",2025-08-21 10:24:25.0000000,Wendi Wheeler,,Marsh Lane RR ~ old record ~-2330036,,,,,1540162851,0,0,276,1060,9,844031,0,118612,HUL4,,X-Deleted,North & East,Leeds,280,0,0,09-10-2025 09:02:12
6745,,6511001,Rushey Sidings Level Crossing,Babworth Road,Retford,Nottinghamshire,,,DN22 7,,,1117,0,0,671,20/05/2014,Yes - Siemens AMR Phase 2,"847031 IMDM, Sheffield, Indirect",,,0,0,0,0,62,"Site Location - A620  Retford-Worksop Road.  At Babworth turn left on B6420  follow for 1 mile  crossing facing.
Site Access - None
Site Usage Notes - No other usage RT
Metal box is located at the side of a barrier on rushy sidings level crossing which is on Old London Road nod Babworth road postcode .DN22 8HED opposite side of the track to the REB Room",2025-03-04 17:30:19.0000000,Drew.Gallagher,,Rushey Sidings Level Crossing-6511001,,,,,-797469208,0,0,278,1000,7,847031,522000,118614,MAC3,,Eastern,North & East,Sheffield,0,0,0,09-10-2025 09:02:27
8033,,E9490008,zzz - Signal - Thornhill CLD Signal,trackside kiosk,Thornhill Station,Thornhill,Dumfries & Galloway,Scotland,DG3 5DX,,,1121,0,46,681,,,"861031 IMDM, Motherwell, Indirect",,9/8/16  RE,0,0,0,1,77,"Site Location - A76(T)<northbound> in Thornhill village TR<east> at the cross and follow unclassified road for approx 2kms and thru  underline bridge (UB259)  TL up into old cattle market site & 50m to DNO pole on top boundary wall on l.h.s.
Site Access - thru  post & wire fencing and along  up  cess back to pole
Site Usage Notes - UML 6 and DML 23 cld signals via loc.cab.located on  down  cess directly across from DNO supply point - NOTE: supply is now unmetered 

circa aug15: incomer service cable relocated/reinstated by DNO as an unmetered supply in new IP rated GRP kiosk adjacent to pole route [DNO task ref 174081]

Update 18/8/2016 Rik:-
This supply has been unmetered since circa August 2015.
Prior to this date the DNO incomer service cable head and msn P677-7900957 were located in a wooden box mounted on the DNO pole [upper image] however, due to a continual issue with water ingress, a decision was made to relocate cable head and cut-out to a ground mounted, IP rated, new GRP kiosk immediately adjacent to the pole
MSN P677-7900957 was found to be unserviceable and therefore not reinstated.
I was not advised a final reading or exact date for meter removal; the previous confirmed reading was 63033 kWh on 11/8/2014.

The base load is constant (supply serves only 2no. colour light signals with an annual declared consumption of <1200 kWh); given [1] the trackside location and [2] absence of mobile network coverage required for operation of AMR metering, the DNO re-commissioned the supply as an unmetered service 
",2025-03-20 11:54:17.0000000,Grace.Emmence,Utilities Scotland <UtilitiesScotland@networkrail.co.uk>,Thornhill cld signalling supply-9490008,,,,,-205765474,0,0,276,950,3,861031,0,862031,GSW,,Scotland's Railway - Scotland,Delivery Units,Motherwell DU,280,0,0,09-10-2025 09:02:30
7178,,7268010,Somerleyton Signal Box (water),Station Road Railway Crossing,Somerleyton,Lowestoft,Suffolk,,NR32 5,,,1092,0,0,670,,,Yes,,,0,0,0,0,17,"Site Access - Not Known
Site Usage Notes - No other usage",2024-08-15 11:56:49.0000000,John Brown,,Somerleyton Signal Box-7268010,,,,,-1026440583,0,0,0,60,0,0,0,117602,NOL,,Eastern,Anglia,Ipswich,280,0,0,09-10-2025 09:02:27
19994,*,4141694,James Street Station Lift 2 NTfT (ums?),James Street,,Liverpool,,,L2 7PQ,,,1092,0,0,0,,No - Unmetered NTfT,"Yes - IMDM, Liverpool, Indirect",,,0,0,0,0,2,,2016-11-04 15:29:44.9830000,Andrew Vickers,,,,,,,-2076255561,0,0,0,130,0,0,0,0,MIR1,M,London North Western,Liverpool,,280,0,0,09-10-2025 09:02:47
6733,,6499006,Balderton CCTV Crossing,Broad Fen Lane,Claypole,Newark,Nottinghamshire,United Kingdom,NG23 5AJ,,,1117,0,0,671,28/08/2014,Yes - Siemens AMR Phase 2,"842031 IMDM, Doncaster, Indirect",,,0,0,0,0,116,"Site Location - Off  A1 road to Claypole.  Road sign to Broad Fen Lane  leads to crossing.
Site Access - None
Site Usage Notes - No other usages. RT
nmeter on right hand side of barrier in metal cabinet",2025-03-04 17:30:18.0000000,Drew.Gallagher,,Balderton CCTV Crossing-6499006,,,,,1656148180,0,0,278,1540,7,842031,0,118616,ECM1,,Eastern,East Coast,Doncaster,0,0,0,09-10-2025 09:02:27
12218,,7405711,Appleby (Lincs) Signal Box (Water),Ermine Street,Appleby,Scunthorpe,Lincolnshire,,DN15 OBZ,,,1117,0,0,671,,,Yes,,,0,0,0,0,26,Site Location - On B1207 Winterton to Brigg Road.,2025-03-04 17:31:05.0000000,Drew.Gallagher,,Appleby (Lincs) Signal Box (Water)-7405711,,,,,-845227589,0,0,276,1310,0,0,0,118614,DOW,,Eastern,North & East,Sheffield,280,53.60373,-0.5619628,09-10-2025 09:02:38
2184,,E2340270,Alderley Edge PSP & Sth Jct Points Heating & GSMR 8016,Chorley Hall Lane,,Alderley Edge,Cheshire,,SK9 7EN,,,1120,0,53,679,"24/06/2019 ",Yes SMS / EDF,"854031 IMDM, Manchester, Indirect",Delivery Units,13/01/2023 TSB,0,0,0,0,174,"Directions: From Manchester, follow the A34 road to Alderley Edge Station and turn right into Ryles Lane. Continue and turn left into Chorley Hall Lane. Follow the road and turn left in to the Access Road to allotment. 
Meter located in the first section of the brick switchroom at the top of approach road to the allotment off Chroley Hall Lane.
Access from the approach road off Chorley Hall Lane.
Shared with 4141059 NTfT
MEx 24/06/2019 ",2025-03-04 17:31:50.0000000,Drew.Gallagher,,Alderley Edge PSP & Sth Jct Points Heating-2340270,,,,,1481360344,0,0,278,1615,3,3001,0,854031,CMP1," ",LNW,North West,Manchester,280,0,0,09-10-2025 09:02:16
7034,,6891003,Wickford TSC,Adjacent 39 The Dell,Wickford,Essex,,,SS12 9RD,,,1117,0,0,670,25/11/2014,Yes - Siemens AMR Phase 2,"821031 IMDM, Romford, Indirect",,,0,0,0,0,29,"Site Access - Could not gain entry. Yale type 40  key required
Site Usage Notes - No other usage
According to google maps use post code SS11 8AP",2025-03-04 17:29:53.0000000,Drew.Gallagher,,Wickford TSC-6891003,,,,,1396477263,0,0,278,731,8,821031,522000,821031,SSV,,Eastern,Anglia,Romford,0,0,0,09-10-2025 09:02:27
21631,,W2310578,Ipswich MDU storage unit,Hadleigh Road,,Ipswich,,,IP5 0JW,,,1117,0,0,0,,,,,,0,0,0,0,69,,2025-03-04 17:30:30.0000000,Drew.Gallagher,,,,,,,-915761912,0,0,0,1097,0,0,0,117602,LTN1,,Eastern,Anglia,"Norwich      ",280,0,0,09-10-2025 09:02:49
6041,,5489004,CSR - Patcham Tunnel,Mill Road,,Brighton,East Sussex,,BN1 8ZF,,,1122,0,0,0,12/04/2011,Yes - EDF Phase 1,"113658 IMDM, Brighton, Indirect",,05/01/2018,0,0,0,0,47,"TRANSPORT: Car 
SITE DIRECTIONS: From Site Location - Exit Preston Park Station turn left onto A23 (LONDON ROAD) to Patcham  at roundabout take first exit into Mill Road continue to rail bridge.
 
METER LOCATION: Meter cabinet is located up on the bank just before the bridge on your right. 
SITE NOTES:  PARK IN PETROL GARAGE & WALK TO SITE.
KEYS REQUIRED: CCC2 
METER TYPE: WC
",2025-07-30 10:55:19.0000000,George.Murray@networkrail.co.uk,,Patcham Tunnel Cab Secure Radio-5489004,,,,,-37796974,0,0,278,1330,6,113658,0,113671,VTB3," ",Southern,Sussex,Brighton,280,50.86729,-0.157878,09-10-2025 09:02:24
55,,1077009,Nuneaton St Georges Way Relay Room (Closed),St Georges Way,,Nuneaton,,,CV10 7JS,,,1092,0,0,667,,No - De-scoped,"858031 IMDM, Stafford, Indirect",,17/03/2014 TSB,0,0,0,0,8,"Site Location - St.Georges Way Nuneaton.A-Z page 137     A444 to Coventry  follow signs to Bermuda Industrial Estate.
Site Access - KEY B-PH
Site Usage Notes - signal box removed feeds relay room across tracks (access gate further along road)
redundant D-UH Form submitted 24/01/2014
meter removed 17/3/14",2022-04-03 12:20:35.0000000,Fraser.McGown@ecabusinessenergy.com,,Nuneaton St Georges Way Relay Room-1077009,,,,,846473630,0,0,276,0,4,858031,0,0,CNN,,X-Deleted,Old record,Stafford,280,0,0,09-10-2025 09:02:04
1332,,2330015,Castleford Gate Signal Box,Lumley Street,Hightown,CASTLEFORD,West Yorkshire,,WF10 5LB,,,1117,0,0,671,01/04/2014,Yes - Siemens AMR Phase 2,"848031 IMDM, York, Indirect",,,0,0,0,0,21,"Site Location - Take A655 Wakefield Road out of Castleford. Approximately 1km from town centre is level crossing
Site Access - Not Dual Locked. LT205 Padlock. Held by YEB
Site Usage Notes - Signal Box/Signalling/REB/Generator Room RT
meter situated in 2 metal cabinets across the road from the Commercial Hotel at the side of the barrier.
Better address is Albion Street WF10 1QX",2025-03-04 17:30:57.0000000,Drew.Gallagher,,Castleford Gate Signal Box-2330015,,,,,-1682494524,0,0,278,480,4,848031,0,118615,NOC,,Eastern,North & East,York,280,0,0,09-10-2025 09:02:12
21435,*,Moy Road,Project Site - Moy Road Workshop,Moy Road,Taffs Well,Cardiff,,,CF15 7PW,,,1092,0,14,676,,,,,,0,0,0,0,2,,2021-06-01 11:31:30.0000000,Adam De Benedictis,,,,,,,-541922594,0,0,0,47,0,0,0,894031,CAR,,Wales,Cardiff,,280,51.54582,-3.268615,09-10-2025 09:02:49
7951,,E9397018,FS (+) - Innerwick - [WILD],adj.DNO 132kV primary s/stn,Innerwick,Dunbar,East Lothian,Scotland,EH42 1QT,,,1121,0,52,672,27/11/2007,Yes - SP Metering (Dataserve),"860031 IMDM, Edinburgh, Indirect",,3/6/2012,0,0,0,0,33,"Site Location - A1(T) southbound  1st right after Torness PS  follow 500m  across road over rail bridge (OB99) and TR immediately (after former Station House building) thru gates to DNO 132kV Primary sub-station building/Feeder Station compound
Site Access - from vehicle parking area in front of FS building (534 on gates  PS1/Supplier  E  on cubicle)
Site Usage Notes - Feeder Station plus Wheelchex equipment monitoring terminal",2025-03-04 17:32:28.0000000,Drew.Gallagher,Utilities Scotland <UtilitiesScotland@networkrail.co.uk>,Innerwick FS + Wheelchex-9397018,,,,,-2110717633,0,0,278,1340,9,860031,0,860031,ECM8,,Scotland's Railway - Scotland,Delivery Units,Edinburgh DU,280,0,0,09-10-2025 09:02:30
21986,,4141695,Selly Oak PSP NTfT (ums),Heeley Road,Selly Oak,Birmingham,,,B29 6DP,,,1120,0,0,0,,,,,NTfT UMS,0,0,0,0,45,,2025-03-11 14:09:03.0000000,Andrew.Facer@networkrail.co.uk,,,,,,,-1845519871,0,0,0,1050,0,0,0,856031,BAG1,H,LNW,Saltley,,280,0,0,09-10-2025 09:02:49
11993,,7405637,Prescot Station (Gas) (CLOSED),Bridge Road,Prescot,Merseyside,,,L34 5SY,,,1092,0,0,679,,,,,,0,0,0,0,1,Site Location - From Liverpool follow the M62 towards Manchester and turn off at Junct. No.7 for Prescot. Continue and follow the road signs for direction to the Prescot  Station,2018-03-26 11:26:17.1970000,Andrew Vickers,,Prescot Station (Gas)-7405637,,,,,889705674,0,0,276,1269,0,0,0,0,SBH1,,X-Deleted,Old TOC Record,Liverpool,280,0,0,09-10-2025 09:02:38
2621,,E2340846,Finwood GSM-R,Finwood Road,Rowington,Henley-in-Arden,Warwickshire,,CV35 7AG,,,1120,0,0,667,08/10/2014,Yes - Siemens AMR Phase 2,"856031 IMDM, Saltley, Indirect",Delivery Units,02/08/2016 TSB,0,0,0,0,114,"Off Finwood road before bridge turn left down pathway through access gate follow all the way around and up the hil to brick building compound, meter located to the right in stainless steel cabinet set back wihtin the vegetation by teh fenceline
",2025-03-04 17:31:24.0000000,Drew.Gallagher,,Finwood REB-2340846,,,,,-1289240145,0,0,278,847,3,856031,0,856031,DCL,,LNW,Central,Saltley,280,0,0,09-10-2025 09:02:16
10977,,G2352058,MDU (+) - Perth Carrs Croft (S&T) / Training School (Gas),Carrs Croft,off Priory Place,Perth,,Scotland,PH2 0DS,,,1121,0,34,672,,,"862031 IMDM, Perth, Indirec",external enclosure at rear (north) elevation of building,,0,0,0,0,151,Site Location - from Priory Place turn east into Carrs Croft and follow 50m to  compound  entrance gate; turn left through gates and MDU / Training School building ahead,2025-03-04 17:32:47.0000000,Drew.Gallagher,Utilities Scotland <UtilitiesScotland@networkrail.co.uk>,Perth MDU(S&T) +Trg Sch (Gas)-2352058,,,,,694666181,0,0,278,110,9,862031,0,862031,HGL1,,Scotland's Railway - Scotland,Delivery Units,Perth DU,280,0,0,09-10-2025 09:02:38
8880,,2381761,Leeds City stn (water1) arch S4,Sandford Street,,Leeds,,,LS1 4DT,,,1117,0,0,671,,,Yes,,,0,0,0,0,20,"From front of station proceed down stairs (or along Bishopgate Street) to corner with Neville Street; turn right onto Neville Street and Sandford Street is first archway right hand side

Chamber loctaed in pit behind blue roller shutter on Neville street. Can be accessed from here or the green gate at the southern end of sandford street at DN9 (5140).

Meter replaced by YW/ MGroup on 12/05/25, new serial number 23W709614",2025-05-12 15:38:32.0000000,Thomas.blencowe@networkrail.co.uk,,Leeds City stn (water1) arch S4-2381761,,,,,82352289,0,0,0,1038,0,0,0,752209,HUL4,,Eastern,North & East,MS - LDS,280,0,0,09-10-2025 09:02:32
22913,,AGS01608,ARCH AT 51 MOLENDINAR STREET," ",Glasgow,Glasgow,x,,G4 0TG,,,1126,0,0,0,,,,,,0,0,0,0,0,,2025-03-12 12:24:15.0000000,Grace.Emmence,,,,,,,663815140,0,0,1112,0,0,0,0,705220,,,Scotland Commercial Property,Glasgow," ",0,0,0,09-10-2025 09:02:52
14218,,2380102,Birmingham New Street Stn Tenants (Gas),New Street,Birmingham,West Midlands,,,B2 4QA,,,1120,0,0,667,,,Yes,,,0,0,0,0,0,,2025-03-04 17:32:18.0000000,Drew.Gallagher,,Birmingham New Street Station Tenants (Gas)-2380102,,,,,-97278455,0,0,0,0,0,0,0,856031,,,LNW,Birmingham New Street MS Tenants,,280,0,0,09-10-2025 09:02:40
10652,,2361052,REB(+) - Old Kent Road PH TP Hut REB Lighting,Ilderton Road,Peckham,London,,,SE15 1NW,,,1122,0,0,666,27/03/2012,Yes - EDF,"113658 IMDM, London Bridge, Indirect",,06/09/2019,0,0,0,0,2,"TRANSPORT: Train & Walk 
SITE DIRECTIONS: From South Bermondsey Station:
Exit onto ROTHERHITHE NEW ROAD and take the first turning on your left into ILDERTON ROAD
continue along this road until you pass the 6th turning on your left HORNSHAY STREET and just between TYRE WORLD and HAND CAR WASH is the entrance to the site. opposite the MANOR ROAD bus Stop. METER LOCATION: Meter located just inside compound gates. 
SITE NOTES:  
KEYS REQUIRED: CCC2 & ABLOY 
METER TYPE: WC 
CONTACT:  
MAP REFS: ELR_ BTH1- 2 m. 505 y.  
OS REF: TQ-35270,77507. 
LAT: 51.480353 - LONG: -0.053413 
EASTINGS: 535270 - NORTHINGS: 177507
",2025-07-30 10:55:54.0000000,George.Murray@networkrail.co.uk,,Old Kent Road Point Heating-2361052,,,,,-1683546771,0,0,278,505,5,113658,0,113671,BTH1,,Southern,Kent,London Bridge,280,51.48035,-0.053413,09-10-2025 09:02:38
20006,,E2341618,Banbury North SSP,"Lafarge Visitors Car Park ",Grimsbury Green,Banbury,Oxfordshire,,OX16 3JF,,,1120,0,43,666,27/10/2016,YES SMS,,Delivery Units,28/10/2016 TSB,0,0,0,0,87,Access to the cabinet is through the Lafarge Carpark which is accessed from Grimsbury Green.  The cabinet is located at E:446072 - N:241754,2025-03-04 17:31:42.0000000,Drew.Gallagher,,Banbury North SSP - E2341618,,,,,-597450353,0,0,278,53,3,0,0,856031,DCL,,LNW,Central,Saltley,280,0,0,09-10-2025 09:02:47
21285,,W7406185,Bournemouth Field Managers Messroom (Water),Meyrick Park Crescent,,Bournemouth,Hampshire,,BH3 7AG,,,1122,0,0,0,,,,,,0,0,0,0,108,,2025-03-04 17:33:03.0000000,Drew.Gallagher,,,,,,,-937741811,0,0,276,1320,0,0,0,113671,BML2,,Southern,Wessex,Outer,280,0,0,09-10-2025 09:02:49
14518,*,4141525,Northam B Signalling B NTfT,Pathway off Golden Grove,,Southampton,,,SO14 1TA,,,1092,0,0,678,,Yes - EDF Sub Meter,Yes NTfT,,,0,0,0,0,78,,2021-01-13 14:03:08.0000000,Rachel.Fisch,,Southampton C2-4141525,,,,,1156342694,0,0,278,585,3,0,0,881031,BML2,U,Southern,Wessex,Outer,280,50.90706,-1.393915,09-10-2025 09:02:44
2004,,E2340014,Hellifield Signal Box,Station Road,Hellifield,Skipton,,,BD23 4HL,,,1120,0,35,0,29/07/2014,Yes - Siemens AMR Phase 2,"851031 IMDM, Carlisle, Indirect",Delivery Units,17/05/2016 TSB,0,0,0,0,231,"Site Location - From Preston follow the A59 Road towards Skipton and turn left at Gisburn on to the A682 Road for Hellifield. Continue and follow the road signs for directions to the staion
Site Access - Access from Station Road  turn right into MDU yard and up the steps. meter is in steel loc adjacent to the REB
Site Usage Notes - Relay   Room  -  Network Rail                                        Telecommunications  R.E.B.  -  Global Crossing
Ellipse Plant No. DJH 2900 034.1447:034.1447PV01
Ellipse Equipment No. 000001668379
meter is located in a steel cab at the top of the wooden dteps upto signal box on opposite sie of the rail to signal box just off ststion road before you get to the station",2025-03-04 17:31:46.0000000,Drew.Gallagher,,Hellifield Signal Box-2340014,,,,,-1078583466,0,0,278,285,4,851031,0,851031,SKW1,,LNW,North West,Carlisle,280,0,0,09-10-2025 09:02:12
9745,,2370817,GSM-R - Nantleach (6486),Network Rail Cabinet 6486,Nr Ty Du Cottage next to Level Crossing,Penybont,Llandrindod Wells,,LD1 5TB,,,1123,0,36,683,05/12/2011,Yes - UPL,"891031 IMDM, Shrewsbury, Indirect",,,0,0,0,0,26,"Start from Llandrindod Wells Station:
1. Turn right onto Hight St and head north leading onto Waterloo Road, northeast on High St toward Dyffryn Rd,443 ft  
2. Continue onto Waterloo Rd, 0.5 mi  
3. Turn right onto Brookland Rd/A4081,  125 ft  
4. Turn left onto Tremont Rd/A483,continue to follow A483
Go through 1 roundabout, 2.7 mi  
5. At the roundabout, take the 3rd exit onto A44, 1.9 mi  
6. Turn left onto A488, 1.6 mi  
7. Turn right, Destination will be on the right,  449 ft  
",2025-03-04 17:34:14.0000000,Drew.Gallagher,,Nantleach - GSM-R 6486-2370817,,,,,-1956340287,0,0,278,86,6,891031,0,891031,CWL2," ",Wales & Western,Wales,Shrewsbury,280,52.28732,-3.274904,09-10-2025 09:02:35
19540,,7406039,Oxmardyke Level Crossing (Water),Tongue Lane,Oxmardyke,Gilberdyke,Brough,North Humberside,HU15 2UY,,,1117,0,0,671,,,Yes,,,0,0,0,0,0,,2025-03-04 17:30:21.0000000,Drew.Gallagher,,Oxmardyke Level Crossing (Water)-7406039,,,,,-220279218,0,0,0,0,0,0,0,118615,,,Eastern,North & East,York,0,0,0,09-10-2025 09:02:47
1794,,2330673,Back Lane LC GSM-R (Closed),Back Lane Level Crossing,nr.Castle Donnington,Derbyshire,,,DE74 2PW,,,1092,0,0,667,,,No,,,0,0,0,0,123,,2020-07-15 10:57:59.0000000,Tom Ward,,Back Lane LC GSM-R (Disconnected)-2330673,,,,,323816790,0,0,276,1480,0,0,0,0,SSJ1," ",Eastern,East Midlands,Derby,280,0,0,09-10-2025 09:02:12
10293,,2310478,Ripple Road LDT (RPRA) -Disconnected 16/05/22,Eldred Road,Barking,Essex,,,IG11 7RW,,,1117,0,0,670,10/04/2012,Yes - UPL,"821031 IMDM, Romford, Indirect",,,0,0,0,0,8,"From Barking railway Station: NE on Station Parade to turn first right onto Salisbury Avenue and follow to end.  At junction with Upney Lane turn right and follow to end. At junction with Ripple Road, turn right again until after 1km, descending Barking Flyover take first left onto Movers Lane. First left again onto Gordon Road, turning left at end onto Sparsholt Road, becoming Eldred Road. At end take footpath on right adjacent to steps leading back up to Ripple Road.

FTN disconnected from supply 05/09/21....JKB
UKPN quote forwarded to TfL for payment 27/09/21...JKB",2025-03-04 17:30:36.0000000,Drew.Gallagher,,Ripple Road LDT (RPRA)-2310478,,,,,-831519912,0,0,276,171,0,821031,522000,822031,TLL," ",Eastern,Anglia,Tottenham,280,0,0,09-10-2025 09:02:35
23321,,E2341831,"Heartlands Points Htg, FTN and REBs",Off Heartlands Parkway,,Birmingham,,,B8 1BH,,,1120,0,0,0,20/11/2025,Yes EdF,,,20/11/2025 TSB,0,0,0,0,39,"Access off Heartlands Parkway and big grp cabinet is located to teh LHS of the REBs compound near the fenceline.
CT600/5 - fused at 400Amp
EMLITE IP192.168.8.21 Port 54754 fitted 20/11/2025",2026-01-21 15:24:49.0000000,jason.ademola@networkrail.co.uk,,,,,,,0,0,0,278,1441,0,0,0,856031,DBP3,,LNW,Central,Saltley,280,0,0,22-01-2026 04:00:26
8616,,2330996,Hitchin Maintenance Depot,Hitchin Down Yard,off Nightingale Road,Hitchin,Hertfordshire,United Kingdom,SG5 1RS,,,1117,0,0,666,,,"843031 IMDM, Hitchin, Indirect",,,1083,0,0,0,32,"Replaces site 2330665?
directions: follow signs for Hitchin Railway Station; Down Yard site access is conspicuous off A505 'Nightingale Road' to <north west> of station;
meter location: conspic GRP kiosk behind palisade fence on right hand side when entering Down Yard access road",2025-06-04 16:54:46.0000000,Wendi Wheeler,,Hitchin Maintenance Depot-2330996,,,,,-1229860174,0,0,278,90,1,2001,0,118617,ECM1,,Eastern,East Coast,Kings Cross,0,0,0,09-10-2025 09:02:32
9062,,E2341155,Wilpshire Tunnel Repeater GSM-R 9686,Richester Road,Wilpshire,Blackburn,Lancashire,,BB1 9JH,,,1120,0,36,681,23/12/2010,Yes - UPL,"851031 IMDM, Carlisle, Indirect",Delivery Units,11/07/2022 TSB,0,0,0,0,13,"Cubcile in fenceline adjacent ENWL substation and track access gate by road overbridge
SIM Swap 28/05/2019
MEx 11/07/2022",2025-03-04 17:31:55.0000000,Drew.Gallagher,,Wilpshire Tunnel Repeater GSM-R (9686)-2341155,,,,,1173545447,0,0,278,1376,6,851031,522000,851031,DJH," ",LNW,North West,Preston,280,0,0,09-10-2025 09:02:32
21561,,4249300,GSMR - Bemerton-1172,Cabinet off Brick Lane,,Salisbury,,,SP2 9NT,,,1122,0,0,676,,,,,,0,0,0,0,0,"The DNO cabinet is located in the fenceline on Brick Lane at the location E:412503 - N:130660. It can be accessed from the public footpath.	


NOTES
Agreed Capacity 18 kVA
WHOLE CURRENT, single phase, 230v	
MD 18 kw			
					
					
",2025-07-30 10:55:23.0000000,George.Murray@networkrail.co.uk,,Bemerton GSMR Site 1172,,,,,685144227,0,0,278,0,6,0,0,113671,,,Southern,Wessex,Outer,280,0,0,09-10-2025 09:02:49
10630,,E2351275,GSMR - Kincardine (5282),nr.Bridge 119,Hawkhill Road,Kincardine,Alloa,Scotland,FK10 4QT,,,1121,0,36,680,11/02/2013,Yes - UPL,"860031 IMDM, Edinburgh, Indirect",,,0,0,0,0,3,directions:,2025-03-04 17:32:50.0000000,Drew.Gallagher,Utilities Scotland <UtilitiesScotland@networkrail.co.uk>,Kincardine GSMR 5282-2351275,,,,,-794126925,0,0,278,830,6,860031,0,860031,KNE1," ",Scotland's Railway - Scotland,Delivery Units,Edinburgh DU,280,0,0,09-10-2025 09:02:38
14581,,2310518,Queen Adelaide AHB (Peterborough) RLSE- 018A,Prickwillow Road,Queen Adelaide,Ely,Cambridgeshire,,CB7 4TZ,,,1092,0,0,670,,Yes - EDF,No,,,0,0,0,0,72,"Site Directions:
At road verge",2022-04-03 12:21:07.0000000,Fraser.McGown@ecabusinessenergy.com,,Queen Adelaide AHB (Peterborough) RLSE- 018A-2310518,,,,,283362935,0,0,278,264,0,0,0,822031,EMP,,HQ - Projects,* TBC *,* TBC *,280,0,0,09-10-2025 09:02:44
7309,,7494063,Magdelen Road Signal Box,Station Road,Waltington,South of Kings Lynn,Norfolk,,PE33 0JF,,,1117,0,0,670,,,No,,,0,0,0,0,90,"Site Location - South from Kings Lynn 11km to signposted turning on right to Watlington.  Past the village pub when road forks bear left 0.5km to crossing.
Site Access - 3A751 padlock
Site Usage Notes - Telecom PER (A/c) [Racal] ; Platform lighting [WAGN]
WAGN off-charge @
50% of each invoice",2025-03-04 17:30:01.0000000,Drew.Gallagher,,Magdelen Road Signal Box-7494063,,,,,1475437442,0,0,0,1633,4,0,0,822031,BGK,,Eastern,Anglia,Tottenham,0,0,0,09-10-2025 09:02:27
7080,,7055005,Hilgay AHB Railway Crossing,Station Road,Ten Mile Bank,Downham Market,Norfolk,,PE38 0ER,,,1117,0,0,670,31/07/2014,Yes - Siemens AMR Phase 2,"822031 IMDM, Tottenham, Indirect",,,0,0,0,0,81,"Site Location - On A10  16k norht form Ely. Left after B1386 towards Ten Mile Bank for 3k to crossing.
Site Access - LT205 padlock
Site Usage Notes - Domestic supply
On Station Road at level crossing meter located on the right in steel cabinet in fenceline adjacent with REB room",2025-03-04 17:29:54.0000000,Drew.Gallagher,,Hilgay AHB Railway Crossing-7055005,,,,,-682028366,0,0,278,38,7,822031,0,822031,BGK,,Eastern,Anglia,Tottenham,0,0,0,09-10-2025 09:02:27
3287,,E2351305,GSMR - Stonehaven (5426),[non-postal],nr. Slughead,Cowie,Stonehaven,Scotland,AB39 3RH,,,1121,0,36,673,03/11/2014,Yes - Siemens AMR Phase 2,"862031 IMDM, Perth, Indirect",,22/9/2011,0,0,0,0,226,"site directions: from Aberdeen, A90(T) <southbound> and sliproad exit signed 'Stonehaven', follow to rail over road bridge No.343 [or] from Stonehaven town centre <north> on old A90 road and follow signs to 'Golf Club' and bridge 343 crosses over road;
meter location: conspic cubicle on Dn leg post & wire fence (north side of Bridge 343)
",2025-03-04 17:32:32.0000000,Drew.Gallagher,Utilities Scotland <UtilitiesScotland@networkrail.co.uk>,Stonehaven GSM-R 5426-2351305,,,,,-572931874,0,0,278,780,6,862031,0,862031,ECN5," ",Scotland's Railway - Scotland,Delivery Units,Perth DU,280,0,0,09-10-2025 09:02:18
1827,,2330707,Luton South Junction Point Heating,Church Street,Luton,Bedfordshre,,,LU1 3JG,,,1117,0,0,666,10/05/2011,Yes - EDF Phase 1,"900031 IMDM, Bedford, Indirect",,,0,0,0,0,30,"DNO located on the end of the busway at the corner of station road/church street.

parking is possible in nearby Luton Track Maintenance Depot about 100m north on Crescent Road. Otherwise use station car park.

what3words ///fails.acid.doors
key RC27",2025-11-26 08:46:28.0000000,rob.dickinson@networkrail.co.uk,,Luton South Junction Point Heating-2330707,,,,,0,0,0,278,0,5,2002,0,118618,SPC1,,Eastern,East Midlands,Bedford,280,0,0,27-11-2025 04:00:33
3820,,2360331,TOC - Westenhanger Station RR  (LSER),Stone Street,Stanford,Ashford,Kent,,TN25 6BE,,,1122,0,0,677,,,No,,,0,0,0,0,64,"Site Usage Notes - Station (CSE). Relay Room and Cab Secure Radio (RT).
CSR was discontinued as of May 2015 as notified in the WON (Weekly Operations Notice) So will need to be removed from On Charge Agreements and close account.
",2025-07-31 13:00:39.0000000,George.Murray@networkrail.co.uk,,Westenhanger Station Relay Room-2360331,,,,,116433815,0,0,278,260,3,0,0,113671,XTD," ",Southern,Kent,Ashford,280,0,0,09-10-2025 09:02:19
9645,,E2341259,Saunderton Tunnel GSM-R 0121,Park Mill,Off Summerlys Road,Princes Risborough,Buckinghamshire,,HP27 9BS,drum.covertly.beginning,,1120,0,36,666,08/12/2011,Yes - UPL,"856031 IMDM, Saltley, Indirect",Delivery Units,05/11/2025 TSB,0,0,0,0,24,"Located in fenceline LHS of park Hill off Summerleys Road just before rail overbridge
MEx Emlite IP 192.168.8.15 Port 11812 fitted 05/11/2025
",2025-11-06 15:40:25.0000000,Terry Bleasdale,,Saunderton Tunnel GSM-R 0121-2341259,,,,,0,0,0,278,1666,6,856031,522000,856031,NAJ2," ",LNW,Central,Saltley,280,0,0,07-11-2025 04:00:16
384,,1870003,Lounge Junction Point Heating (Closed),Leicester Road,Ashby-de-la-Zouch,Leicestershire,,,LE65 1DF,,,1092,0,0,667,,No - De-scoped,"901031 IMDM, Derby, Indirect",,,0,0,0,0,116,"Site Location - Park up dirt track next to Bridge 51  walk down pavement under bridge. Cubicle can be seen up embankment next to bridge wall.
Site Access - 9B - PH
Site Usage Notes - No other usage
Survey 01/05/14 - The surveyor visited this site today and could only locate the meter associated with site B (2330853) - D06G622700. He could not locate the meter associated with site A (1870003) - F89FE02967. Unfortunately, the DU (Bright) was unable to get back to the surveyor.  However, Tony Parker confirmed that site A was replaced by site B. Please refer to Paul Rieds Email 20140501 @ 1617Hrs",2020-07-15 10:58:19.0000000,Tom Ward,,Lounge Junction Point Heating-1870003,,,,,-1723325937,0,0,276,1740,5,901031,0,118619,KSL,,Eastern,East Midlands,Derby,280,0,0,09-10-2025 09:02:04
13717,*,4141273,Ford Signalling B NTfT,Trackside Field,Wick,Littlehampton,,,BN17 7PE,,,1092,0,0,0,,Yes - EDF Sub Meter,Yes NTfT,,,0,0,0,0,18,Also supplied by 4141272 NTfT and 5251002,2021-01-13 13:50:41.0000000,Rachel.Fisch,,Ford C2-4141273,,,,,-849209589,0,0,0,1680,3,0,0,113658,BLI1,U,Southern,Sussex,Brighton,280,0,0,09-10-2025 09:02:40
10065,,2331188,Goole Station GSM-R (GOLS),Off Gordon Street,,Goole,,,DN14 6SD,,,1117,0,0,671,24/05/2012,Yes - UPL,"848031 IMDM, York, Indirect",,,0,0,0,0,6,"Start from Goole:
1. Head north on Lower Bridge St toward Stanhope St,0.1 mi  
2. Turn left onto Boothferry Rd,351 ft  
3. Take the 1st left onto Montague St, Destination will be on the right, 233 ft  
",2025-03-04 17:31:05.0000000,Drew.Gallagher,,Goole Station GSM-R (GOLS)-2331188,,,,,-981429229,0,0,278,1193,6,848031,0,118615,TJG2," ",Eastern,North & East,York,0,0,0,09-10-2025 09:02:35
8169,,E9861003,PH (+) - Glen Douglas - [RETB],trackside kiosk,Creagan Training Area,Garelochhead,Helensburgh,Scotland,G84 0EZ,,,1121,0,63,680,19/07/2012,Yes - EDF DUMB meter,"863031 IMDM, Glasgow, Indirect",,,0,0,0,0,15,"Site Location - From A82 at Inverbeg  unclassified single track road to MOD Depot, continue over WHL railway bridge and immediately TL onto forest track [crossing over MOD haul road], through barrier onto MOD Creagan Training Area and follow c.600m,,  veer left at fork and 150m downhill to RRAP

Site Access - uplift outer barrier key from Garelochhead Camp Range Office, meter located in trackside cubicle        PS1 only

Site Usage Notes - 4 ends + PSIs + TPWS UPS (& local lighting in hut ) + RETB TEP",2025-03-04 17:32:47.0000000,Drew.Gallagher,Utilities Scotland <UtilitiesScotland@networkrail.co.uk>,Glen Douglas RETB TEP + PH-9861003,,,,,-244671818,0,0,278,440,9,863031,0,863031,WHL," ",Scotland's Railway - Scotland,Delivery Units,Glasgow DU,280,0,0,09-10-2025 09:02:30
6209,,5677091,TOC - Sidcup PH RR  (LSER) (4 Ends),Sidcup Railway Station,Sidcup,Kent,,,DA15 7AW,,,1122,0,0,0,,,No,,,0,0,0,0,11,"Site Access - Not Known
Site Usage Notes - serves station  point heating (4 Ends)  relay room and cab secure radio.
CSR was discontinued as of May 2015 as notified in the WON (Weekly Operations Notice) So will need to be removed from On Charge Agreements and close account.
",2025-07-31 13:00:38.0000000,George.Murray@networkrail.co.uk,,Sidcup Points Heating and Relay Room-5677091,,,,,1317243982,0,0,278,1470,9,0,0,113671,HDR," ",Southern,Kent,London Bridge,280,0,0,09-10-2025 09:02:24
22284,*,E2341774,Baguley Fold Jnc Pts Htg & Ltg,Ten Acres Lane,,Manchester,,,M40 2SP,,,1092,0,0,0,20/09/2022,Yes SMS,,,13/10/2022 TSB,0,0,0,0,2,"large GRP double door cubcile set in fenceline adjacent track access agte on ten Acres Lane by rail Overbridge
Metered 20/09/2022",2024-02-21 08:56:31.0000000,Terry Bleasdale,,Baguley Fold Jct Pts Htg & Ltg,,,,,-1940589386,0,0,278,800,0,0,0,854031,MVL1,,LNW,North West,Manchester,280,0,0,09-10-2025 09:02:52
19817,,4141595,Maiden Lane St Pancras ML/PA-2 NTfT (ums),Across track from Camden MDU,Cedar Way,London,,,NW1 0PD,,,1117,0,0,666,,No - Unmetered NTfT,Yes NTfT,,,0,0,0,0,4,,2025-03-04 17:31:13.0000000,Drew.Gallagher,,,,,,,-741094929,0,0,0,1120,0,0,0,822031,BOK1,T,Eastern,Anglia,Tottenham,280,0,0,09-10-2025 09:02:47
6197,,5677062,TOC - Frant TP Hut  (LSER),Frant Station,Frant,East Sussex,,,TN3 9BJ,,,1122,0,0,0,,,No,,,0,0,0,0,36,"Site Location - Frant Station
Site Access - Can only be read when booking Office is manned
Site Usage Notes - No Other Usage ?",2025-07-31 13:00:35.0000000,George.Murray@networkrail.co.uk,,Frant TP Hut-5677062,,,,,720003404,0,0,278,1185,0,0,0,113671,TTH,,Southern,Kent,Orpington,280,0,0,09-10-2025 09:02:24
20121,,4141885,Willesden (WH) - Lucy Cabinet 3 NTfT (ums),Willesden Junction Stn,,,,,NW10 4UY,,,1120,0,0,666,,No - Unmetered NTfT,Yes NTfT,Off Charge,UMS,0,0,0,0,5,,2025-03-04 17:32:23.0000000,Drew.Gallagher,,,,,,,1189413705,0,0,0,650,0,0,0,859031,LEC1,T,LNW,Euston,,280,0,0,09-10-2025 09:02:47
21443,,1018505,Lighting (Stop Block) < - Wrexham Central,Hill Street,,Wrexham,,,LL13 7LW,,,1123,0,19,683,,,,,,0,0,0,0,0,,2025-03-04 17:34:22.0000000,Drew.Gallagher,,,,,,,-382798011,0,0,278,200,0,0,0,891031,WDB1,,Wales & Western,Wales,Shrewsbury,280,53.04613,-2.997753,09-10-2025 09:02:49
3659,,2360162,SS - Ash Vale,Lakeside Road,Ash Vale,Aldershot,Hampshire,,GU12 5AA,,,1122,0,0,0,22/12/2014,Yes - Siemens AMR Phase 2,"882031 IMDM, Woking, Indirect",,11th September 2018,0,0,0,0,33,"HOW TO GET THERE
Site Location - Exit Ash Vale Station Approach Road turn left into Vale Road in approx 1 mile turn right into Lakeside Road under rail bridge straight over at roundabout track access gate on right just before second rail bridge.

METER LOCATION
The cabinet is the first one inside the access gate on the right - breeze block, wooden doors.

PARKING
Not immediately in front of gates as it is a narrow road - use verges nearby

NOTES
Site Access - 37 key for gate and CCC2 key for cabinet.
Site Usage Notes - Ash Vale No sub station& cabinet domestics
Opens on to Railway land but not near track
CT metering, three phase, 415v",2025-07-30 10:55:57.0000000,George.Murray@networkrail.co.uk,,Aldershot North Junction Relay Room-2360162,,,,,2064798542,0,0,278,877,3,8001,0,113671,PAA1,,Southern,Wessex,Inner,280,51.2597,-0.733074,09-10-2025 09:02:19
2402,,W2340532,Deal Street Depot (Manchester Vic MDU) (Water),Blackfriars Road,,Manchester,,,M3 7AG,,,1120,0,33,679,,,Yes,Delivery Units,31/03/2020 TSB,0,0,0,0,0,"Manchesterside of bridge on lhs in small alley way metal lid chamber
Site Access - Access from the pavement and walk round the wall to the the corner at the base of Blackfriars Bridge
meter readfing 6312 on 06/07/2023
.",2025-03-04 17:32:13.0000000,Drew.Gallagher,,Deal Street Depot (Manchester Vic MDU)-2340532,,,,,-1094684538,0,0,278,738,0,0,0,854031,MVE1,,LNW,North West,Manchester,280,0,0,09-10-2025 09:02:16
20225,,4141936,NTfT - Ashford Signalling (ums),End of access road off Hunter Avenue,,Ashford,,,TN24 0FW,,,1122,0,0,677,,No - Unmetered NTfT,Yes NTfT,,,0,0,0,0,56,,2025-07-30 10:55:37.0000000,George.Murray@networkrail.co.uk,,,,,,,-2040215727,0,0,278,960,3,0,0,113671,XTD,U,Southern,Kent,Ashford,280,0,0,09-10-2025 09:02:49
18917,*,7405897,Talacre Signal Box (Water),Station Road,Talacre,Holywell,Flintshire,,CH8 9RD,,,1092,0,0,0,,,Yes,,,0,0,0,0,201,,2017-04-06 10:15:10.8200000,Adam De-benedictis,,Talacre Signal Box (Water)-7405897,,,,,-1651284200,0,0,0,1680,0,0,0,891031,CNH3,,Wales,Shrewsbury,Chester-Llandudno,0,0,0,09-10-2025 09:02:47
5412,,3580003,Signalling Relay Room > + - Keyham,Saltash Road,Keyham,Plymouth,Devon,,PL2 2DQ,,,1123,0,22,0,17/04/2012,Yes - EDF Phase 1,"892031 IMDM, Plymouth, Indirect",,,0,0,0,0,249,"Site Location - Drive up Saltash Road until junc. with Admiralty Road.  station entrance immediately on right down slope.
Site Access - Special key required from Plymouth PSB to enter compound.
Site Usage Notes - Also supplies station (FGW) lights and announcer.",2025-03-04 17:34:37.0000000,Drew.Gallagher,,Keyham Relay Room-3580003,,,,,1734517073,0,0,278,836,3,892031,0,892031,MLN2,,Wales & Western,Western,West,280,50.39074,-4.179838,09-10-2025 09:02:24
9531,,1018501,"Signalling Supply Point + - Newtown ",Old Kerry Road,,Newtown,,,SY16 1BP,,,1123,0,5,683,12/11/2014,Yes - Siemens AMR Phase 2,"891031 IMDM, Shrewsbury, Indirect",,27/11/2012,0,0,0,0,47,"The location of the meter is within the meter room at Newtown Station, SY16 1BP.
Access Code for extrenal door is C3489X
ONTO NEWTOWN STATION PLATFORM, THROUGH CODED DOOR ON RIGHT AND THEN DOOR IMMEDIATELY RIGHT AGAIN",2025-03-04 17:34:39.0000000,Drew.Gallagher,,Newtown ERTMS-1018501,,,,,1878652511,0,0,278,1249,10,891031,0,891031,SBA2,,Wales & Western,Wales,Shrewsbury,280,52.51316,-3.311759,09-10-2025 09:02:35
3228,,E2351207,GSMR - Seton (0496B),A198 roadside,Seton Mains,Longniddry,,Scotland,EH32 0PG,,,1121,0,36,672,12/09/2014,Yes - Siemens AMR Phase 2,"860031 IMDM, Edinburgh, Indirect",,,0,0,0,0,10,"Site Location - A198 <east> from Prestonpans (signed Longniddry/North Berwick) to mast/REB conspicuous on r.h.s.
Site Access - direct from roadside
Site Usage Notes - 15kVA ASC",2025-03-04 17:32:32.0000000,Drew.Gallagher,Utilities Scotland <UtilitiesScotland@networkrail.co.uk>,Seton GSM-R 0496B-2351207,,,,,-149898256,0,0,278,1350,6,860031,0,860031,ECM8," ",Scotland's Railway - Scotland,Delivery Units,Edinburgh DU,280,0,0,09-10-2025 09:02:18
2382,,E2340508,Kirkdale Station Point Heating/ Telecoms REB,Marsh Street,Kirkdale,Liverpool,,,L20 2BL,,,1120,0,20,679,25/11/2012,Yes - SP metering (Dataserve),"852031 IMDM, Liverpool, Indirect",Delivery Units,24/03/2023 TSB,0,0,0,0,34,"Site Access - Access from Celia St  continue down the approach road and tun left nto the far end of the car park
Site Usage Notes - Telecomms - R.E.B.  -  Network  Rail
Unable to locate 24/03/2023",2025-03-04 17:31:29.0000000,Drew.Gallagher,,Kirkdale Station Point Heating-2340508,,,,,-428287019,0,0,278,260,5,852031,0,852031,SJO1,,LNW,North West,Liverpool,280,0,0,09-10-2025 09:02:16
5116,,G2893001,Dinting Signalbox & Station (Gas),Dinting Road,Glossop,Derbyshire,,,SK13 7EB,,,1120,0,35,667,12/07/2018,Yes utilitec,"Yes - IMDM, Manchester, Indirect",Delivery Units,12/07/2018 TSB,0,0,0,0,11,"through acces gate at top of station aproach road. CAUTION STEEP SLOPE POOR FOOTING INSIDE GATE
Site Usage Notes - Station Booking Office  - N.R, Station  House - Private Tennant     Sub-meter No. S180040
AMR Changed 12/07/2018
",2025-04-02 08:35:37.0000000,Terry Bleasdale,,Dinting Station (Gas)-2893001,,,,,457343446,0,0,278,1619,0,854031,0,854031,HAJ,,LNW,North West,Manchester,280,0,0,09-10-2025 09:02:21
17861,,4142042,CRH - Ashford Washer Road A CRH2 (05648-K-01),Ashford,,Kent,,,TN24 0HD,,,1122,0,0,677,,Yes - EMig Con Rail Sub Meter,Yes NTfT,,,0,0,0,0,56,,2025-07-31 13:00:09.0000000,George.Murray@networkrail.co.uk,,Ashford Washer Road A CRH2 (05648-K-01)-4142042,,,,,-909843322,0,0,278,1056,14,0,0,113671,ACR,U,Southern,Kent,Ashford,280,0,0,09-10-2025 09:02:44
21294,,2395023,Derby Remodelling Project Unit F (Electricity),Millennium Business Centre,"Millennium Way, Pride Park",Derby,,,DE24 8HZ,,,1117,0,0,667,,,,,,0,0,0,0,0,"From: Rheinberg Jack 
Sent: 06 December 2018 11:39
To: Energy Bureau <EnergyBureau@networkrail.co.uk>
Subject: CC Changes

Morning, Would it be possible to make the following cost centre changes within Energy Link:
•	Corby Project Unit (E & F) – 900031
•	Derby Remodelling Project Unit F – 901031
•	Swindon Materials Distribution Centre – 895031
•	Unknown Anglia – 821031
•	Unknown Scotland – 860031
•	Unknown Wessex – 881031
•	Unknown LNW – 852031
•	Hackpen Hanger L7 – 890031
•	Victoria Phase 2 Re-Signalling Project – 113658

Kind regards,
Jack Rheinberg

Nearest to SPC6 127m 843y however site is remote from railway on industrial estate, ELR is classed as LWA (remote site)
",2025-11-28 10:38:47.0000000,rob.dickinson@networkrail.co.uk,,,,,,,0,0,0,276,0,0,0,0,118619,LWA,,Eastern,East Midlands,Derby,280,0,0,29-11-2025 04:00:31
5538,,4133001,Level Crossing - Bertwyn,Carmarthen Bay Holiday Village,Kidwelly,Dyfed,,,SA17 5HQ,,,1123,0,8,683,01/07/2014,Yes - Siemens AMR Phase 2,"894031 IMDM, Cardiff, Indirect",,,0,0,0,0,235,"The DNO is located at the level crossing by Parkdean Resorts, Carmarthen Bay.

Directions - from Kidwelly (use postcode SA17 4UU) turn onto Ferry Road, then onto unnamed road (the left turning after Llys Afallon) and follow the unnamed road until you see the sign for Carmarthen Bay Holiday Park. Turn left here and follow the road to the level crossing. Limited space for parking, suggest to park in the holiday park and report to the holiday park reception.

Correct postcode for the DNO is SA17 5HQ but this covers such a big area, suggest to use SA17 4UU as above and follow those instructions.

Key - BRW
",2025-03-04 17:34:18.0000000,Drew.Gallagher,,Bertwyn Level Crossing-4133001,,,,,-385843125,0,0,278,1320,7,894031,0,894031,SWM2,,Wales & Western,Wales,Cardiff,280,51.73777,-4.348457,09-10-2025 09:02:24
21645,,4250015,Clapham Junction Station (Water),"Prested Road, St John’s Hill",Clapham,London,,,SW11 2QP,,,1122,0,0,0,,no,,,22nd June 2021,0,0,0,0,0,"HOW TO GET THERE
Meter pit is in Prested Road on the right in pavement.  Exit Clapham Junction Station at main entrance, plat 17 side, to St John's Hill, turn right.
Follow a short distance and turn right into Prested Rd.
The main meter is 99W024983 and the by-pass is 99A208907. NOTED this meter was replaced by Thames on 19/3/2021 - msn TBA  SPID is 3011820708W17

METER LOCATION
Pit on the right in pavement towards the end of Prested Rd, which is a cul-de-sac

NOTES
Quite a large pit - lift and slide.
Main and By-pass meters.
there are also 2 meters located on plat 17 in door way adj signal VC607, nos Main: 15778660 and a sub #1841437.  SPID is 3011778884W11 / S19.    The location references on the main page refer to the meter in Prested Rd and not the meter in Plat 17  but FGM to change this when it is seen which the biggest user is.

11/5/2021 From BusinesStream:-
Two meters removed were MSN: 99W024983 & 99A208907 these were replaced by the new one.  These 2 meters replaced on 19/3/2021by the number given below.
SPID:  3011820708W17
New MSN: 15740960


PARKING
Limited every where.  Some space in Prested Rd, some spaces at station front at St John's Hill (but you have to book in at station reception for this), or further afield in ASDA car park in Falcon Rd.",2025-03-04 17:33:51.0000000,Drew.Gallagher,ClaphamJunctionandGuildfordStations@networkrail.co.uk,Clapham Junction Station (Water),,,,,1935977510,0,0,278,112,0,0,0,113671,WLL,,Southern,Managed Station,Clapham Junction,280,51.46353,-0.169714,09-10-2025 09:02:49
21892,*,,30 Bath Road,Leeds,York,,,,LS11 9TY,,,1092,0,0,0,,,,,,0,0,0,0,0,,2019-12-18 11:31:50.0000000,Scott Tomsett,,,,,,,-2108484937,0,0,278,0,0,0,0,0,,,,,,280,0,0,09-10-2025 09:02:49
7613,,8185005,Falsgrave Signal Box,Scarborough Station,Westborough,Scarborough,North Yorkshire,,YO11 1TN,,,1117,0,0,674,01/05/2014,Yes - Siemens AMR Phase 2,"848031 IMDM, York, Indirect",,12/8/2015  RE,0,0,0,0,41,"Site access - from Pay&Display car park and along to 'Seamer end' of platform 1 - meter in double-sided s/steel kiosk at rear of disused SB
Site Usage Notes - Note: per site visit 12aug15, main isolator OFF and zero energy use since AMR (msn E11TE00955) installed on 1may14
Lock changed by Siemens 03/02/2014 (RC27) - walk along platform 300 yards to disused /former Falsgrave signal box meter located behind down steps beside bridge in steel cabinet

Comm's update 08/05/2018 (SPT) 

Hello Andrew 

Please can you close the following comm’s records23118 and 31099 these are Falsgrave Signal Box on Scarborough station, the box was mothballed as part of NR heritage and preservation program as part of the re-signalling move to the ROC’s. and this is on the sites that was mothballed under this program and as far as I remember all utilities are isolated in the box until NR or other find a use for the box. 

There please close out above comm’s records. 

I will add the above detail to all the records for the site. 

Stephen

",2025-03-04 17:30:47.0000000,Drew.Gallagher,,Falsgrave Signal Box-8185005,,,,,-579414405,0,0,278,1390,4,848031,0,118615,YMS,,Eastern,North & East,York,280,0,0,09-10-2025 09:02:30
1297,,2320466,Birmingham International Station ONCHARGE,Bickenhill Lane,Solihull,Birmingham,West Midlands,,B40 1PA,,,1120,0,0,667,,,No,On charge,02/11/2016 TSB,0,0,0,0,104,"Site Location - Follow the M6 to Junction No4 and turn onto the M42 South. Continue and turn onto the B4438 Road then follow the road and signs for direction to Birmingham International Station
Site Access - Report to the Station Manager and follow the authorised route to the switchroom. Access codes platform door 1964X Internal door 1965X
Site Usage Notes - Station Complex - West Coast Trains Ltd               BI41 Marston Green TSC , MSN - BI42 Point Heating BI45 Relay Room - Network Rail      
",2025-03-04 17:32:18.0000000,Drew.Gallagher,,Birmingham International Station-2320466,,,,,1173229827,0,0,0,1210,11,0,0,857031,RBS1,,LNW,Sandwell & Dudley,,280,0,0,09-10-2025 09:02:12
8384,,2330983,Sharnbrook GSM-R SITE 0220,Sharnbrook,Land Adj to Rail (Off Back Lane),Near Souldrop,Sharnbrook,Bedfordshire,MK44 1HQ,,,1117,0,0,666,24/10/2014,Yes - Siemens AMR Phase 2,"900031 IMDM, Bedford, Indirect",,,0,0,0,0,58,"From Bedford:
1. Head east on Horne Ln toward St Paul's Square 16 ft 
2. Continue onto St Paul's Square 374 ft 
3. Turn right at A6/High St 161 ft 
4. Slight right at St Paul's Square 0.1 mi 
5. Turn left at A6/Horne Ln 0.1 mi 
6. At Greyfriars, take the 3rd exit onto A6/River St 
Continue to follow A6
Go through 1 roundabout 0.6 mi 
7. At the roundabout, take the 1st exit onto A6/Clapham Rd 
Continue to follow A6
Go through 3 roundabouts 8.7 mi 
8. Turn left at Stocking Ln 0.6 mi 
9. Slight right at High St 0.1 mi 
10. Turn left to stay on High St 128 ft 
11. Turn left at Back Ln .04mi
12. Turn right.
After the right turning, meter cabinet is situated on the right approximately 30m down the lane.
",2025-03-04 17:30:27.0000000,Drew.Gallagher,,Sharnbrook GSM-R SITE 0220-2330983,,,,,-1625898587,0,0,278,757,6,900031,522000,118618,SPC2," ",Eastern,East Midlands,Bedford,0,0,0,09-10-2025 09:02:30
19868,,T4141652,Bushey BU B NTfT (ums),Adj. Bushey Station,Eastbury Road,Watford,Hertfordshire,,WD19 4PN,,,1120,0,0,666,,No - Unmetered NTfT,Yes NTfT,Supply,NTfT UMS,0,0,0,0,16,Shared with 2320044 and 4141652 NTfT,2025-03-04 17:32:07.0000000,Drew.Gallagher,,,,,,,740887138,0,0,278,50,0,0,0,859031,LEC1,T,LNW,Euston,,280,0,0,09-10-2025 09:02:47
